id,product_name,brand,sku,category,subcategory,product_url,price_raw,price_usd,unit_size,availability,description,specifications,image_url,image_urls,alternative_products,meta_keywords,object_id,on_offer,scraped_at,extraction_source
1,Surgifoam®,Ethicon,"PFPJK, 2580512, 258-0512, 2580524, 258-0524",Sutures & Surgical Products,Surgical medicaments and packing,https://www.safcodental.com/product/surgifoam-reg,$206.49,206.49,,In stock,"Sterile, water insoluble, malleable porcine gelatin absorbable sponge, intended for hemostatic use by applying to a bleeding surface.",,"https://www.safcodental.com/media/catalog/product/p/f/pfpjk.jpg?width=265&height=265&canvas=265,265&optimize=medium&fit=bounds","[""https://www.safcodental.com/media/catalog/product/p/f/pfpjk.jpg?width=265&height=265&canvas=265,265&optimize=medium&fit=bounds"", ""https://www.safcodental.com/media/catalog/product/p/f/pfpjk.jpg?width=75&height=75&canvas=75,75&optimize=medium&fit=bounds""]","[{""name"": ""CaviWipes regular 6\"" x 6-3/4\"" 160/can"", ""url"": ""https://www.safcodental.com/catalog/product/view/id/7330/s/caviwipes-regular-6-x-6-3-4-160-can/""}, {""name"": ""saliva ejectors clear body with blue tip 100/bag"", ""url"": ""https://www.safcodental.com/catalog/product/view/id/25393/s/saliva-ejectors-clear-body-with-blue-tip-100-bag/""}, {""name"": ""Safco lidocaine 2% and epinephrine 1:100,000 (red) 50/box"", ""url"": ""https://www.safcodental.com/catalog/product/view/id/61/s/safco-lidocaine-2-and-epinephrine-1-100-000-red-50-box/""}, {""name"": ""saliva ejectors white body with white tip 100/bag"", ""url"": ""https://www.safcodental.com/catalog/product/view/id/25396/s/saliva-ejectors-white-body-with-white-tip-100-bag/""}, {""name"": ""Safco DuraSoft latex gloves small 100/box"", ""url"": ""https://www.safcodental.com/catalog/product/view/id/50917/s/safco-durasoft-latex-gloves-small-100-box/""}, {""name"": ""Safco oral evacuators white 50/bag"", ""url"": ""https://www.safcodental.com/catalog/product/view/id/7198/s/safco-oral-evacuators-white-50-bag/""}, {""name"": ""Nitrilex Surpass nitrile gloves small 300/box"", ""url"": ""https://www.safcodental.com/catalog/product/view/id/56422/s/nitrilex-surpass-nitrile-gloves-small-300-box/""}, {""name"": ""Safco DuraSoft latex gloves medium 100/box"", ""url"": ""https://www.safcodental.com/catalog/product/view/id/50920/s/safco-durasoft-latex-gloves-medium-100-box/""}, {""name"": ""Pure 100% cotton non-woven sponges 2\"" x 2\"", sleeve of 200"", ""url"": ""https://www.safcodental.com/catalog/product/view/id/42178/s/pure-100-cotton-non-woven-sponges-2-x-2-sleeve-of-200/""}, {""name"": ""Nitrilex Surpass nitrile gloves medium 300/box"", ""url"": ""https://www.safcodental.com/catalog/product/view/id/56425/s/nitrilex-surpass-nitrile-gloves-medium-300-box/""}]","GELFOAM,1972,1969",100912,No,2026-04-30T04:35:36.824623+00:00,selectors
2,Regenafill™ Bone Graft Plug,Surgical Esthetics,"6130070, 6130072",Sutures & Surgical Products,Bone grafting tissue augmentation,https://www.safcodental.com/product/regenafill-sup-trade-sup-bone-graft-plug,$259.99,259.99,,In stock,"Composed of 80% carbonate phosphate based mineral with a carbonate apatite structure combined with 20% Type I Achilles bovine tendon collagen. This mineral is physically and chemically comparable to the mineralized matrix of human bone, which makes it an excellent choice for socket preservation. No membrane needed in most cases.",,"https://www.safcodental.com/media/catalog/product/p/f/pfwrl.jpg?width=265&height=265&canvas=265,265&optimize=medium&fit=bounds","[""https://www.safcodental.com/media/catalog/product/p/f/pfwrl.jpg?width=265&height=265&canvas=265,265&optimize=medium&fit=bounds"", ""https://www.safcodental.com/media/catalog/product/p/f/pfwrl.jpg?width=75&height=75&canvas=75,75&optimize=medium&fit=bounds""]","[{""name"": ""CaviWipes regular 6\"" x 6-3/4\"" 160/can"", ""url"": ""https://www.safcodental.com/catalog/product/view/id/7330/s/caviwipes-regular-6-x-6-3-4-160-can/""}, {""name"": ""saliva ejectors clear body with blue tip 100/bag"", ""url"": ""https://www.safcodental.com/catalog/product/view/id/25393/s/saliva-ejectors-clear-body-with-blue-tip-100-bag/""}, {""name"": ""Safco lidocaine 2% and epinephrine 1:100,000 (red) 50/box"", ""url"": ""https://www.safcodental.com/catalog/product/view/id/61/s/safco-lidocaine-2-and-epinephrine-1-100-000-red-50-box/""}, {""name"": ""saliva ejectors white body with white tip 100/bag"", ""url"": ""https://www.safcodental.com/catalog/product/view/id/25396/s/saliva-ejectors-white-body-with-white-tip-100-bag/""}, {""name"": ""Safco DuraSoft latex gloves small 100/box"", ""url"": ""https://www.safcodental.com/catalog/product/view/id/50917/s/safco-durasoft-latex-gloves-small-100-box/""}, {""name"": ""Safco oral evacuators white 50/bag"", ""url"": ""https://www.safcodental.com/catalog/product/view/id/7198/s/safco-oral-evacuators-white-50-bag/""}, {""name"": ""Nitrilex Surpass nitrile gloves small 300/box"", ""url"": ""https://www.safcodental.com/catalog/product/view/id/56422/s/nitrilex-surpass-nitrile-gloves-small-300-box/""}, {""name"": ""Safco DuraSoft latex gloves medium 100/box"", ""url"": ""https://www.safcodental.com/catalog/product/view/id/50920/s/safco-durasoft-latex-gloves-medium-100-box/""}, {""name"": ""Pure 100% cotton non-woven sponges 2\"" x 2\"", sleeve of 200"", ""url"": ""https://www.safcodental.com/catalog/product/view/id/42178/s/pure-100-cotton-non-woven-sponges-2-x-2-sleeve-of-200/""}, {""name"": ""Nitrilex Surpass nitrile gloves medium 300/box"", ""url"": ""https://www.safcodental.com/catalog/product/view/id/56425/s/nitrilex-surpass-nitrile-gloves-medium-300-box/""}]","RFP10X20,RFP6X25",100966,Yes,2026-04-30T04:35:42.078936+00:00,selectors
3,Ossify® Cortical Bone Sheet,Surgical Esthetics,"6130102, 6130104",Sutures & Surgical Products,Bone grafting tissue augmentation,https://www.safcodental.com/product/ossify-sup-reg-sup-cortical-bone-sheet,$149.49,149.49,,In stock,"Ossify Bone Sheet is 100% laminar cortical bone that has been demineralized, which makes it flexible allowing it to be contoured, molded and trimmed. This enables it to be used as a membrane and can be screwed, tacked or sutured into place. It can be placed alone or in combination with particulate allograft to regenerate larger defects. It comes pre-hydrated and ready to use.",,"https://www.safcodental.com/media/catalog/product/p/f/pfwrg.jpg?width=265&height=265&canvas=265,265&optimize=medium&fit=bounds","[""https://www.safcodental.com/media/catalog/product/p/f/pfwrg.jpg?width=265&height=265&canvas=265,265&optimize=medium&fit=bounds"", ""https://www.safcodental.com/media/catalog/product/p/f/pfwrg.jpg?width=75&height=75&canvas=75,75&optimize=medium&fit=bounds""]","[{""name"": ""CaviWipes regular 6\"" x 6-3/4\"" 160/can"", ""url"": ""https://www.safcodental.com/catalog/product/view/id/7330/s/caviwipes-regular-6-x-6-3-4-160-can/""}, {""name"": ""saliva ejectors clear body with blue tip 100/bag"", ""url"": ""https://www.safcodental.com/catalog/product/view/id/25393/s/saliva-ejectors-clear-body-with-blue-tip-100-bag/""}, {""name"": ""Safco lidocaine 2% and epinephrine 1:100,000 (red) 50/box"", ""url"": ""https://www.safcodental.com/catalog/product/view/id/61/s/safco-lidocaine-2-and-epinephrine-1-100-000-red-50-box/""}, {""name"": ""saliva ejectors white body with white tip 100/bag"", ""url"": ""https://www.safcodental.com/catalog/product/view/id/25396/s/saliva-ejectors-white-body-with-white-tip-100-bag/""}, {""name"": ""Safco DuraSoft latex gloves small 100/box"", ""url"": ""https://www.safcodental.com/catalog/product/view/id/50917/s/safco-durasoft-latex-gloves-small-100-box/""}, {""name"": ""Safco oral evacuators white 50/bag"", ""url"": ""https://www.safcodental.com/catalog/product/view/id/7198/s/safco-oral-evacuators-white-50-bag/""}, {""name"": ""Nitrilex Surpass nitrile gloves small 300/box"", ""url"": ""https://www.safcodental.com/catalog/product/view/id/56422/s/nitrilex-surpass-nitrile-gloves-small-300-box/""}, {""name"": ""Safco DuraSoft latex gloves medium 100/box"", ""url"": ""https://www.safcodental.com/catalog/product/view/id/50920/s/safco-durasoft-latex-gloves-medium-100-box/""}, {""name"": ""Pure 100% cotton non-woven sponges 2\"" x 2\"", sleeve of 200"", ""url"": ""https://www.safcodental.com/catalog/product/view/id/42178/s/pure-100-cotton-non-woven-sponges-2-x-2-sleeve-of-200/""}, {""name"": ""Nitrilex Surpass nitrile gloves medium 300/box"", ""url"": ""https://www.safcodental.com/catalog/product/view/id/56425/s/nitrilex-surpass-nitrile-gloves-medium-300-box/""}]","LBS15X20,LBS20X30",100963,Yes,2026-04-30T04:35:46.432849+00:00,selectors
4,Ossify® DBM Cortical Fiber Bone Graft,Surgical Esthetics,"6130089, 6130091, 6130093, 6130095, 6130097, 6130099",Sutures & Surgical Products,Bone grafting tissue augmentation,https://www.safcodental.com/product/ossify-sup-reg-sup-dbm-cortical-fiber-bone-graft,$121.49,121.49,,In stock,"Ossify DBM Fiber is a next generation bone allograft composed of interwoven demineralized cortical bone fibers. It is configured both by itself and with the addition of 1-1.5mm mineralized cancellous particles. This unique allograft provides an ideal scaffold for bone formation with its extremely high surface area and its optimum shape conforming properties, making it highly osteoconductive. In addition, it has great osteoinductive potential due to the specialized demineralized process. The graft hydrates very uniformly with PRP, blood or saline for maximum handling. It can be used in a variety of surgical applications, including socket grafting, GBR, sinus augmentation, and other bone grafting procedures.",,"https://www.safcodental.com/media/catalog/product/p/f/pfwrf.jpg?width=265&height=265&canvas=265,265&optimize=medium&fit=bounds","[""https://www.safcodental.com/media/catalog/product/p/f/pfwrf.jpg?width=265&height=265&canvas=265,265&optimize=medium&fit=bounds"", ""https://www.safcodental.com/media/catalog/product/p/f/pfwrf.jpg?width=75&height=75&canvas=75,75&optimize=medium&fit=bounds""]","[{""name"": ""CaviWipes regular 6\"" x 6-3/4\"" 160/can"", ""url"": ""https://www.safcodental.com/catalog/product/view/id/7330/s/caviwipes-regular-6-x-6-3-4-160-can/""}, {""name"": ""saliva ejectors clear body with blue tip 100/bag"", ""url"": ""https://www.safcodental.com/catalog/product/view/id/25393/s/saliva-ejectors-clear-body-with-blue-tip-100-bag/""}, {""name"": ""Safco lidocaine 2% and epinephrine 1:100,000 (red) 50/box"", ""url"": ""https://www.safcodental.com/catalog/product/view/id/61/s/safco-lidocaine-2-and-epinephrine-1-100-000-red-50-box/""}, {""name"": ""saliva ejectors white body with white tip 100/bag"", ""url"": ""https://www.safcodental.com/catalog/product/view/id/25396/s/saliva-ejectors-white-body-with-white-tip-100-bag/""}, {""name"": ""Safco DuraSoft latex gloves small 100/box"", ""url"": ""https://www.safcodental.com/catalog/product/view/id/50917/s/safco-durasoft-latex-gloves-small-100-box/""}, {""name"": ""Safco oral evacuators white 50/bag"", ""url"": ""https://www.safcodental.com/catalog/product/view/id/7198/s/safco-oral-evacuators-white-50-bag/""}, {""name"": ""Nitrilex Surpass nitrile gloves small 300/box"", ""url"": ""https://www.safcodental.com/catalog/product/view/id/56422/s/nitrilex-surpass-nitrile-gloves-small-300-box/""}, {""name"": ""Safco DuraSoft latex gloves medium 100/box"", ""url"": ""https://www.safcodental.com/catalog/product/view/id/50920/s/safco-durasoft-latex-gloves-medium-100-box/""}, {""name"": ""Pure 100% cotton non-woven sponges 2\"" x 2\"", sleeve of 200"", ""url"": ""https://www.safcodental.com/catalog/product/view/id/42178/s/pure-100-cotton-non-woven-sponges-2-x-2-sleeve-of-200/""}, {""name"": ""Nitrilex Surpass nitrile gloves medium 300/box"", ""url"": ""https://www.safcodental.com/catalog/product/view/id/56425/s/nitrilex-surpass-nitrile-gloves-medium-300-box/""}]","CF-028050,CF-028100,CF-028250,CF-029050,CF-029100,CF-029250",100960,Yes,2026-04-30T04:35:50.764143+00:00,selectors
5,Ossify® Min/Demin Cortical Cancellous Bone Graft,Surgical Esthetics,"5130082, 5130084, 6130080",Sutures & Surgical Products,Bone grafting tissue augmentation,https://www.safcodental.com/product/ossify-sup-reg-sup-min-demin-cortical-cancellous-bone-graft,$79.99,79.99,,In stock,"Ossify Min/Demin Cortical Cancellous Bone Allograft is a versatile, all-in-one bone graft designed to promote optimal bone regeneration across a wide range of clinical applications. Composed of a 50/50 blend of cortical and cancellous bone, the graft features 30% demineralized bone, leaving 70% of the material mineralized. This unique formulation enhances both osteoconductive and osteoinductive properties, supporting superior bone healing. Suitable for a variety of bone regeneration procedures, including socket grafting, ridge preservation, guided bone regeneration (GBR), and sinus augmentation. 0.5 – 1.0mm particle size.",,"https://www.safcodental.com/media/catalog/product/p/f/pfwre.jpg?width=265&height=265&canvas=265,265&optimize=medium&fit=bounds","[""https://www.safcodental.com/media/catalog/product/p/f/pfwre.jpg?width=265&height=265&canvas=265,265&optimize=medium&fit=bounds"", ""https://www.safcodental.com/media/catalog/product/p/f/pfwre.jpg?width=75&height=75&canvas=75,75&optimize=medium&fit=bounds""]","[{""name"": ""CaviWipes regular 6\"" x 6-3/4\"" 160/can"", ""url"": ""https://www.safcodental.com/catalog/product/view/id/7330/s/caviwipes-regular-6-x-6-3-4-160-can/""}, {""name"": ""saliva ejectors clear body with blue tip 100/bag"", ""url"": ""https://www.safcodental.com/catalog/product/view/id/25393/s/saliva-ejectors-clear-body-with-blue-tip-100-bag/""}, {""name"": ""Safco lidocaine 2% and epinephrine 1:100,000 (red) 50/box"", ""url"": ""https://www.safcodental.com/catalog/product/view/id/61/s/safco-lidocaine-2-and-epinephrine-1-100-000-red-50-box/""}, {""name"": ""saliva ejectors white body with white tip 100/bag"", ""url"": ""https://www.safcodental.com/catalog/product/view/id/25396/s/saliva-ejectors-white-body-with-white-tip-100-bag/""}, {""name"": ""Safco DuraSoft latex gloves small 100/box"", ""url"": ""https://www.safcodental.com/catalog/product/view/id/50917/s/safco-durasoft-latex-gloves-small-100-box/""}, {""name"": ""Safco oral evacuators white 50/bag"", ""url"": ""https://www.safcodental.com/catalog/product/view/id/7198/s/safco-oral-evacuators-white-50-bag/""}, {""name"": ""Nitrilex Surpass nitrile gloves small 300/box"", ""url"": ""https://www.safcodental.com/catalog/product/view/id/56422/s/nitrilex-surpass-nitrile-gloves-small-300-box/""}, {""name"": ""Safco DuraSoft latex gloves medium 100/box"", ""url"": ""https://www.safcodental.com/catalog/product/view/id/50920/s/safco-durasoft-latex-gloves-medium-100-box/""}, {""name"": ""Pure 100% cotton non-woven sponges 2\"" x 2\"", sleeve of 200"", ""url"": ""https://www.safcodental.com/catalog/product/view/id/42178/s/pure-100-cotton-non-woven-sponges-2-x-2-sleeve-of-200/""}, {""name"": ""Nitrilex Surpass nitrile gloves medium 300/box"", ""url"": ""https://www.safcodental.com/catalog/product/view/id/56425/s/nitrilex-surpass-nitrile-gloves-medium-300-box/""}]","BG-017100,BG-017200,BG-017050",100957,Yes,2026-04-30T04:35:55.069230+00:00,selectors
6,OSSIF-i sem™,Surgical Esthetics,"PFWRD, 6130001, 613-0001, 6130003, 613-0003, 6130005, 613-0005, 6130007, 613-0007, 6130009, 613-0009, 6130011, 613-0011, 6130012, 613-0012, 6130013, 613-0013, 6130015, 613-0015, 6130017, 613-0017, 6130019, 613-0019, 6130021, 613-0021, 6130023, 613-0023, 6130025, 613-0025, 6130027, 613-0027, 6130029, 613-0029, 6130031, 613-0031, 6130033, 613-0033",Sutures & Surgical Products,Bone grafting tissue augmentation,https://www.safcodental.com/product/ossif-i-sem-trade,$41.49,41.49,,In stock,"Mineralized cancellous bone allograft Ideal for filling periodontal defects, extraction sockets, apicoectomy and root-resection. Can be used in conjunction with placement of dental implants. Double-sterile packaged jars can be taken directly to the sterile surgical site; material does not need to be transferred to another container.",,"https://www.safcodental.com/media/catalog/product/p/f/pfwrd.jpg?width=265&height=265&canvas=265,265&optimize=medium&fit=bounds","[""https://www.safcodental.com/media/catalog/product/p/f/pfwrd.jpg?width=265&height=265&canvas=265,265&optimize=medium&fit=bounds"", ""https://www.safcodental.com/media/catalog/product/p/f/pfwrd.jpg?width=75&height=75&canvas=75,75&optimize=medium&fit=bounds""]","[{""name"": ""CaviWipes regular 6\"" x 6-3/4\"" 160/can"", ""url"": ""https://www.safcodental.com/catalog/product/view/id/7330/s/caviwipes-regular-6-x-6-3-4-160-can/""}, {""name"": ""saliva ejectors clear body with blue tip 100/bag"", ""url"": ""https://www.safcodental.com/catalog/product/view/id/25393/s/saliva-ejectors-clear-body-with-blue-tip-100-bag/""}, {""name"": ""Safco lidocaine 2% and epinephrine 1:100,000 (red) 50/box"", ""url"": ""https://www.safcodental.com/catalog/product/view/id/61/s/safco-lidocaine-2-and-epinephrine-1-100-000-red-50-box/""}, {""name"": ""saliva ejectors white body with white tip 100/bag"", ""url"": ""https://www.safcodental.com/catalog/product/view/id/25396/s/saliva-ejectors-white-body-with-white-tip-100-bag/""}, {""name"": ""Safco DuraSoft latex gloves small 100/box"", ""url"": ""https://www.safcodental.com/catalog/product/view/id/50917/s/safco-durasoft-latex-gloves-small-100-box/""}, {""name"": ""Safco oral evacuators white 50/bag"", ""url"": ""https://www.safcodental.com/catalog/product/view/id/7198/s/safco-oral-evacuators-white-50-bag/""}, {""name"": ""Nitrilex Surpass nitrile gloves small 300/box"", ""url"": ""https://www.safcodental.com/catalog/product/view/id/56422/s/nitrilex-surpass-nitrile-gloves-small-300-box/""}, {""name"": ""Safco DuraSoft latex gloves medium 100/box"", ""url"": ""https://www.safcodental.com/catalog/product/view/id/50920/s/safco-durasoft-latex-gloves-medium-100-box/""}, {""name"": ""Pure 100% cotton non-woven sponges 2\"" x 2\"", sleeve of 200"", ""url"": ""https://www.safcodental.com/catalog/product/view/id/42178/s/pure-100-cotton-non-woven-sponges-2-x-2-sleeve-of-200/""}, {""name"": ""Nitrilex Surpass nitrile gloves medium 300/box"", ""url"": ""https://www.safcodental.com/catalog/product/view/id/56425/s/nitrilex-surpass-nitrile-gloves-medium-300-box/""}]","BONE,BONEGRAFT,GRAFT,BG-010050,BG-010100,BG-010200,BG-011050,BG-011100,BG-011200,BONEGRAFT,BG-012025,BG-012050,BG-012100,BG-012200,BG-013050,BG-013100,BG-013200,BG-014050,BG-014100,BG-014200,BG-024010,BG-024020",100954,Yes,2026-04-30T04:35:59.388174+00:00,selectors
7,Foundation™,J. Morita,"PFWEG, 3430614, 343-0614, 3430626, 343-0626, 3430635, 343-0635",Sutures & Surgical Products,Bone grafting tissue augmentation,https://www.safcodental.com/product/foundation-trade,$409.49,409.49,,In stock,"A collagen-based bone augmentation material that is placed into the socket immediately following an extraction to provide support for implants, bridges, and dentures.",,"https://www.safcodental.com/media/catalog/product/p/f/pfweg.jpg?width=265&height=265&canvas=265,265&optimize=medium&fit=bounds","[""https://www.safcodental.com/media/catalog/product/p/f/pfweg.jpg?width=265&height=265&canvas=265,265&optimize=medium&fit=bounds"", ""https://www.safcodental.com/media/catalog/product/p/f/pfweg.jpg?width=75&height=75&canvas=75,75&optimize=medium&fit=bounds""]","[{""name"": ""CaviWipes regular 6\"" x 6-3/4\"" 160/can"", ""url"": ""https://www.safcodental.com/catalog/product/view/id/7330/s/caviwipes-regular-6-x-6-3-4-160-can/""}, {""name"": ""saliva ejectors clear body with blue tip 100/bag"", ""url"": ""https://www.safcodental.com/catalog/product/view/id/25393/s/saliva-ejectors-clear-body-with-blue-tip-100-bag/""}, {""name"": ""Safco lidocaine 2% and epinephrine 1:100,000 (red) 50/box"", ""url"": ""https://www.safcodental.com/catalog/product/view/id/61/s/safco-lidocaine-2-and-epinephrine-1-100-000-red-50-box/""}, {""name"": ""saliva ejectors white body with white tip 100/bag"", ""url"": ""https://www.safcodental.com/catalog/product/view/id/25396/s/saliva-ejectors-white-body-with-white-tip-100-bag/""}, {""name"": ""Safco DuraSoft latex gloves small 100/box"", ""url"": ""https://www.safcodental.com/catalog/product/view/id/50917/s/safco-durasoft-latex-gloves-small-100-box/""}, {""name"": ""Safco oral evacuators white 50/bag"", ""url"": ""https://www.safcodental.com/catalog/product/view/id/7198/s/safco-oral-evacuators-white-50-bag/""}, {""name"": ""Nitrilex Surpass nitrile gloves small 300/box"", ""url"": ""https://www.safcodental.com/catalog/product/view/id/56422/s/nitrilex-surpass-nitrile-gloves-small-300-box/""}, {""name"": ""Safco DuraSoft latex gloves medium 100/box"", ""url"": ""https://www.safcodental.com/catalog/product/view/id/50920/s/safco-durasoft-latex-gloves-medium-100-box/""}, {""name"": ""Pure 100% cotton non-woven sponges 2\"" x 2\"", sleeve of 200"", ""url"": ""https://www.safcodental.com/catalog/product/view/id/42178/s/pure-100-cotton-non-woven-sponges-2-x-2-sleeve-of-200/""}, {""name"": ""Nitrilex Surpass nitrile gloves medium 300/box"", ""url"": ""https://www.safcodental.com/catalog/product/view/id/56425/s/nitrilex-surpass-nitrile-gloves-medium-300-box/""}]","BONE,COLLAGEN,GRAFT,MEMBRANE,27-500100,27-500200,27-500150",100936,Yes,2026-04-30T04:36:03.728424+00:00,selectors
8,"OraSoothe® ""SOCKIT"" Gel",Septodont,5690102,Sutures & Surgical Products,Surgical medicaments and packing,https://www.safcodental.com/product/orasoothe-reg-sockit-gel,$8.99,8.99,,In stock,"Hydrogel dressing treats intraoral wounds and lesions. Provides fast, continuous pain relief without numbing. Protects from chemical and microbial contamination and promotes optimal healing.Contains no drugs, and has no toxicity or contraindications. Safe if swallowed. Individual 10g syringes are ideal for both in-office and take-home use. FDA approved.",,"https://www.safcodental.com/media/catalog/product/p/f/pfpgh.jpg?width=265&height=265&canvas=265,265&optimize=medium&fit=bounds","[""https://www.safcodental.com/media/catalog/product/p/f/pfpgh.jpg?width=265&height=265&canvas=265,265&optimize=medium&fit=bounds"", ""https://www.safcodental.com/media/catalog/product/p/f/pfpgh.jpg?width=75&height=75&canvas=75,75&optimize=medium&fit=bounds""]","[{""name"": ""CaviWipes regular 6\"" x 6-3/4\"" 160/can"", ""url"": ""https://www.safcodental.com/catalog/product/view/id/7330/s/caviwipes-regular-6-x-6-3-4-160-can/""}, {""name"": ""saliva ejectors clear body with blue tip 100/bag"", ""url"": ""https://www.safcodental.com/catalog/product/view/id/25393/s/saliva-ejectors-clear-body-with-blue-tip-100-bag/""}, {""name"": ""Safco lidocaine 2% and epinephrine 1:100,000 (red) 50/box"", ""url"": ""https://www.safcodental.com/catalog/product/view/id/61/s/safco-lidocaine-2-and-epinephrine-1-100-000-red-50-box/""}, {""name"": ""saliva ejectors white body with white tip 100/bag"", ""url"": ""https://www.safcodental.com/catalog/product/view/id/25396/s/saliva-ejectors-white-body-with-white-tip-100-bag/""}, {""name"": ""Safco DuraSoft latex gloves small 100/box"", ""url"": ""https://www.safcodental.com/catalog/product/view/id/50917/s/safco-durasoft-latex-gloves-small-100-box/""}, {""name"": ""Safco oral evacuators white 50/bag"", ""url"": ""https://www.safcodental.com/catalog/product/view/id/7198/s/safco-oral-evacuators-white-50-bag/""}, {""name"": ""Nitrilex Surpass nitrile gloves small 300/box"", ""url"": ""https://www.safcodental.com/catalog/product/view/id/56422/s/nitrilex-surpass-nitrile-gloves-small-300-box/""}, {""name"": ""Safco DuraSoft latex gloves medium 100/box"", ""url"": ""https://www.safcodental.com/catalog/product/view/id/50920/s/safco-durasoft-latex-gloves-medium-100-box/""}, {""name"": ""Pure 100% cotton non-woven sponges 2\"" x 2\"", sleeve of 200"", ""url"": ""https://www.safcodental.com/catalog/product/view/id/42178/s/pure-100-cotton-non-woven-sponges-2-x-2-sleeve-of-200/""}, {""name"": ""Nitrilex Surpass nitrile gloves medium 300/box"", ""url"": ""https://www.safcodental.com/catalog/product/view/id/56425/s/nitrilex-surpass-nitrile-gloves-medium-300-box/""}]","Dry Socket,01S0630,Dry Socket,HELIPLUG,IT,SOCK,01S0600,01S0610",100906,Yes,2026-04-30T04:36:08.049977+00:00,selectors
9,Perma Sharp® sutures,Hu-Friedy,"3920173, 3920252, 3920253, 3920601, 3920603, 3920605, 3920607, 3920611, 3920613, 3920615, 3920617, 3920619, 3920621, 3920623, 3920625, 3920627, 3920629, 3920631, 3920633, 3920639, 3920640, 3920643, 3920658, 3920662, 3920668, 3928950, 3928953, 3928954, 3928955, 3928956, 3928957, 3928958, 3930044, 3930045, 3930046, 3930047, 3930135, 3930136, 3930137, 3930138, 3930139, 3930140, 3930141, 3930142, 3930143, 3930144, 3930145, 3930237",Sutures & Surgical Products,Sutures,https://www.safcodental.com/product/perma-sharp-reg-sutures,$70.99,70.99,,In stock,"Suture needles are made from Series 300 Stainless Steel, the ideal alloy for dental sutures. This alloy allows a very fine point geometry, stays sharp throughout the suturing procedure and is less likely to bend and more resistant to breakage. In addition, the needles have a high-polished finish for a smoother penetration. For Perma Sharp® Sutures Chart along with additional information, click here.",,"https://www.safcodental.com/media/catalog/product/p/f/pfedb.jpg?width=265&height=265&canvas=265,265&optimize=medium&fit=bounds","[""https://www.safcodental.com/media/catalog/product/p/f/pfedb.jpg?width=265&height=265&canvas=265,265&optimize=medium&fit=bounds"", ""https://www.safcodental.com/media/catalog/product/p/f/pfedb.jpg?width=75&height=75&canvas=75,75&optimize=medium&fit=bounds""]","[{""name"": ""CaviWipes regular 6\"" x 6-3/4\"" 160/can"", ""url"": ""https://www.safcodental.com/catalog/product/view/id/7330/s/caviwipes-regular-6-x-6-3-4-160-can/""}, {""name"": ""saliva ejectors clear body with blue tip 100/bag"", ""url"": ""https://www.safcodental.com/catalog/product/view/id/25393/s/saliva-ejectors-clear-body-with-blue-tip-100-bag/""}, {""name"": ""Safco lidocaine 2% and epinephrine 1:100,000 (red) 50/box"", ""url"": ""https://www.safcodental.com/catalog/product/view/id/61/s/safco-lidocaine-2-and-epinephrine-1-100-000-red-50-box/""}, {""name"": ""saliva ejectors white body with white tip 100/bag"", ""url"": ""https://www.safcodental.com/catalog/product/view/id/25396/s/saliva-ejectors-white-body-with-white-tip-100-bag/""}, {""name"": ""Safco DuraSoft latex gloves small 100/box"", ""url"": ""https://www.safcodental.com/catalog/product/view/id/50917/s/safco-durasoft-latex-gloves-small-100-box/""}, {""name"": ""Safco oral evacuators white 50/bag"", ""url"": ""https://www.safcodental.com/catalog/product/view/id/7198/s/safco-oral-evacuators-white-50-bag/""}, {""name"": ""Nitrilex Surpass nitrile gloves small 300/box"", ""url"": ""https://www.safcodental.com/catalog/product/view/id/56422/s/nitrilex-surpass-nitrile-gloves-small-300-box/""}, {""name"": ""Safco DuraSoft latex gloves medium 100/box"", ""url"": ""https://www.safcodental.com/catalog/product/view/id/50920/s/safco-durasoft-latex-gloves-medium-100-box/""}, {""name"": ""Pure 100% cotton non-woven sponges 2\"" x 2\"", sleeve of 200"", ""url"": ""https://www.safcodental.com/catalog/product/view/id/42178/s/pure-100-cotton-non-woven-sponges-2-x-2-sleeve-of-200/""}, {""name"": ""Nitrilex Surpass nitrile gloves medium 300/box"", ""url"": ""https://www.safcodental.com/catalog/product/view/id/56425/s/nitrilex-surpass-nitrile-gloves-medium-300-box/""}]","PSNH820A,PSN535FA,PSN530FA,PSN1816C,PSN1654C,PSN641S,PSN686A,PSN7762S,PSN7772S,PSNH822A,PSN636C,PSN683S,PSN7771A,PSNH821A,PSN635C,PSN392V,PSN684S,PSN612A,PSN632S,PSN8696P,PSN682S,PSNH810A,PSN640S,PSN687C,PSN8695P,PSN8384P,PSN393V,PSN397V,PSN8698P,PSN634C,PSN493V,PSN422V,PSN385C,PSN388V,PSN8660P,PSNU202C,PSN1644A,PSN387V,PSN492V,PSN631S,PSN661N,PSN681S,PSN734S,PSN8614P,PSN8661P,PSN8683P,PSN870S,PSN421V",100819,Yes,2026-04-30T04:36:12.434159+00:00,selectors
10,Safco SureStitch™ sutures,Safco,"PFEMN, 1025801, 102-5801, 1025807, 102-5807, 1025811, 102-5811, 1025815, 102-5815, 1025822, 102-5822, 1025829, 102-5829, 1025833, 102-5833, 1025847, 102-5847, 1025859, 102-5859, 1025861, 102-5861, 1025865, 102-5865, 1025870, 102-5870, 1025875, 102-5875, 1025879, 102-5879, 1025885, 102-5885",Sutures & Surgical Products,Sutures,https://www.safcodental.com/product/safco-surestitch-trade-sutures,$29.49,29.49,,In stock,"Extra sharp cutting edges on the needle reduce tissue drag and produce a precise, smooth penetration with minimal trauma. Needle channel is fitted to the specific size of the suture material. Excellent handling and tying characteristics. Reverse cutting.",,"https://www.safcodental.com/media/catalog/product/p/f/pfemn.jpg?width=265&height=265&canvas=265,265&optimize=medium&fit=bounds","[""https://www.safcodental.com/media/catalog/product/p/f/pfemn.jpg?width=265&height=265&canvas=265,265&optimize=medium&fit=bounds"", ""https://www.safcodental.com/media/catalog/product/p/f/pfemn.jpg?width=75&height=75&canvas=75,75&optimize=medium&fit=bounds""]","[{""name"": ""CaviWipes regular 6\"" x 6-3/4\"" 160/can"", ""url"": ""https://www.safcodental.com/catalog/product/view/id/7330/s/caviwipes-regular-6-x-6-3-4-160-can/""}, {""name"": ""saliva ejectors clear body with blue tip 100/bag"", ""url"": ""https://www.safcodental.com/catalog/product/view/id/25393/s/saliva-ejectors-clear-body-with-blue-tip-100-bag/""}, {""name"": ""Safco lidocaine 2% and epinephrine 1:100,000 (red) 50/box"", ""url"": ""https://www.safcodental.com/catalog/product/view/id/61/s/safco-lidocaine-2-and-epinephrine-1-100-000-red-50-box/""}, {""name"": ""saliva ejectors white body with white tip 100/bag"", ""url"": ""https://www.safcodental.com/catalog/product/view/id/25396/s/saliva-ejectors-white-body-with-white-tip-100-bag/""}, {""name"": ""Safco DuraSoft latex gloves small 100/box"", ""url"": ""https://www.safcodental.com/catalog/product/view/id/50917/s/safco-durasoft-latex-gloves-small-100-box/""}, {""name"": ""Safco oral evacuators white 50/bag"", ""url"": ""https://www.safcodental.com/catalog/product/view/id/7198/s/safco-oral-evacuators-white-50-bag/""}, {""name"": ""Nitrilex Surpass nitrile gloves small 300/box"", ""url"": ""https://www.safcodental.com/catalog/product/view/id/56422/s/nitrilex-surpass-nitrile-gloves-small-300-box/""}, {""name"": ""Safco DuraSoft latex gloves medium 100/box"", ""url"": ""https://www.safcodental.com/catalog/product/view/id/50920/s/safco-durasoft-latex-gloves-medium-100-box/""}, {""name"": ""Pure 100% cotton non-woven sponges 2\"" x 2\"", sleeve of 200"", ""url"": ""https://www.safcodental.com/catalog/product/view/id/42178/s/pure-100-cotton-non-woven-sponges-2-x-2-sleeve-of-200/""}, {""name"": ""Nitrilex Surpass nitrile gloves medium 300/box"", ""url"": ""https://www.safcodental.com/catalog/product/view/id/56425/s/nitrilex-surpass-nitrile-gloves-medium-300-box/""}]","102-5801,102-5807,102-5811,102-5815,102-5822,102-5829,102-5833,102-5847,102-5859,102-5861,102-5865,102-5870,102-5875,102-5879,102-5885",100831,No,2026-04-30T04:36:16.837368+00:00,selectors
11,HeliPlug®,Integra Miltex,"PFWQW, 3274301, 327-4301",Sutures & Surgical Products,Bone grafting tissue augmentation,https://www.safcodental.com/product/heliplug-reg,$145.49,145.49,,In stock,Hemostatic absorbable collagen material derived from bovine tendon. Promotes tissue growth by providing a scaffold-like structure. Its cylindrical shape is ideal for extraction and biopsy sites. Indicated for application to moist or bleeding oral wounds created during dental surgery to control bleeding and protect the surface of the wound from further injury. Absorbs within 10 to 14 days.,,"https://www.safcodental.com/media/catalog/product/p/f/pfwqw.jpg?width=265&height=265&canvas=265,265&optimize=medium&fit=bounds","[""https://www.safcodental.com/media/catalog/product/p/f/pfwqw.jpg?width=265&height=265&canvas=265,265&optimize=medium&fit=bounds"", ""https://www.safcodental.com/media/catalog/product/p/f/pfwqw.jpg?width=75&height=75&canvas=75,75&optimize=medium&fit=bounds""]","[{""name"": ""CaviWipes regular 6\"" x 6-3/4\"" 160/can"", ""url"": ""https://www.safcodental.com/catalog/product/view/id/7330/s/caviwipes-regular-6-x-6-3-4-160-can/""}, {""name"": ""saliva ejectors clear body with blue tip 100/bag"", ""url"": ""https://www.safcodental.com/catalog/product/view/id/25393/s/saliva-ejectors-clear-body-with-blue-tip-100-bag/""}, {""name"": ""Safco lidocaine 2% and epinephrine 1:100,000 (red) 50/box"", ""url"": ""https://www.safcodental.com/catalog/product/view/id/61/s/safco-lidocaine-2-and-epinephrine-1-100-000-red-50-box/""}, {""name"": ""saliva ejectors white body with white tip 100/bag"", ""url"": ""https://www.safcodental.com/catalog/product/view/id/25396/s/saliva-ejectors-white-body-with-white-tip-100-bag/""}, {""name"": ""Safco DuraSoft latex gloves small 100/box"", ""url"": ""https://www.safcodental.com/catalog/product/view/id/50917/s/safco-durasoft-latex-gloves-small-100-box/""}, {""name"": ""Safco oral evacuators white 50/bag"", ""url"": ""https://www.safcodental.com/catalog/product/view/id/7198/s/safco-oral-evacuators-white-50-bag/""}, {""name"": ""Nitrilex Surpass nitrile gloves small 300/box"", ""url"": ""https://www.safcodental.com/catalog/product/view/id/56422/s/nitrilex-surpass-nitrile-gloves-small-300-box/""}, {""name"": ""Safco DuraSoft latex gloves medium 100/box"", ""url"": ""https://www.safcodental.com/catalog/product/view/id/50920/s/safco-durasoft-latex-gloves-medium-100-box/""}, {""name"": ""Pure 100% cotton non-woven sponges 2\"" x 2\"", sleeve of 200"", ""url"": ""https://www.safcodental.com/catalog/product/view/id/42178/s/pure-100-cotton-non-woven-sponges-2-x-2-sleeve-of-200/""}, {""name"": ""Nitrilex Surpass nitrile gloves medium 300/box"", ""url"": ""https://www.safcodental.com/catalog/product/view/id/56425/s/nitrilex-surpass-nitrile-gloves-medium-300-box/""}]","BONE,COLLAGEN,GRAFT,HELI,MEMBRANE,PLUG,62-202",100948,No,2026-04-30T04:36:22.763395+00:00,selectors
12,HealiAid® Collagen,Surgical Esthetics,"PFWQM, 6130060, 613-0060, 6130063, 613-0063",Sutures & Surgical Products,Bone grafting tissue augmentation,https://www.safcodental.com/product/healiaid-reg-strong-nbsp-strong-collagen,$106.99,106.99,,In stock,"White, porous, pliable and absorbable collagen wound dressing. Common uses: Extraction socket graft coverage. Hemostasis. 3rd molar extractions. Soft tissue repair. Free-gingival graft donor sites. Features and benefits: Highly purified Type I bovine collagen. High density for added resilience. Easily trimmed according to clinical needs. Fully absorbable. Can easily be shaped by hand. Individually packaged and sterile.",,"https://www.safcodental.com/media/catalog/product/p/f/pfwqm.jpg?width=265&height=265&canvas=265,265&optimize=medium&fit=bounds","[""https://www.safcodental.com/media/catalog/product/p/f/pfwqm.jpg?width=265&height=265&canvas=265,265&optimize=medium&fit=bounds"", ""https://www.safcodental.com/media/catalog/product/p/f/pfwqm.jpg?width=75&height=75&canvas=75,75&optimize=medium&fit=bounds""]","[{""name"": ""CaviWipes regular 6\"" x 6-3/4\"" 160/can"", ""url"": ""https://www.safcodental.com/catalog/product/view/id/7330/s/caviwipes-regular-6-x-6-3-4-160-can/""}, {""name"": ""saliva ejectors clear body with blue tip 100/bag"", ""url"": ""https://www.safcodental.com/catalog/product/view/id/25393/s/saliva-ejectors-clear-body-with-blue-tip-100-bag/""}, {""name"": ""Safco lidocaine 2% and epinephrine 1:100,000 (red) 50/box"", ""url"": ""https://www.safcodental.com/catalog/product/view/id/61/s/safco-lidocaine-2-and-epinephrine-1-100-000-red-50-box/""}, {""name"": ""saliva ejectors white body with white tip 100/bag"", ""url"": ""https://www.safcodental.com/catalog/product/view/id/25396/s/saliva-ejectors-white-body-with-white-tip-100-bag/""}, {""name"": ""Safco DuraSoft latex gloves small 100/box"", ""url"": ""https://www.safcodental.com/catalog/product/view/id/50917/s/safco-durasoft-latex-gloves-small-100-box/""}, {""name"": ""Safco oral evacuators white 50/bag"", ""url"": ""https://www.safcodental.com/catalog/product/view/id/7198/s/safco-oral-evacuators-white-50-bag/""}, {""name"": ""Nitrilex Surpass nitrile gloves small 300/box"", ""url"": ""https://www.safcodental.com/catalog/product/view/id/56422/s/nitrilex-surpass-nitrile-gloves-small-300-box/""}, {""name"": ""Safco DuraSoft latex gloves medium 100/box"", ""url"": ""https://www.safcodental.com/catalog/product/view/id/50920/s/safco-durasoft-latex-gloves-medium-100-box/""}, {""name"": ""Pure 100% cotton non-woven sponges 2\"" x 2\"", sleeve of 200"", ""url"": ""https://www.safcodental.com/catalog/product/view/id/42178/s/pure-100-cotton-non-woven-sponges-2-x-2-sleeve-of-200/""}, {""name"": ""Nitrilex Surpass nitrile gloves medium 300/box"", ""url"": ""https://www.safcodental.com/catalog/product/view/id/56425/s/nitrilex-surpass-nitrile-gloves-medium-300-box/""}]","COLLAGEN,MEMBRANE,HACOLLP,HACOLLPL",100942,No,2026-04-30T04:36:26.989688+00:00,selectors
13,HemoStat™,Medicom,"PFPFT, 3152001, 315-2001",Sutures & Surgical Products,Surgical medicaments and packing,https://www.safcodental.com/product/hemostat-sup-trade-sup,$118.49,118.49,,In stock,Topical hemostatic dressing in the form of a sterile fabric prepared by the chemical treatment of regenerated cellulose. Provides safe and effective control of bleeding for extractions and periodontal surgery.,,"https://www.safcodental.com/media/catalog/product/p/f/pfpft.jpg?width=265&height=265&canvas=265,265&optimize=medium&fit=bounds","[""https://www.safcodental.com/media/catalog/product/p/f/pfpft.jpg?width=265&height=265&canvas=265,265&optimize=medium&fit=bounds"", ""https://www.safcodental.com/media/catalog/product/p/f/pfpft.jpg?width=75&height=75&canvas=75,75&optimize=medium&fit=bounds""]","[{""name"": ""CaviWipes regular 6\"" x 6-3/4\"" 160/can"", ""url"": ""https://www.safcodental.com/catalog/product/view/id/7330/s/caviwipes-regular-6-x-6-3-4-160-can/""}, {""name"": ""saliva ejectors clear body with blue tip 100/bag"", ""url"": ""https://www.safcodental.com/catalog/product/view/id/25393/s/saliva-ejectors-clear-body-with-blue-tip-100-bag/""}, {""name"": ""Safco lidocaine 2% and epinephrine 1:100,000 (red) 50/box"", ""url"": ""https://www.safcodental.com/catalog/product/view/id/61/s/safco-lidocaine-2-and-epinephrine-1-100-000-red-50-box/""}, {""name"": ""saliva ejectors white body with white tip 100/bag"", ""url"": ""https://www.safcodental.com/catalog/product/view/id/25396/s/saliva-ejectors-white-body-with-white-tip-100-bag/""}, {""name"": ""Safco DuraSoft latex gloves small 100/box"", ""url"": ""https://www.safcodental.com/catalog/product/view/id/50917/s/safco-durasoft-latex-gloves-small-100-box/""}, {""name"": ""Safco oral evacuators white 50/bag"", ""url"": ""https://www.safcodental.com/catalog/product/view/id/7198/s/safco-oral-evacuators-white-50-bag/""}, {""name"": ""Nitrilex Surpass nitrile gloves small 300/box"", ""url"": ""https://www.safcodental.com/catalog/product/view/id/56422/s/nitrilex-surpass-nitrile-gloves-small-300-box/""}, {""name"": ""Safco DuraSoft latex gloves medium 100/box"", ""url"": ""https://www.safcodental.com/catalog/product/view/id/50920/s/safco-durasoft-latex-gloves-medium-100-box/""}, {""name"": ""Pure 100% cotton non-woven sponges 2\"" x 2\"", sleeve of 200"", ""url"": ""https://www.safcodental.com/catalog/product/view/id/42178/s/pure-100-cotton-non-woven-sponges-2-x-2-sleeve-of-200/""}, {""name"": ""Nitrilex Surpass nitrile gloves medium 300/box"", ""url"": ""https://www.safcodental.com/catalog/product/view/id/56425/s/nitrilex-surpass-nitrile-gloves-medium-300-box/""}]",4900-STAT,100903,No,2026-04-30T04:36:32.274877+00:00,selectors
14,Soft Tissue Trimmer,Kerr Rotary,"4605716, 4605738",Sutures & Surgical Products,Surgical blades and scalpels,https://www.safcodental.com/product/soft-tissue-trimmer,$134.99,134.99,,In stock,FG bur designed for soft tissue surgery. Can be used as an alternative to electrosurgery and surgical blades; functions as a rotating scalpel for soft tissue that promotes coagulation for minimal bleeding. Biocompatible hard oxide point cuts tissue without burning. Autoclavable.,,"https://www.safcodental.com/media/catalog/product/p/f/pflwh.jpg?width=265&height=265&canvas=265,265&optimize=medium&fit=bounds","[""https://www.safcodental.com/media/catalog/product/p/f/pflwh.jpg?width=265&height=265&canvas=265,265&optimize=medium&fit=bounds"", ""https://www.safcodental.com/media/catalog/product/p/f/pflwh.jpg?width=75&height=75&canvas=75,75&optimize=medium&fit=bounds""]","[{""name"": ""CaviWipes regular 6\"" x 6-3/4\"" 160/can"", ""url"": ""https://www.safcodental.com/catalog/product/view/id/7330/s/caviwipes-regular-6-x-6-3-4-160-can/""}, {""name"": ""saliva ejectors clear body with blue tip 100/bag"", ""url"": ""https://www.safcodental.com/catalog/product/view/id/25393/s/saliva-ejectors-clear-body-with-blue-tip-100-bag/""}, {""name"": ""Safco lidocaine 2% and epinephrine 1:100,000 (red) 50/box"", ""url"": ""https://www.safcodental.com/catalog/product/view/id/61/s/safco-lidocaine-2-and-epinephrine-1-100-000-red-50-box/""}, {""name"": ""saliva ejectors white body with white tip 100/bag"", ""url"": ""https://www.safcodental.com/catalog/product/view/id/25396/s/saliva-ejectors-white-body-with-white-tip-100-bag/""}, {""name"": ""Safco DuraSoft latex gloves small 100/box"", ""url"": ""https://www.safcodental.com/catalog/product/view/id/50917/s/safco-durasoft-latex-gloves-small-100-box/""}, {""name"": ""Safco oral evacuators white 50/bag"", ""url"": ""https://www.safcodental.com/catalog/product/view/id/7198/s/safco-oral-evacuators-white-50-bag/""}, {""name"": ""Nitrilex Surpass nitrile gloves small 300/box"", ""url"": ""https://www.safcodental.com/catalog/product/view/id/56422/s/nitrilex-surpass-nitrile-gloves-small-300-box/""}, {""name"": ""Safco DuraSoft latex gloves medium 100/box"", ""url"": ""https://www.safcodental.com/catalog/product/view/id/50920/s/safco-durasoft-latex-gloves-medium-100-box/""}, {""name"": ""Pure 100% cotton non-woven sponges 2\"" x 2\"", sleeve of 200"", ""url"": ""https://www.safcodental.com/catalog/product/view/id/42178/s/pure-100-cotton-non-woven-sponges-2-x-2-sleeve-of-200/""}, {""name"": ""Nitrilex Surpass nitrile gloves medium 300/box"", ""url"": ""https://www.safcodental.com/catalog/product/view/id/56425/s/nitrilex-surpass-nitrile-gloves-medium-300-box/""}]","STT-016,STTL-016",100873,No,2026-04-30T04:36:36.584133+00:00,selectors
15,Feather® Microsurgical Blades,J. Morita,"PFLVV, 3435243, 343-5243, 3435263, 343-5263, 3435264, 343-5264, 3435265, 343-5265",Sutures & Surgical Products,Surgical blades and scalpels,https://www.safcodental.com/product/feather-sup-reg-nbsp-sup-microsurgical-blades,$89.99,89.99,,In stock,Advanced instrument system of interchangeable blades and handles.,,"https://www.safcodental.com/media/catalog/product/p/f/pflvv.jpg?width=265&height=265&canvas=265,265&optimize=medium&fit=bounds","[""https://www.safcodental.com/media/catalog/product/p/f/pflvv.jpg?width=265&height=265&canvas=265,265&optimize=medium&fit=bounds"", ""https://www.safcodental.com/media/catalog/product/p/f/pflvv.jpg?width=75&height=75&canvas=75,75&optimize=medium&fit=bounds""]","[{""name"": ""CaviWipes regular 6\"" x 6-3/4\"" 160/can"", ""url"": ""https://www.safcodental.com/catalog/product/view/id/7330/s/caviwipes-regular-6-x-6-3-4-160-can/""}, {""name"": ""saliva ejectors clear body with blue tip 100/bag"", ""url"": ""https://www.safcodental.com/catalog/product/view/id/25393/s/saliva-ejectors-clear-body-with-blue-tip-100-bag/""}, {""name"": ""Safco lidocaine 2% and epinephrine 1:100,000 (red) 50/box"", ""url"": ""https://www.safcodental.com/catalog/product/view/id/61/s/safco-lidocaine-2-and-epinephrine-1-100-000-red-50-box/""}, {""name"": ""saliva ejectors white body with white tip 100/bag"", ""url"": ""https://www.safcodental.com/catalog/product/view/id/25396/s/saliva-ejectors-white-body-with-white-tip-100-bag/""}, {""name"": ""Safco DuraSoft latex gloves small 100/box"", ""url"": ""https://www.safcodental.com/catalog/product/view/id/50917/s/safco-durasoft-latex-gloves-small-100-box/""}, {""name"": ""Safco oral evacuators white 50/bag"", ""url"": ""https://www.safcodental.com/catalog/product/view/id/7198/s/safco-oral-evacuators-white-50-bag/""}, {""name"": ""Nitrilex Surpass nitrile gloves small 300/box"", ""url"": ""https://www.safcodental.com/catalog/product/view/id/56422/s/nitrilex-surpass-nitrile-gloves-small-300-box/""}, {""name"": ""Safco DuraSoft latex gloves medium 100/box"", ""url"": ""https://www.safcodental.com/catalog/product/view/id/50920/s/safco-durasoft-latex-gloves-medium-100-box/""}, {""name"": ""Pure 100% cotton non-woven sponges 2\"" x 2\"", sleeve of 200"", ""url"": ""https://www.safcodental.com/catalog/product/view/id/42178/s/pure-100-cotton-non-woven-sponges-2-x-2-sleeve-of-200/""}, {""name"": ""Nitrilex Surpass nitrile gloves medium 300/box"", ""url"": ""https://www.safcodental.com/catalog/product/view/id/56425/s/nitrilex-surpass-nitrile-gloves-medium-300-box/""}]","27-07971007,27-07970007,27-07972007,27-07973007",100867,No,2026-04-30T04:36:40.927855+00:00,selectors
16,Sterile water for injection - B Braun,B Braun,"5102502, 5102504, 5102506, 5102508",Sutures & Surgical Products,IV fluids and administration sets,https://www.safcodental.com/product/sterile-water-for-injection-b-braun,$80.99,80.99,,In stock,"Due to supply chain disruptions, we are unable to accept backorders until the item is back in stock.",,"https://www.safcodental.com/media/catalog/product/p/f/pfxkq.jpg?width=265&height=265&canvas=265,265&optimize=medium&fit=bounds","[""https://www.safcodental.com/media/catalog/product/p/f/pfxkq.jpg?width=265&height=265&canvas=265,265&optimize=medium&fit=bounds"", ""https://www.safcodental.com/media/catalog/product/p/f/pfxkq.jpg?width=75&height=75&canvas=75,75&optimize=medium&fit=bounds""]","[{""name"": ""CaviWipes regular 6\"" x 6-3/4\"" 160/can"", ""url"": ""https://www.safcodental.com/catalog/product/view/id/7330/s/caviwipes-regular-6-x-6-3-4-160-can/""}, {""name"": ""saliva ejectors clear body with blue tip 100/bag"", ""url"": ""https://www.safcodental.com/catalog/product/view/id/25393/s/saliva-ejectors-clear-body-with-blue-tip-100-bag/""}, {""name"": ""Safco lidocaine 2% and epinephrine 1:100,000 (red) 50/box"", ""url"": ""https://www.safcodental.com/catalog/product/view/id/61/s/safco-lidocaine-2-and-epinephrine-1-100-000-red-50-box/""}, {""name"": ""saliva ejectors white body with white tip 100/bag"", ""url"": ""https://www.safcodental.com/catalog/product/view/id/25396/s/saliva-ejectors-white-body-with-white-tip-100-bag/""}, {""name"": ""Safco DuraSoft latex gloves small 100/box"", ""url"": ""https://www.safcodental.com/catalog/product/view/id/50917/s/safco-durasoft-latex-gloves-small-100-box/""}, {""name"": ""Safco oral evacuators white 50/bag"", ""url"": ""https://www.safcodental.com/catalog/product/view/id/7198/s/safco-oral-evacuators-white-50-bag/""}, {""name"": ""Nitrilex Surpass nitrile gloves small 300/box"", ""url"": ""https://www.safcodental.com/catalog/product/view/id/56422/s/nitrilex-surpass-nitrile-gloves-small-300-box/""}, {""name"": ""Safco DuraSoft latex gloves medium 100/box"", ""url"": ""https://www.safcodental.com/catalog/product/view/id/50920/s/safco-durasoft-latex-gloves-medium-100-box/""}, {""name"": ""Pure 100% cotton non-woven sponges 2\"" x 2\"", sleeve of 200"", ""url"": ""https://www.safcodental.com/catalog/product/view/id/42178/s/pure-100-cotton-non-woven-sponges-2-x-2-sleeve-of-200/""}, {""name"": ""Nitrilex Surpass nitrile gloves medium 300/box"", ""url"": ""https://www.safcodental.com/catalog/product/view/id/56425/s/nitrilex-surpass-nitrile-gloves-medium-300-box/""}]","FLUID,IV,L8502,L8501-01,L8500,S8506",100990,,2026-04-30T04:36:45.321346+00:00,selectors
17,Sodium chloride 0.9% for injection - Baxter,Baxter Healthcare,"5102410, 5102412, 5102414, 5102416",Sutures & Surgical Products,IV fluids and administration sets,https://www.safcodental.com/product/sodium-chloride-0-9-for-injection-baxter,$73.99,73.99,,In stock,"Due to supply chain disruptions, we are unable to accept backorders until the item is back in stock.",,"https://www.safcodental.com/media/catalog/product/p/f/pfxhk.jpg?width=265&height=265&canvas=265,265&optimize=medium&fit=bounds","[""https://www.safcodental.com/media/catalog/product/p/f/pfxhk.jpg?width=265&height=265&canvas=265,265&optimize=medium&fit=bounds"", ""https://www.safcodental.com/media/catalog/product/p/f/pfxhk.jpg?width=75&height=75&canvas=75,75&optimize=medium&fit=bounds""]","[{""name"": ""CaviWipes regular 6\"" x 6-3/4\"" 160/can"", ""url"": ""https://www.safcodental.com/catalog/product/view/id/7330/s/caviwipes-regular-6-x-6-3-4-160-can/""}, {""name"": ""saliva ejectors clear body with blue tip 100/bag"", ""url"": ""https://www.safcodental.com/catalog/product/view/id/25393/s/saliva-ejectors-clear-body-with-blue-tip-100-bag/""}, {""name"": ""Safco lidocaine 2% and epinephrine 1:100,000 (red) 50/box"", ""url"": ""https://www.safcodental.com/catalog/product/view/id/61/s/safco-lidocaine-2-and-epinephrine-1-100-000-red-50-box/""}, {""name"": ""saliva ejectors white body with white tip 100/bag"", ""url"": ""https://www.safcodental.com/catalog/product/view/id/25396/s/saliva-ejectors-white-body-with-white-tip-100-bag/""}, {""name"": ""Safco DuraSoft latex gloves small 100/box"", ""url"": ""https://www.safcodental.com/catalog/product/view/id/50917/s/safco-durasoft-latex-gloves-small-100-box/""}, {""name"": ""Safco oral evacuators white 50/bag"", ""url"": ""https://www.safcodental.com/catalog/product/view/id/7198/s/safco-oral-evacuators-white-50-bag/""}, {""name"": ""Nitrilex Surpass nitrile gloves small 300/box"", ""url"": ""https://www.safcodental.com/catalog/product/view/id/56422/s/nitrilex-surpass-nitrile-gloves-small-300-box/""}, {""name"": ""Safco DuraSoft latex gloves medium 100/box"", ""url"": ""https://www.safcodental.com/catalog/product/view/id/50920/s/safco-durasoft-latex-gloves-medium-100-box/""}, {""name"": ""Pure 100% cotton non-woven sponges 2\"" x 2\"", sleeve of 200"", ""url"": ""https://www.safcodental.com/catalog/product/view/id/42178/s/pure-100-cotton-non-woven-sponges-2-x-2-sleeve-of-200/""}, {""name"": ""Nitrilex Surpass nitrile gloves medium 300/box"", ""url"": ""https://www.safcodental.com/catalog/product/view/id/56425/s/nitrilex-surpass-nitrile-gloves-medium-300-box/""}]","ISOTONIC,SALINE,STERILE,2B1309,2B1322Q,2B1323Q,2B1324X",100987,,2026-04-30T04:36:49.672202+00:00,selectors
18,Sodium chloride 0.9% for injection - B Braun,B Braun,"5102401, 5102403, 5102405",Sutures & Surgical Products,IV fluids and administration sets,https://www.safcodental.com/product/sodium-chloride-0-9-for-injection-b-braun,$63.29,63.29,,In stock,"Due to supply chain disruptions, we are unable to accept backorders until the item is back in stock.",,"https://www.safcodental.com/media/catalog/product/p/f/pfxhj.jpg?width=265&height=265&canvas=265,265&optimize=medium&fit=bounds","[""https://www.safcodental.com/media/catalog/product/p/f/pfxhj.jpg?width=265&height=265&canvas=265,265&optimize=medium&fit=bounds"", ""https://www.safcodental.com/media/catalog/product/p/f/pfxhj.jpg?width=75&height=75&canvas=75,75&optimize=medium&fit=bounds""]","[{""name"": ""CaviWipes regular 6\"" x 6-3/4\"" 160/can"", ""url"": ""https://www.safcodental.com/catalog/product/view/id/7330/s/caviwipes-regular-6-x-6-3-4-160-can/""}, {""name"": ""saliva ejectors clear body with blue tip 100/bag"", ""url"": ""https://www.safcodental.com/catalog/product/view/id/25393/s/saliva-ejectors-clear-body-with-blue-tip-100-bag/""}, {""name"": ""Safco lidocaine 2% and epinephrine 1:100,000 (red) 50/box"", ""url"": ""https://www.safcodental.com/catalog/product/view/id/61/s/safco-lidocaine-2-and-epinephrine-1-100-000-red-50-box/""}, {""name"": ""saliva ejectors white body with white tip 100/bag"", ""url"": ""https://www.safcodental.com/catalog/product/view/id/25396/s/saliva-ejectors-white-body-with-white-tip-100-bag/""}, {""name"": ""Safco DuraSoft latex gloves small 100/box"", ""url"": ""https://www.safcodental.com/catalog/product/view/id/50917/s/safco-durasoft-latex-gloves-small-100-box/""}, {""name"": ""Safco oral evacuators white 50/bag"", ""url"": ""https://www.safcodental.com/catalog/product/view/id/7198/s/safco-oral-evacuators-white-50-bag/""}, {""name"": ""Nitrilex Surpass nitrile gloves small 300/box"", ""url"": ""https://www.safcodental.com/catalog/product/view/id/56422/s/nitrilex-surpass-nitrile-gloves-small-300-box/""}, {""name"": ""Safco DuraSoft latex gloves medium 100/box"", ""url"": ""https://www.safcodental.com/catalog/product/view/id/50920/s/safco-durasoft-latex-gloves-medium-100-box/""}, {""name"": ""Pure 100% cotton non-woven sponges 2\"" x 2\"", sleeve of 200"", ""url"": ""https://www.safcodental.com/catalog/product/view/id/42178/s/pure-100-cotton-non-woven-sponges-2-x-2-sleeve-of-200/""}, {""name"": ""Nitrilex Surpass nitrile gloves medium 300/box"", ""url"": ""https://www.safcodental.com/catalog/product/view/id/56425/s/nitrilex-surpass-nitrile-gloves-medium-300-box/""}]","FLUID,ISOTONIC,IV,NORMAL,SALINE,STERILE,L8002,Q8001,Q8000",100984,,2026-04-30T04:36:54.978257+00:00,selectors
19,Lactated Ringer's,B Braun,"PFXER, 5102302, 510-2302, 5102305, 510-2305",Sutures & Surgical Products,IV fluids and administration sets,https://www.safcodental.com/product/lactated-ringer-s,$70.49,70.49,,In stock,"Due to supply chain disruptions, we are unable to accept backorders until the item is back in stock.",,"https://www.safcodental.com/media/catalog/product/p/f/pfxer.jpg?width=265&height=265&canvas=265,265&optimize=medium&fit=bounds","[""https://www.safcodental.com/media/catalog/product/p/f/pfxer.jpg?width=265&height=265&canvas=265,265&optimize=medium&fit=bounds"", ""https://www.safcodental.com/media/catalog/product/p/f/pfxer.jpg?width=75&height=75&canvas=75,75&optimize=medium&fit=bounds""]","[{""name"": ""CaviWipes regular 6\"" x 6-3/4\"" 160/can"", ""url"": ""https://www.safcodental.com/catalog/product/view/id/7330/s/caviwipes-regular-6-x-6-3-4-160-can/""}, {""name"": ""saliva ejectors clear body with blue tip 100/bag"", ""url"": ""https://www.safcodental.com/catalog/product/view/id/25393/s/saliva-ejectors-clear-body-with-blue-tip-100-bag/""}, {""name"": ""Safco lidocaine 2% and epinephrine 1:100,000 (red) 50/box"", ""url"": ""https://www.safcodental.com/catalog/product/view/id/61/s/safco-lidocaine-2-and-epinephrine-1-100-000-red-50-box/""}, {""name"": ""saliva ejectors white body with white tip 100/bag"", ""url"": ""https://www.safcodental.com/catalog/product/view/id/25396/s/saliva-ejectors-white-body-with-white-tip-100-bag/""}, {""name"": ""Safco DuraSoft latex gloves small 100/box"", ""url"": ""https://www.safcodental.com/catalog/product/view/id/50917/s/safco-durasoft-latex-gloves-small-100-box/""}, {""name"": ""Safco oral evacuators white 50/bag"", ""url"": ""https://www.safcodental.com/catalog/product/view/id/7198/s/safco-oral-evacuators-white-50-bag/""}, {""name"": ""Nitrilex Surpass nitrile gloves small 300/box"", ""url"": ""https://www.safcodental.com/catalog/product/view/id/56422/s/nitrilex-surpass-nitrile-gloves-small-300-box/""}, {""name"": ""Safco DuraSoft latex gloves medium 100/box"", ""url"": ""https://www.safcodental.com/catalog/product/view/id/50920/s/safco-durasoft-latex-gloves-medium-100-box/""}, {""name"": ""Pure 100% cotton non-woven sponges 2\"" x 2\"", sleeve of 200"", ""url"": ""https://www.safcodental.com/catalog/product/view/id/42178/s/pure-100-cotton-non-woven-sponges-2-x-2-sleeve-of-200/""}, {""name"": ""Nitrilex Surpass nitrile gloves medium 300/box"", ""url"": ""https://www.safcodental.com/catalog/product/view/id/56425/s/nitrilex-surpass-nitrile-gloves-medium-300-box/""}]","FLUID,IV,L7501,L7500",100981,,2026-04-30T04:37:00.195915+00:00,selectors
20,IV administration sets,B Braun,"PFXCT, 5102206, 510-2206, 5102207, 510-2207, 5102208, 510-2208",Sutures & Surgical Products,IV fluids and administration sets,https://www.safcodental.com/product/iv-administration-sets,$174.29,174.29,,In stock,"SafeDay IV administration sets are indicated for 24-hour use. Components are not made with DEHP, latex or natural rubber. Sterile packaging permits direct placement of set on sterile field. Cost-effective needle-free access ports are designed to provide an effective barrier against microbial contamination.",,"https://www.safcodental.com/media/catalog/product/p/f/pfxct.jpg?width=265&height=265&canvas=265,265&optimize=medium&fit=bounds","[""https://www.safcodental.com/media/catalog/product/p/f/pfxct.jpg?width=265&height=265&canvas=265,265&optimize=medium&fit=bounds"", ""https://www.safcodental.com/media/catalog/product/p/f/pfxct.jpg?width=75&height=75&canvas=75,75&optimize=medium&fit=bounds""]","[{""name"": ""CaviWipes regular 6\"" x 6-3/4\"" 160/can"", ""url"": ""https://www.safcodental.com/catalog/product/view/id/7330/s/caviwipes-regular-6-x-6-3-4-160-can/""}, {""name"": ""saliva ejectors clear body with blue tip 100/bag"", ""url"": ""https://www.safcodental.com/catalog/product/view/id/25393/s/saliva-ejectors-clear-body-with-blue-tip-100-bag/""}, {""name"": ""Safco lidocaine 2% and epinephrine 1:100,000 (red) 50/box"", ""url"": ""https://www.safcodental.com/catalog/product/view/id/61/s/safco-lidocaine-2-and-epinephrine-1-100-000-red-50-box/""}, {""name"": ""saliva ejectors white body with white tip 100/bag"", ""url"": ""https://www.safcodental.com/catalog/product/view/id/25396/s/saliva-ejectors-white-body-with-white-tip-100-bag/""}, {""name"": ""Safco DuraSoft latex gloves small 100/box"", ""url"": ""https://www.safcodental.com/catalog/product/view/id/50917/s/safco-durasoft-latex-gloves-small-100-box/""}, {""name"": ""Safco oral evacuators white 50/bag"", ""url"": ""https://www.safcodental.com/catalog/product/view/id/7198/s/safco-oral-evacuators-white-50-bag/""}, {""name"": ""Nitrilex Surpass nitrile gloves small 300/box"", ""url"": ""https://www.safcodental.com/catalog/product/view/id/56422/s/nitrilex-surpass-nitrile-gloves-small-300-box/""}, {""name"": ""Safco DuraSoft latex gloves medium 100/box"", ""url"": ""https://www.safcodental.com/catalog/product/view/id/50920/s/safco-durasoft-latex-gloves-medium-100-box/""}, {""name"": ""Pure 100% cotton non-woven sponges 2\"" x 2\"", sleeve of 200"", ""url"": ""https://www.safcodental.com/catalog/product/view/id/42178/s/pure-100-cotton-non-woven-sponges-2-x-2-sleeve-of-200/""}, {""name"": ""Nitrilex Surpass nitrile gloves medium 300/box"", ""url"": ""https://www.safcodental.com/catalog/product/view/id/56425/s/nitrilex-surpass-nitrile-gloves-medium-300-box/""}]","352641,352646,352630",100978,,2026-04-30T04:37:05.595134+00:00,selectors
21,DentalProX VeraGraft™ Dental Powder,DentalProX,"PFWVG, 3257147, 325-7147, 3257148, 325-7148, 3257149, 325-7149, 3257150, 325-7150, 3257151, 325-7151, 3257152, 325-7152, 3257153, 325-7153, 3257154, 325-7154, 3257155, 325-7155, 3257156, 325-7156, 3257157, 325-7157, 3257158, 325-7158, 3257159, 325-7159",Sutures & Surgical Products,Bone grafting tissue augmentation,https://www.safcodental.com/product/dentalprox-veragraft-trade-dental-powder,$28.99,28.99,,In stock,"Safe alternative to an autograft with no need for a second surgical site Osteoconductive Used for volumetric enhancement, space maintenance, and faster remodeling Sterile ground dental powder is available in cortical, cancellous and a cortical/cancellous mix. Validated to a sterility assurance level (SAL) of 10(-6) in accordance with ISO 11137-2 Method 1.",,"https://www.safcodental.com/media/catalog/product/p/f/pfwvg.jpg?width=265&height=265&canvas=265,265&optimize=medium&fit=bounds","[""https://www.safcodental.com/media/catalog/product/p/f/pfwvg.jpg?width=265&height=265&canvas=265,265&optimize=medium&fit=bounds"", ""https://www.safcodental.com/media/catalog/product/p/f/pfwvg.jpg?width=75&height=75&canvas=75,75&optimize=medium&fit=bounds""]","[{""name"": ""CaviWipes regular 6\"" x 6-3/4\"" 160/can"", ""url"": ""https://www.safcodental.com/catalog/product/view/id/7330/s/caviwipes-regular-6-x-6-3-4-160-can/""}, {""name"": ""saliva ejectors clear body with blue tip 100/bag"", ""url"": ""https://www.safcodental.com/catalog/product/view/id/25393/s/saliva-ejectors-clear-body-with-blue-tip-100-bag/""}, {""name"": ""Safco lidocaine 2% and epinephrine 1:100,000 (red) 50/box"", ""url"": ""https://www.safcodental.com/catalog/product/view/id/61/s/safco-lidocaine-2-and-epinephrine-1-100-000-red-50-box/""}, {""name"": ""saliva ejectors white body with white tip 100/bag"", ""url"": ""https://www.safcodental.com/catalog/product/view/id/25396/s/saliva-ejectors-white-body-with-white-tip-100-bag/""}, {""name"": ""Safco DuraSoft latex gloves small 100/box"", ""url"": ""https://www.safcodental.com/catalog/product/view/id/50917/s/safco-durasoft-latex-gloves-small-100-box/""}, {""name"": ""Safco oral evacuators white 50/bag"", ""url"": ""https://www.safcodental.com/catalog/product/view/id/7198/s/safco-oral-evacuators-white-50-bag/""}, {""name"": ""Nitrilex Surpass nitrile gloves small 300/box"", ""url"": ""https://www.safcodental.com/catalog/product/view/id/56422/s/nitrilex-surpass-nitrile-gloves-small-300-box/""}, {""name"": ""Safco DuraSoft latex gloves medium 100/box"", ""url"": ""https://www.safcodental.com/catalog/product/view/id/50920/s/safco-durasoft-latex-gloves-medium-100-box/""}, {""name"": ""Pure 100% cotton non-woven sponges 2\"" x 2\"", sleeve of 200"", ""url"": ""https://www.safcodental.com/catalog/product/view/id/42178/s/pure-100-cotton-non-woven-sponges-2-x-2-sleeve-of-200/""}, {""name"": ""Nitrilex Surpass nitrile gloves medium 300/box"", ""url"": ""https://www.safcodental.com/catalog/product/view/id/56425/s/nitrilex-surpass-nitrile-gloves-medium-300-box/""}]","5V25100,5V25250,5V25500,5V25025,5V25050,4V25100,4V25200,4V25250,4V25025,4V25050,VF25070,VF25100,VF25250",100975,,2026-04-30T04:37:11.221389+00:00,selectors
22,R.T.R. Membrane,Septodont,"3541630, 3541632",Sutures & Surgical Products,Bone grafting tissue augmentation,https://www.safcodental.com/product/r-t-r-membrane,$104.49,104.49,,In stock,"Biocompatible Type I bovine Achilles tendon collagen. The absorbable, implantable material creates a barrier to protect PDL development from fast growing tissues. Supports wound stabilization and allows essential nutrients to pass through.",,"https://www.safcodental.com/media/catalog/product/p/f/pfwrx.jpg?width=265&height=265&canvas=265,265&optimize=medium&fit=bounds","[""https://www.safcodental.com/media/catalog/product/p/f/pfwrx.jpg?width=265&height=265&canvas=265,265&optimize=medium&fit=bounds"", ""https://www.safcodental.com/media/catalog/product/p/f/pfwrx.jpg?width=75&height=75&canvas=75,75&optimize=medium&fit=bounds""]","[{""name"": ""CaviWipes regular 6\"" x 6-3/4\"" 160/can"", ""url"": ""https://www.safcodental.com/catalog/product/view/id/7330/s/caviwipes-regular-6-x-6-3-4-160-can/""}, {""name"": ""saliva ejectors clear body with blue tip 100/bag"", ""url"": ""https://www.safcodental.com/catalog/product/view/id/25393/s/saliva-ejectors-clear-body-with-blue-tip-100-bag/""}, {""name"": ""Safco lidocaine 2% and epinephrine 1:100,000 (red) 50/box"", ""url"": ""https://www.safcodental.com/catalog/product/view/id/61/s/safco-lidocaine-2-and-epinephrine-1-100-000-red-50-box/""}, {""name"": ""saliva ejectors white body with white tip 100/bag"", ""url"": ""https://www.safcodental.com/catalog/product/view/id/25396/s/saliva-ejectors-white-body-with-white-tip-100-bag/""}, {""name"": ""Safco DuraSoft latex gloves small 100/box"", ""url"": ""https://www.safcodental.com/catalog/product/view/id/50917/s/safco-durasoft-latex-gloves-small-100-box/""}, {""name"": ""Safco oral evacuators white 50/bag"", ""url"": ""https://www.safcodental.com/catalog/product/view/id/7198/s/safco-oral-evacuators-white-50-bag/""}, {""name"": ""Nitrilex Surpass nitrile gloves small 300/box"", ""url"": ""https://www.safcodental.com/catalog/product/view/id/56422/s/nitrilex-surpass-nitrile-gloves-small-300-box/""}, {""name"": ""Safco DuraSoft latex gloves medium 100/box"", ""url"": ""https://www.safcodental.com/catalog/product/view/id/50920/s/safco-durasoft-latex-gloves-medium-100-box/""}, {""name"": ""Pure 100% cotton non-woven sponges 2\"" x 2\"", sleeve of 200"", ""url"": ""https://www.safcodental.com/catalog/product/view/id/42178/s/pure-100-cotton-non-woven-sponges-2-x-2-sleeve-of-200/""}, {""name"": ""Nitrilex Surpass nitrile gloves medium 300/box"", ""url"": ""https://www.safcodental.com/catalog/product/view/id/56425/s/nitrilex-surpass-nitrile-gloves-medium-300-box/""}]","BONE,COLLAGEN,GRAFT,MEMBRANE,01S0510,01S0520",100972,,2026-04-30T04:37:18.059628+00:00,selectors
23,R.T.R.+ Syringe,Septodont,"3541626, 3541627",Sutures & Surgical Products,Bone grafting tissue augmentation,https://www.safcodental.com/product/r-t-r-syringe,$147.99,147.99,,In stock,Sterile and fully resorbable synthetic bone grafting material. Ideal osteogenic matrix mimics human bone. Available in 2 biphasic β-TCP (β-Tricalcium phosphate) / Hydroxyapatite formulations:,,"https://www.safcodental.com/media/catalog/product/p/f/pfwru.jpg?width=265&height=265&canvas=265,265&optimize=medium&fit=bounds","[""https://www.safcodental.com/media/catalog/product/p/f/pfwru.jpg?width=265&height=265&canvas=265,265&optimize=medium&fit=bounds"", ""https://www.safcodental.com/media/catalog/product/p/f/pfwru.jpg?width=75&height=75&canvas=75,75&optimize=medium&fit=bounds""]","[{""name"": ""CaviWipes regular 6\"" x 6-3/4\"" 160/can"", ""url"": ""https://www.safcodental.com/catalog/product/view/id/7330/s/caviwipes-regular-6-x-6-3-4-160-can/""}, {""name"": ""saliva ejectors clear body with blue tip 100/bag"", ""url"": ""https://www.safcodental.com/catalog/product/view/id/25393/s/saliva-ejectors-clear-body-with-blue-tip-100-bag/""}, {""name"": ""Safco lidocaine 2% and epinephrine 1:100,000 (red) 50/box"", ""url"": ""https://www.safcodental.com/catalog/product/view/id/61/s/safco-lidocaine-2-and-epinephrine-1-100-000-red-50-box/""}, {""name"": ""saliva ejectors white body with white tip 100/bag"", ""url"": ""https://www.safcodental.com/catalog/product/view/id/25396/s/saliva-ejectors-white-body-with-white-tip-100-bag/""}, {""name"": ""Safco DuraSoft latex gloves small 100/box"", ""url"": ""https://www.safcodental.com/catalog/product/view/id/50917/s/safco-durasoft-latex-gloves-small-100-box/""}, {""name"": ""Safco oral evacuators white 50/bag"", ""url"": ""https://www.safcodental.com/catalog/product/view/id/7198/s/safco-oral-evacuators-white-50-bag/""}, {""name"": ""Nitrilex Surpass nitrile gloves small 300/box"", ""url"": ""https://www.safcodental.com/catalog/product/view/id/56422/s/nitrilex-surpass-nitrile-gloves-small-300-box/""}, {""name"": ""Safco DuraSoft latex gloves medium 100/box"", ""url"": ""https://www.safcodental.com/catalog/product/view/id/50920/s/safco-durasoft-latex-gloves-medium-100-box/""}, {""name"": ""Pure 100% cotton non-woven sponges 2\"" x 2\"", sleeve of 200"", ""url"": ""https://www.safcodental.com/catalog/product/view/id/42178/s/pure-100-cotton-non-woven-sponges-2-x-2-sleeve-of-200/""}, {""name"": ""Nitrilex Surpass nitrile gloves medium 300/box"", ""url"": ""https://www.safcodental.com/catalog/product/view/id/56425/s/nitrilex-surpass-nitrile-gloves-medium-300-box/""}]","01S0530,01S0540",100969,,2026-04-30T04:37:23.652913+00:00,selectors
24,HeliMend™ and HeliMend™ Advanced,Integra Miltex,"PFWQP, 3274202, 327-4202, 3274204, 327-4204, 3274206, 327-4206, 3274208, 327-4208, 3274210, 327-4210, 3274212, 327-4212",Sutures & Surgical Products,Bone grafting tissue augmentation,https://www.safcodental.com/product/helimend-trade-and-helimend-trade-advanced,$102.59,102.59,,In stock,Please note: These products are on backorder with indefinite delivery. Safco will not be accepting orders for these products until inventory is received.,,"https://www.safcodental.com/media/catalog/product/p/f/pfwqp.jpg?width=265&height=265&canvas=265,265&optimize=medium&fit=bounds","[""https://www.safcodental.com/media/catalog/product/p/f/pfwqp.jpg?width=265&height=265&canvas=265,265&optimize=medium&fit=bounds"", ""https://www.safcodental.com/media/catalog/product/p/f/pfwqp.jpg?width=75&height=75&canvas=75,75&optimize=medium&fit=bounds""]","[{""name"": ""CaviWipes regular 6\"" x 6-3/4\"" 160/can"", ""url"": ""https://www.safcodental.com/catalog/product/view/id/7330/s/caviwipes-regular-6-x-6-3-4-160-can/""}, {""name"": ""saliva ejectors clear body with blue tip 100/bag"", ""url"": ""https://www.safcodental.com/catalog/product/view/id/25393/s/saliva-ejectors-clear-body-with-blue-tip-100-bag/""}, {""name"": ""Safco lidocaine 2% and epinephrine 1:100,000 (red) 50/box"", ""url"": ""https://www.safcodental.com/catalog/product/view/id/61/s/safco-lidocaine-2-and-epinephrine-1-100-000-red-50-box/""}, {""name"": ""saliva ejectors white body with white tip 100/bag"", ""url"": ""https://www.safcodental.com/catalog/product/view/id/25396/s/saliva-ejectors-white-body-with-white-tip-100-bag/""}, {""name"": ""Safco DuraSoft latex gloves small 100/box"", ""url"": ""https://www.safcodental.com/catalog/product/view/id/50917/s/safco-durasoft-latex-gloves-small-100-box/""}, {""name"": ""Safco oral evacuators white 50/bag"", ""url"": ""https://www.safcodental.com/catalog/product/view/id/7198/s/safco-oral-evacuators-white-50-bag/""}, {""name"": ""Nitrilex Surpass nitrile gloves small 300/box"", ""url"": ""https://www.safcodental.com/catalog/product/view/id/56422/s/nitrilex-surpass-nitrile-gloves-small-300-box/""}, {""name"": ""Safco DuraSoft latex gloves medium 100/box"", ""url"": ""https://www.safcodental.com/catalog/product/view/id/50920/s/safco-durasoft-latex-gloves-medium-100-box/""}, {""name"": ""Pure 100% cotton non-woven sponges 2\"" x 2\"", sleeve of 200"", ""url"": ""https://www.safcodental.com/catalog/product/view/id/42178/s/pure-100-cotton-non-woven-sponges-2-x-2-sleeve-of-200/""}, {""name"": ""Nitrilex Surpass nitrile gloves medium 300/box"", ""url"": ""https://www.safcodental.com/catalog/product/view/id/56425/s/nitrilex-surpass-nitrile-gloves-medium-300-box/""}]","BONE,COLLAGEN,GRAFT,MEMBRANE,62-203,62-204,62-205,62-206,62-207,62-208",100945,,2026-04-30T04:37:28.846891+00:00,selectors
25,Guidor® easy-graft® Classic,Collagen Matrix Inc,"3996802, 3996804, 3996806",Sutures & Surgical Products,Bone grafting tissue augmentation,https://www.safcodental.com/product/guidor-reg-e-em-asy-graft-reg-em-classic,$231.99,231.99,,In stock,"Synthetic particulate bone grafting material designed to be syringed directly into the bone defect. Hardens into a stable, porous scaffold in approximately one minute, eliminating the need for a dental membrane in many cases. Fully resorbable.",,"https://www.safcodental.com/media/catalog/product/p/f/pfwqj.jpg?width=265&height=265&canvas=265,265&optimize=medium&fit=bounds","[""https://www.safcodental.com/media/catalog/product/p/f/pfwqj.jpg?width=265&height=265&canvas=265,265&optimize=medium&fit=bounds"", ""https://www.safcodental.com/media/catalog/product/p/f/pfwqj.jpg?width=75&height=75&canvas=75,75&optimize=medium&fit=bounds""]","[{""name"": ""CaviWipes regular 6\"" x 6-3/4\"" 160/can"", ""url"": ""https://www.safcodental.com/catalog/product/view/id/7330/s/caviwipes-regular-6-x-6-3-4-160-can/""}, {""name"": ""saliva ejectors clear body with blue tip 100/bag"", ""url"": ""https://www.safcodental.com/catalog/product/view/id/25393/s/saliva-ejectors-clear-body-with-blue-tip-100-bag/""}, {""name"": ""Safco lidocaine 2% and epinephrine 1:100,000 (red) 50/box"", ""url"": ""https://www.safcodental.com/catalog/product/view/id/61/s/safco-lidocaine-2-and-epinephrine-1-100-000-red-50-box/""}, {""name"": ""saliva ejectors white body with white tip 100/bag"", ""url"": ""https://www.safcodental.com/catalog/product/view/id/25396/s/saliva-ejectors-white-body-with-white-tip-100-bag/""}, {""name"": ""Safco DuraSoft latex gloves small 100/box"", ""url"": ""https://www.safcodental.com/catalog/product/view/id/50917/s/safco-durasoft-latex-gloves-small-100-box/""}, {""name"": ""Safco oral evacuators white 50/bag"", ""url"": ""https://www.safcodental.com/catalog/product/view/id/7198/s/safco-oral-evacuators-white-50-bag/""}, {""name"": ""Nitrilex Surpass nitrile gloves small 300/box"", ""url"": ""https://www.safcodental.com/catalog/product/view/id/56422/s/nitrilex-surpass-nitrile-gloves-small-300-box/""}, {""name"": ""Safco DuraSoft latex gloves medium 100/box"", ""url"": ""https://www.safcodental.com/catalog/product/view/id/50920/s/safco-durasoft-latex-gloves-medium-100-box/""}, {""name"": ""Pure 100% cotton non-woven sponges 2\"" x 2\"", sleeve of 200"", ""url"": ""https://www.safcodental.com/catalog/product/view/id/42178/s/pure-100-cotton-non-woven-sponges-2-x-2-sleeve-of-200/""}, {""name"": ""Nitrilex Surpass nitrile gloves medium 300/box"", ""url"": ""https://www.safcodental.com/catalog/product/view/id/56425/s/nitrilex-surpass-nitrile-gloves-medium-300-box/""}]","BONE,GRAFT,C11-018,C11-078,C11-008",100939,,2026-04-30T04:37:33.211086+00:00,selectors
26,COLLASHIELD™ Collagen Membrane,Surgical Esthetics,"6130050, 6130053, 6130056",Sutures & Surgical Products,Bone grafting tissue augmentation,https://www.safcodental.com/product/collashield-trade-collagen-membrane,$128.99,128.99,,In stock,"Fully resorbable (16 weeks) purified porcine Type-I peritoneum membrane for osteogenesis during extraction socket preservation, ridge augmentation, periodontal defect repair or other grafting procedures.",,"https://www.safcodental.com/media/catalog/product/p/f/pfwcc.jpg?width=265&height=265&canvas=265,265&optimize=medium&fit=bounds","[""https://www.safcodental.com/media/catalog/product/p/f/pfwcc.jpg?width=265&height=265&canvas=265,265&optimize=medium&fit=bounds"", ""https://www.safcodental.com/media/catalog/product/p/f/pfwcc.jpg?width=75&height=75&canvas=75,75&optimize=medium&fit=bounds""]","[{""name"": ""CaviWipes regular 6\"" x 6-3/4\"" 160/can"", ""url"": ""https://www.safcodental.com/catalog/product/view/id/7330/s/caviwipes-regular-6-x-6-3-4-160-can/""}, {""name"": ""saliva ejectors clear body with blue tip 100/bag"", ""url"": ""https://www.safcodental.com/catalog/product/view/id/25393/s/saliva-ejectors-clear-body-with-blue-tip-100-bag/""}, {""name"": ""Safco lidocaine 2% and epinephrine 1:100,000 (red) 50/box"", ""url"": ""https://www.safcodental.com/catalog/product/view/id/61/s/safco-lidocaine-2-and-epinephrine-1-100-000-red-50-box/""}, {""name"": ""saliva ejectors white body with white tip 100/bag"", ""url"": ""https://www.safcodental.com/catalog/product/view/id/25396/s/saliva-ejectors-white-body-with-white-tip-100-bag/""}, {""name"": ""Safco DuraSoft latex gloves small 100/box"", ""url"": ""https://www.safcodental.com/catalog/product/view/id/50917/s/safco-durasoft-latex-gloves-small-100-box/""}, {""name"": ""Safco oral evacuators white 50/bag"", ""url"": ""https://www.safcodental.com/catalog/product/view/id/7198/s/safco-oral-evacuators-white-50-bag/""}, {""name"": ""Nitrilex Surpass nitrile gloves small 300/box"", ""url"": ""https://www.safcodental.com/catalog/product/view/id/56422/s/nitrilex-surpass-nitrile-gloves-small-300-box/""}, {""name"": ""Safco DuraSoft latex gloves medium 100/box"", ""url"": ""https://www.safcodental.com/catalog/product/view/id/50920/s/safco-durasoft-latex-gloves-medium-100-box/""}, {""name"": ""Pure 100% cotton non-woven sponges 2\"" x 2\"", sleeve of 200"", ""url"": ""https://www.safcodental.com/catalog/product/view/id/42178/s/pure-100-cotton-non-woven-sponges-2-x-2-sleeve-of-200/""}, {""name"": ""Nitrilex Surpass nitrile gloves medium 300/box"", ""url"": ""https://www.safcodental.com/catalog/product/view/id/56425/s/nitrilex-surpass-nitrile-gloves-medium-300-box/""}]","CS15X20,CS20X30,CS30X40",100933,,2026-04-30T04:37:38.520144+00:00,selectors
27,Coldstar Disposable Instant Non-Insulated Cold Pack,Coldstar,"5106382, 5106383, 5106384, 5106386",Sutures & Surgical Products,Cold packs,https://www.safcodental.com/product/coldstar-disposable-instant-non-insulated-cold-pack,$20.99,20.99,,In stock,"Use in first aid treatment of: Bumps and Bruises, Sprains, Fractures, Minor Burns, Snake Bites, Insect Bites, Minor Bleeding, Nosebleeds, Headaches, Toothaches, Fever, Backaches, Sunstroke, Dislocations, Fatigue, Itching, Cramping, etc.",,"https://www.safcodental.com/media/catalog/product/p/f/pfvjj.jpg?width=265&height=265&canvas=265,265&optimize=medium&fit=bounds","[""https://www.safcodental.com/media/catalog/product/p/f/pfvjj.jpg?width=265&height=265&canvas=265,265&optimize=medium&fit=bounds"", ""https://www.safcodental.com/media/catalog/product/p/f/pfvjj.jpg?width=75&height=75&canvas=75,75&optimize=medium&fit=bounds""]","[{""name"": ""CaviWipes regular 6\"" x 6-3/4\"" 160/can"", ""url"": ""https://www.safcodental.com/catalog/product/view/id/7330/s/caviwipes-regular-6-x-6-3-4-160-can/""}, {""name"": ""saliva ejectors clear body with blue tip 100/bag"", ""url"": ""https://www.safcodental.com/catalog/product/view/id/25393/s/saliva-ejectors-clear-body-with-blue-tip-100-bag/""}, {""name"": ""Safco lidocaine 2% and epinephrine 1:100,000 (red) 50/box"", ""url"": ""https://www.safcodental.com/catalog/product/view/id/61/s/safco-lidocaine-2-and-epinephrine-1-100-000-red-50-box/""}, {""name"": ""saliva ejectors white body with white tip 100/bag"", ""url"": ""https://www.safcodental.com/catalog/product/view/id/25396/s/saliva-ejectors-white-body-with-white-tip-100-bag/""}, {""name"": ""Safco DuraSoft latex gloves small 100/box"", ""url"": ""https://www.safcodental.com/catalog/product/view/id/50917/s/safco-durasoft-latex-gloves-small-100-box/""}, {""name"": ""Safco oral evacuators white 50/bag"", ""url"": ""https://www.safcodental.com/catalog/product/view/id/7198/s/safco-oral-evacuators-white-50-bag/""}, {""name"": ""Nitrilex Surpass nitrile gloves small 300/box"", ""url"": ""https://www.safcodental.com/catalog/product/view/id/56422/s/nitrilex-surpass-nitrile-gloves-small-300-box/""}, {""name"": ""Safco DuraSoft latex gloves medium 100/box"", ""url"": ""https://www.safcodental.com/catalog/product/view/id/50920/s/safco-durasoft-latex-gloves-medium-100-box/""}, {""name"": ""Pure 100% cotton non-woven sponges 2\"" x 2\"", sleeve of 200"", ""url"": ""https://www.safcodental.com/catalog/product/view/id/42178/s/pure-100-cotton-non-woven-sponges-2-x-2-sleeve-of-200/""}, {""name"": ""Nitrilex Surpass nitrile gloves medium 300/box"", ""url"": ""https://www.safcodental.com/catalog/product/view/id/56425/s/nitrilex-surpass-nitrile-gloves-medium-300-box/""}]","COLD,COMPRESS,10210,10407,10450,61115,20204",100930,,2026-04-30T04:37:44.062604+00:00,selectors
28,Instant Cold Pack,Halyard,"3020210, 3020225",Sutures & Surgical Products,Cold packs,https://www.safcodental.com/product/instant-cold-pack,$22.99,22.99,,In stock,Flexible single use cold pack provides 20 minutes of therapy. Squeeze to activate; no need for refrigeration. Plastic outer wrap.,,"https://www.safcodental.com/media/catalog/product/p/f/pfvgg.jpg?width=265&height=265&canvas=265,265&optimize=medium&fit=bounds","[""https://www.safcodental.com/media/catalog/product/p/f/pfvgg.jpg?width=265&height=265&canvas=265,265&optimize=medium&fit=bounds"", ""https://www.safcodental.com/media/catalog/product/p/f/pfvgg.jpg?width=75&height=75&canvas=75,75&optimize=medium&fit=bounds""]","[{""name"": ""CaviWipes regular 6\"" x 6-3/4\"" 160/can"", ""url"": ""https://www.safcodental.com/catalog/product/view/id/7330/s/caviwipes-regular-6-x-6-3-4-160-can/""}, {""name"": ""saliva ejectors clear body with blue tip 100/bag"", ""url"": ""https://www.safcodental.com/catalog/product/view/id/25393/s/saliva-ejectors-clear-body-with-blue-tip-100-bag/""}, {""name"": ""Safco lidocaine 2% and epinephrine 1:100,000 (red) 50/box"", ""url"": ""https://www.safcodental.com/catalog/product/view/id/61/s/safco-lidocaine-2-and-epinephrine-1-100-000-red-50-box/""}, {""name"": ""saliva ejectors white body with white tip 100/bag"", ""url"": ""https://www.safcodental.com/catalog/product/view/id/25396/s/saliva-ejectors-white-body-with-white-tip-100-bag/""}, {""name"": ""Safco DuraSoft latex gloves small 100/box"", ""url"": ""https://www.safcodental.com/catalog/product/view/id/50917/s/safco-durasoft-latex-gloves-small-100-box/""}, {""name"": ""Safco oral evacuators white 50/bag"", ""url"": ""https://www.safcodental.com/catalog/product/view/id/7198/s/safco-oral-evacuators-white-50-bag/""}, {""name"": ""Nitrilex Surpass nitrile gloves small 300/box"", ""url"": ""https://www.safcodental.com/catalog/product/view/id/56422/s/nitrilex-surpass-nitrile-gloves-small-300-box/""}, {""name"": ""Safco DuraSoft latex gloves medium 100/box"", ""url"": ""https://www.safcodental.com/catalog/product/view/id/50920/s/safco-durasoft-latex-gloves-medium-100-box/""}, {""name"": ""Pure 100% cotton non-woven sponges 2\"" x 2\"", sleeve of 200"", ""url"": ""https://www.safcodental.com/catalog/product/view/id/42178/s/pure-100-cotton-non-woven-sponges-2-x-2-sleeve-of-200/""}, {""name"": ""Nitrilex Surpass nitrile gloves medium 300/box"", ""url"": ""https://www.safcodental.com/catalog/product/view/id/56425/s/nitrilex-surpass-nitrile-gloves-medium-300-box/""}]","COLD,COMPRESS,ICE,51785,51786",100927,,2026-04-30T04:37:49.526013+00:00,selectors
29,HYBENX®,Epien Medical,"PFSPP, 5210010, 521-0010",Sutures & Surgical Products,Periodontal dressings,https://www.safcodental.com/product/hybenx-sup-reg-sup,$133.79,133.79,,In stock,"FDA-approved non-antibiotic cleanser and chemical desiccant that quickly eradicates biofilm from infected tissue surfaces without impacting healthy tissues. Safely debrides, coagulates, seals and reduces bleeding and pain, allowing the body to use its own defenses to promote natural healing.",,"https://www.safcodental.com/media/catalog/product/p/f/pfspp.jpg?width=265&height=265&canvas=265,265&optimize=medium&fit=bounds","[""https://www.safcodental.com/media/catalog/product/p/f/pfspp.jpg?width=265&height=265&canvas=265,265&optimize=medium&fit=bounds"", ""https://www.safcodental.com/media/catalog/product/p/f/pfspp.jpg?width=75&height=75&canvas=75,75&optimize=medium&fit=bounds""]","[{""name"": ""CaviWipes regular 6\"" x 6-3/4\"" 160/can"", ""url"": ""https://www.safcodental.com/catalog/product/view/id/7330/s/caviwipes-regular-6-x-6-3-4-160-can/""}, {""name"": ""saliva ejectors clear body with blue tip 100/bag"", ""url"": ""https://www.safcodental.com/catalog/product/view/id/25393/s/saliva-ejectors-clear-body-with-blue-tip-100-bag/""}, {""name"": ""Safco lidocaine 2% and epinephrine 1:100,000 (red) 50/box"", ""url"": ""https://www.safcodental.com/catalog/product/view/id/61/s/safco-lidocaine-2-and-epinephrine-1-100-000-red-50-box/""}, {""name"": ""saliva ejectors white body with white tip 100/bag"", ""url"": ""https://www.safcodental.com/catalog/product/view/id/25396/s/saliva-ejectors-white-body-with-white-tip-100-bag/""}, {""name"": ""Safco DuraSoft latex gloves small 100/box"", ""url"": ""https://www.safcodental.com/catalog/product/view/id/50917/s/safco-durasoft-latex-gloves-small-100-box/""}, {""name"": ""Safco oral evacuators white 50/bag"", ""url"": ""https://www.safcodental.com/catalog/product/view/id/7198/s/safco-oral-evacuators-white-50-bag/""}, {""name"": ""Nitrilex Surpass nitrile gloves small 300/box"", ""url"": ""https://www.safcodental.com/catalog/product/view/id/56422/s/nitrilex-surpass-nitrile-gloves-small-300-box/""}, {""name"": ""Safco DuraSoft latex gloves medium 100/box"", ""url"": ""https://www.safcodental.com/catalog/product/view/id/50920/s/safco-durasoft-latex-gloves-medium-100-box/""}, {""name"": ""Pure 100% cotton non-woven sponges 2\"" x 2\"", sleeve of 200"", ""url"": ""https://www.safcodental.com/catalog/product/view/id/42178/s/pure-100-cotton-non-woven-sponges-2-x-2-sleeve-of-200/""}, {""name"": ""Nitrilex Surpass nitrile gloves medium 300/box"", ""url"": ""https://www.safcodental.com/catalog/product/view/id/56425/s/nitrilex-surpass-nitrile-gloves-medium-300-box/""}]",109-0015,100924,,2026-04-30T04:37:54.741745+00:00,selectors
30,Coe-Pak™ Automix NDS,GC America,2802603,Sutures & Surgical Products,Periodontal dressings,https://www.safcodental.com/product/coe-pak-trade-automix-nds,$81.99,81.99,,In stock,"Non-eugenol surgical dressing and periodontal pack that has no burning sensation, no unpleasant taste, no disagreeable odor and offers proven protection to surgical sites. Extremely pliable and cohesive; ropes of any length or thickness can be formed. Sets with resilient, non-brittle hardness.",,"https://www.safcodental.com/media/catalog/product/p/f/pfsmw.jpg?width=265&height=265&canvas=265,265&optimize=medium&fit=bounds","[""https://www.safcodental.com/media/catalog/product/p/f/pfsmw.jpg?width=265&height=265&canvas=265,265&optimize=medium&fit=bounds"", ""https://www.safcodental.com/media/catalog/product/p/f/pfsmw.jpg?width=75&height=75&canvas=75,75&optimize=medium&fit=bounds""]","[{""name"": ""CaviWipes regular 6\"" x 6-3/4\"" 160/can"", ""url"": ""https://www.safcodental.com/catalog/product/view/id/7330/s/caviwipes-regular-6-x-6-3-4-160-can/""}, {""name"": ""saliva ejectors clear body with blue tip 100/bag"", ""url"": ""https://www.safcodental.com/catalog/product/view/id/25393/s/saliva-ejectors-clear-body-with-blue-tip-100-bag/""}, {""name"": ""Safco lidocaine 2% and epinephrine 1:100,000 (red) 50/box"", ""url"": ""https://www.safcodental.com/catalog/product/view/id/61/s/safco-lidocaine-2-and-epinephrine-1-100-000-red-50-box/""}, {""name"": ""saliva ejectors white body with white tip 100/bag"", ""url"": ""https://www.safcodental.com/catalog/product/view/id/25396/s/saliva-ejectors-white-body-with-white-tip-100-bag/""}, {""name"": ""Safco DuraSoft latex gloves small 100/box"", ""url"": ""https://www.safcodental.com/catalog/product/view/id/50917/s/safco-durasoft-latex-gloves-small-100-box/""}, {""name"": ""Safco oral evacuators white 50/bag"", ""url"": ""https://www.safcodental.com/catalog/product/view/id/7198/s/safco-oral-evacuators-white-50-bag/""}, {""name"": ""Nitrilex Surpass nitrile gloves small 300/box"", ""url"": ""https://www.safcodental.com/catalog/product/view/id/56422/s/nitrilex-surpass-nitrile-gloves-small-300-box/""}, {""name"": ""Safco DuraSoft latex gloves medium 100/box"", ""url"": ""https://www.safcodental.com/catalog/product/view/id/50920/s/safco-durasoft-latex-gloves-medium-100-box/""}, {""name"": ""Pure 100% cotton non-woven sponges 2\"" x 2\"", sleeve of 200"", ""url"": ""https://www.safcodental.com/catalog/product/view/id/42178/s/pure-100-cotton-non-woven-sponges-2-x-2-sleeve-of-200/""}, {""name"": ""Nitrilex Surpass nitrile gloves medium 300/box"", ""url"": ""https://www.safcodental.com/catalog/product/view/id/56425/s/nitrilex-surpass-nitrile-gloves-medium-300-box/""}]","135003,153248",100921,,2026-04-30T04:38:00.460362+00:00,selectors
31,Coe-Pak™,GC America,"PFSJP, 2802010, 280-2010, 2802035, 280-2035",Sutures & Surgical Products,Periodontal dressings,https://www.safcodental.com/product/coe-pak-trade,$125.49,125.49,,In stock,"Non-eugenol surgical dressing and periodontal pack that has no burning sensation, no unpleasant taste, no disagreeable odor and offers proven protection to surgical sites. Extremely plastic and cohesive; ropes of any length or thickness can be formed. Sets with resilient, non-brittle hardness.",,"https://www.safcodental.com/media/catalog/product/p/f/pfsjp.jpg?width=265&height=265&canvas=265,265&optimize=medium&fit=bounds","[""https://www.safcodental.com/media/catalog/product/p/f/pfsjp.jpg?width=265&height=265&canvas=265,265&optimize=medium&fit=bounds"", ""https://www.safcodental.com/media/catalog/product/p/f/pfsjp.jpg?width=75&height=75&canvas=75,75&optimize=medium&fit=bounds""]","[{""name"": ""CaviWipes regular 6\"" x 6-3/4\"" 160/can"", ""url"": ""https://www.safcodental.com/catalog/product/view/id/7330/s/caviwipes-regular-6-x-6-3-4-160-can/""}, {""name"": ""saliva ejectors clear body with blue tip 100/bag"", ""url"": ""https://www.safcodental.com/catalog/product/view/id/25393/s/saliva-ejectors-clear-body-with-blue-tip-100-bag/""}, {""name"": ""Safco lidocaine 2% and epinephrine 1:100,000 (red) 50/box"", ""url"": ""https://www.safcodental.com/catalog/product/view/id/61/s/safco-lidocaine-2-and-epinephrine-1-100-000-red-50-box/""}, {""name"": ""saliva ejectors white body with white tip 100/bag"", ""url"": ""https://www.safcodental.com/catalog/product/view/id/25396/s/saliva-ejectors-white-body-with-white-tip-100-bag/""}, {""name"": ""Safco DuraSoft latex gloves small 100/box"", ""url"": ""https://www.safcodental.com/catalog/product/view/id/50917/s/safco-durasoft-latex-gloves-small-100-box/""}, {""name"": ""Safco oral evacuators white 50/bag"", ""url"": ""https://www.safcodental.com/catalog/product/view/id/7198/s/safco-oral-evacuators-white-50-bag/""}, {""name"": ""Nitrilex Surpass nitrile gloves small 300/box"", ""url"": ""https://www.safcodental.com/catalog/product/view/id/56422/s/nitrilex-surpass-nitrile-gloves-small-300-box/""}, {""name"": ""Safco DuraSoft latex gloves medium 100/box"", ""url"": ""https://www.safcodental.com/catalog/product/view/id/50920/s/safco-durasoft-latex-gloves-medium-100-box/""}, {""name"": ""Pure 100% cotton non-woven sponges 2\"" x 2\"", sleeve of 200"", ""url"": ""https://www.safcodental.com/catalog/product/view/id/42178/s/pure-100-cotton-non-woven-sponges-2-x-2-sleeve-of-200/""}, {""name"": ""Nitrilex Surpass nitrile gloves medium 300/box"", ""url"": ""https://www.safcodental.com/catalog/product/view/id/56425/s/nitrilex-surpass-nitrile-gloves-medium-300-box/""}]","135001,135301",100918,,2026-04-30T04:38:06.018127+00:00,selectors
32,Barricaid®,Dentsply Sirona,"PFSGL, 2545052, 254-5052",Sutures & Surgical Products,Periodontal dressings,https://www.safcodental.com/product/barricaid-reg,$171.99,171.99,,In stock,"Visible light cured periodontal dressing in a convenient syringe delivery system for direct placement onto the surgical site. Forms a firm, elastic covering. Translucent pink for superior esthetics. Tasteless.",,"https://www.safcodental.com/media/catalog/product/p/f/pfsgl.jpg?width=265&height=265&canvas=265,265&optimize=medium&fit=bounds","[""https://www.safcodental.com/media/catalog/product/p/f/pfsgl.jpg?width=265&height=265&canvas=265,265&optimize=medium&fit=bounds"", ""https://www.safcodental.com/media/catalog/product/p/f/pfsgl.jpg?width=75&height=75&canvas=75,75&optimize=medium&fit=bounds""]","[{""name"": ""CaviWipes regular 6\"" x 6-3/4\"" 160/can"", ""url"": ""https://www.safcodental.com/catalog/product/view/id/7330/s/caviwipes-regular-6-x-6-3-4-160-can/""}, {""name"": ""saliva ejectors clear body with blue tip 100/bag"", ""url"": ""https://www.safcodental.com/catalog/product/view/id/25393/s/saliva-ejectors-clear-body-with-blue-tip-100-bag/""}, {""name"": ""Safco lidocaine 2% and epinephrine 1:100,000 (red) 50/box"", ""url"": ""https://www.safcodental.com/catalog/product/view/id/61/s/safco-lidocaine-2-and-epinephrine-1-100-000-red-50-box/""}, {""name"": ""saliva ejectors white body with white tip 100/bag"", ""url"": ""https://www.safcodental.com/catalog/product/view/id/25396/s/saliva-ejectors-white-body-with-white-tip-100-bag/""}, {""name"": ""Safco DuraSoft latex gloves small 100/box"", ""url"": ""https://www.safcodental.com/catalog/product/view/id/50917/s/safco-durasoft-latex-gloves-small-100-box/""}, {""name"": ""Safco oral evacuators white 50/bag"", ""url"": ""https://www.safcodental.com/catalog/product/view/id/7198/s/safco-oral-evacuators-white-50-bag/""}, {""name"": ""Nitrilex Surpass nitrile gloves small 300/box"", ""url"": ""https://www.safcodental.com/catalog/product/view/id/56422/s/nitrilex-surpass-nitrile-gloves-small-300-box/""}, {""name"": ""Safco DuraSoft latex gloves medium 100/box"", ""url"": ""https://www.safcodental.com/catalog/product/view/id/50920/s/safco-durasoft-latex-gloves-medium-100-box/""}, {""name"": ""Pure 100% cotton non-woven sponges 2\"" x 2\"", sleeve of 200"", ""url"": ""https://www.safcodental.com/catalog/product/view/id/42178/s/pure-100-cotton-non-woven-sponges-2-x-2-sleeve-of-200/""}, {""name"": ""Nitrilex Surpass nitrile gloves medium 300/box"", ""url"": ""https://www.safcodental.com/catalog/product/view/id/56425/s/nitrilex-surpass-nitrile-gloves-medium-300-box/""}]",639052,100915,,2026-04-30T04:38:11.172477+00:00,selectors
33,Surgicel®,Ethicon,"PFPHJ, 2580213, 258-0213",Sutures & Surgical Products,Surgical medicaments and packing,https://www.safcodental.com/product/surgicel-reg,"$1,099.95",1099.95,,In stock,"Sterile, shear-weave, absorbable hemostat used to control bleeding in tooth extractions and oral surgery. Produced from oxidized regenerated cellulose to ensure purity and consistency. Fully absorbable within 7-14 days. Strong yet flexible and malleable to conform to irregular surfaces; may be folded or cut to size.",,"https://www.safcodental.com/media/catalog/product/p/f/pfphj.jpg?width=265&height=265&canvas=265,265&optimize=medium&fit=bounds","[""https://www.safcodental.com/media/catalog/product/p/f/pfphj.jpg?width=265&height=265&canvas=265,265&optimize=medium&fit=bounds"", ""https://www.safcodental.com/media/catalog/product/p/f/pfphj.jpg?width=75&height=75&canvas=75,75&optimize=medium&fit=bounds""]","[{""name"": ""CaviWipes regular 6\"" x 6-3/4\"" 160/can"", ""url"": ""https://www.safcodental.com/catalog/product/view/id/7330/s/caviwipes-regular-6-x-6-3-4-160-can/""}, {""name"": ""saliva ejectors clear body with blue tip 100/bag"", ""url"": ""https://www.safcodental.com/catalog/product/view/id/25393/s/saliva-ejectors-clear-body-with-blue-tip-100-bag/""}, {""name"": ""Safco lidocaine 2% and epinephrine 1:100,000 (red) 50/box"", ""url"": ""https://www.safcodental.com/catalog/product/view/id/61/s/safco-lidocaine-2-and-epinephrine-1-100-000-red-50-box/""}, {""name"": ""saliva ejectors white body with white tip 100/bag"", ""url"": ""https://www.safcodental.com/catalog/product/view/id/25396/s/saliva-ejectors-white-body-with-white-tip-100-bag/""}, {""name"": ""Safco DuraSoft latex gloves small 100/box"", ""url"": ""https://www.safcodental.com/catalog/product/view/id/50917/s/safco-durasoft-latex-gloves-small-100-box/""}, {""name"": ""Safco oral evacuators white 50/bag"", ""url"": ""https://www.safcodental.com/catalog/product/view/id/7198/s/safco-oral-evacuators-white-50-bag/""}, {""name"": ""Nitrilex Surpass nitrile gloves small 300/box"", ""url"": ""https://www.safcodental.com/catalog/product/view/id/56422/s/nitrilex-surpass-nitrile-gloves-small-300-box/""}, {""name"": ""Safco DuraSoft latex gloves medium 100/box"", ""url"": ""https://www.safcodental.com/catalog/product/view/id/50920/s/safco-durasoft-latex-gloves-medium-100-box/""}, {""name"": ""Pure 100% cotton non-woven sponges 2\"" x 2\"", sleeve of 200"", ""url"": ""https://www.safcodental.com/catalog/product/view/id/42178/s/pure-100-cotton-non-woven-sponges-2-x-2-sleeve-of-200/""}, {""name"": ""Nitrilex Surpass nitrile gloves medium 300/box"", ""url"": ""https://www.safcodental.com/catalog/product/view/id/56425/s/nitrilex-surpass-nitrile-gloves-medium-300-box/""}]",1955S,100909,,2026-04-30T04:38:16.395696+00:00,selectors
34,ORCA™ Foam,Orca Products,"PFPFS, 5100038, 510-0038, 5100039, 510-0039",Sutures & Surgical Products,Surgical medicaments and packing,https://www.safcodental.com/product/orca-sup-trade-sup-foam,$102.99,102.99,,In stock,"Absorbable gelatin sponge hemostat, USP. Provides reliable and rapid hemostasis during dental surgical procedures.",,"https://www.safcodental.com/media/catalog/product/p/f/pfpfs.jpg?width=265&height=265&canvas=265,265&optimize=medium&fit=bounds","[""https://www.safcodental.com/media/catalog/product/p/f/pfpfs.jpg?width=265&height=265&canvas=265,265&optimize=medium&fit=bounds"", ""https://www.safcodental.com/media/catalog/product/p/f/pfpfs.jpg?width=75&height=75&canvas=75,75&optimize=medium&fit=bounds""]","[{""name"": ""CaviWipes regular 6\"" x 6-3/4\"" 160/can"", ""url"": ""https://www.safcodental.com/catalog/product/view/id/7330/s/caviwipes-regular-6-x-6-3-4-160-can/""}, {""name"": ""saliva ejectors clear body with blue tip 100/bag"", ""url"": ""https://www.safcodental.com/catalog/product/view/id/25393/s/saliva-ejectors-clear-body-with-blue-tip-100-bag/""}, {""name"": ""Safco lidocaine 2% and epinephrine 1:100,000 (red) 50/box"", ""url"": ""https://www.safcodental.com/catalog/product/view/id/61/s/safco-lidocaine-2-and-epinephrine-1-100-000-red-50-box/""}, {""name"": ""saliva ejectors white body with white tip 100/bag"", ""url"": ""https://www.safcodental.com/catalog/product/view/id/25396/s/saliva-ejectors-white-body-with-white-tip-100-bag/""}, {""name"": ""Safco DuraSoft latex gloves small 100/box"", ""url"": ""https://www.safcodental.com/catalog/product/view/id/50917/s/safco-durasoft-latex-gloves-small-100-box/""}, {""name"": ""Safco oral evacuators white 50/bag"", ""url"": ""https://www.safcodental.com/catalog/product/view/id/7198/s/safco-oral-evacuators-white-50-bag/""}, {""name"": ""Nitrilex Surpass nitrile gloves small 300/box"", ""url"": ""https://www.safcodental.com/catalog/product/view/id/56422/s/nitrilex-surpass-nitrile-gloves-small-300-box/""}, {""name"": ""Safco DuraSoft latex gloves medium 100/box"", ""url"": ""https://www.safcodental.com/catalog/product/view/id/50920/s/safco-durasoft-latex-gloves-medium-100-box/""}, {""name"": ""Pure 100% cotton non-woven sponges 2\"" x 2\"", sleeve of 200"", ""url"": ""https://www.safcodental.com/catalog/product/view/id/42178/s/pure-100-cotton-non-woven-sponges-2-x-2-sleeve-of-200/""}, {""name"": ""Nitrilex Surpass nitrile gloves medium 300/box"", ""url"": ""https://www.safcodental.com/catalog/product/view/id/56425/s/nitrilex-surpass-nitrile-gloves-medium-300-box/""}]","OF-202007,OF-602007",100900,,2026-04-30T04:38:21.693643+00:00,selectors
35,PeriAcryl® 90,GluStitch,"PFPFR, 5102001, 510-2001, 5102003, 510-2003",Sutures & Surgical Products,Surgical medicaments and packing,https://www.safcodental.com/product/periacryl-reg-90,$146.99,146.99,,In stock,Cyanoacrylate oral tissue adhesive used in dental surgeries. High viscosity formula provides increased control for precision application and less waste. Hemostatic and bacteriostatic. Violet color.,,"https://www.safcodental.com/media/catalog/product/p/f/pfpfr.jpg?width=265&height=265&canvas=265,265&optimize=medium&fit=bounds","[""https://www.safcodental.com/media/catalog/product/p/f/pfpfr.jpg?width=265&height=265&canvas=265,265&optimize=medium&fit=bounds"", ""https://www.safcodental.com/media/catalog/product/p/f/pfpfr.jpg?width=75&height=75&canvas=75,75&optimize=medium&fit=bounds""]","[{""name"": ""CaviWipes regular 6\"" x 6-3/4\"" 160/can"", ""url"": ""https://www.safcodental.com/catalog/product/view/id/7330/s/caviwipes-regular-6-x-6-3-4-160-can/""}, {""name"": ""saliva ejectors clear body with blue tip 100/bag"", ""url"": ""https://www.safcodental.com/catalog/product/view/id/25393/s/saliva-ejectors-clear-body-with-blue-tip-100-bag/""}, {""name"": ""Safco lidocaine 2% and epinephrine 1:100,000 (red) 50/box"", ""url"": ""https://www.safcodental.com/catalog/product/view/id/61/s/safco-lidocaine-2-and-epinephrine-1-100-000-red-50-box/""}, {""name"": ""saliva ejectors white body with white tip 100/bag"", ""url"": ""https://www.safcodental.com/catalog/product/view/id/25396/s/saliva-ejectors-white-body-with-white-tip-100-bag/""}, {""name"": ""Safco DuraSoft latex gloves small 100/box"", ""url"": ""https://www.safcodental.com/catalog/product/view/id/50917/s/safco-durasoft-latex-gloves-small-100-box/""}, {""name"": ""Safco oral evacuators white 50/bag"", ""url"": ""https://www.safcodental.com/catalog/product/view/id/7198/s/safco-oral-evacuators-white-50-bag/""}, {""name"": ""Nitrilex Surpass nitrile gloves small 300/box"", ""url"": ""https://www.safcodental.com/catalog/product/view/id/56422/s/nitrilex-surpass-nitrile-gloves-small-300-box/""}, {""name"": ""Safco DuraSoft latex gloves medium 100/box"", ""url"": ""https://www.safcodental.com/catalog/product/view/id/50920/s/safco-durasoft-latex-gloves-medium-100-box/""}, {""name"": ""Pure 100% cotton non-woven sponges 2\"" x 2\"", sleeve of 200"", ""url"": ""https://www.safcodental.com/catalog/product/view/id/42178/s/pure-100-cotton-non-woven-sponges-2-x-2-sleeve-of-200/""}, {""name"": ""Nitrilex Surpass nitrile gloves medium 300/box"", ""url"": ""https://www.safcodental.com/catalog/product/view/id/56425/s/nitrilex-surpass-nitrile-gloves-medium-300-box/""}]","P-ACRYL5VHV,P-ACRYL9VHV",100897,,2026-04-30T04:38:27.344122+00:00,selectors
36,Orca™ Dry Socket,Orca Products,"PFPFQ, 5100034, 510-0034",Sutures & Surgical Products,Surgical medicaments and packing,https://www.safcodental.com/product/orca-trade-dry-socket,$122.95,122.95,,In stock,"Non-medicated, clinically proven formula for relief from dry sockets and oral pain. Consists of essential oils and other natural ingredients. Place 8 to 10 drops onto a resorbable gelatin sponge or gauze strip directly to dry socket or areas of discomfort.",,"https://www.safcodental.com/media/catalog/product/p/f/pfpfq.jpg?width=265&height=265&canvas=265,265&optimize=medium&fit=bounds","[""https://www.safcodental.com/media/catalog/product/p/f/pfpfq.jpg?width=265&height=265&canvas=265,265&optimize=medium&fit=bounds"", ""https://www.safcodental.com/media/catalog/product/p/f/pfpfq.jpg?width=75&height=75&canvas=75,75&optimize=medium&fit=bounds""]","[{""name"": ""CaviWipes regular 6\"" x 6-3/4\"" 160/can"", ""url"": ""https://www.safcodental.com/catalog/product/view/id/7330/s/caviwipes-regular-6-x-6-3-4-160-can/""}, {""name"": ""saliva ejectors clear body with blue tip 100/bag"", ""url"": ""https://www.safcodental.com/catalog/product/view/id/25393/s/saliva-ejectors-clear-body-with-blue-tip-100-bag/""}, {""name"": ""Safco lidocaine 2% and epinephrine 1:100,000 (red) 50/box"", ""url"": ""https://www.safcodental.com/catalog/product/view/id/61/s/safco-lidocaine-2-and-epinephrine-1-100-000-red-50-box/""}, {""name"": ""saliva ejectors white body with white tip 100/bag"", ""url"": ""https://www.safcodental.com/catalog/product/view/id/25396/s/saliva-ejectors-white-body-with-white-tip-100-bag/""}, {""name"": ""Safco DuraSoft latex gloves small 100/box"", ""url"": ""https://www.safcodental.com/catalog/product/view/id/50917/s/safco-durasoft-latex-gloves-small-100-box/""}, {""name"": ""Safco oral evacuators white 50/bag"", ""url"": ""https://www.safcodental.com/catalog/product/view/id/7198/s/safco-oral-evacuators-white-50-bag/""}, {""name"": ""Nitrilex Surpass nitrile gloves small 300/box"", ""url"": ""https://www.safcodental.com/catalog/product/view/id/56422/s/nitrilex-surpass-nitrile-gloves-small-300-box/""}, {""name"": ""Safco DuraSoft latex gloves medium 100/box"", ""url"": ""https://www.safcodental.com/catalog/product/view/id/50920/s/safco-durasoft-latex-gloves-medium-100-box/""}, {""name"": ""Pure 100% cotton non-woven sponges 2\"" x 2\"", sleeve of 200"", ""url"": ""https://www.safcodental.com/catalog/product/view/id/42178/s/pure-100-cotton-non-woven-sponges-2-x-2-sleeve-of-200/""}, {""name"": ""Nitrilex Surpass nitrile gloves medium 300/box"", ""url"": ""https://www.safcodental.com/catalog/product/view/id/56425/s/nitrilex-surpass-nitrile-gloves-medium-300-box/""}]","DRY,PASTE,SOCKET,310993",100894,,2026-04-30T04:38:32.589139+00:00,selectors
37,HeliTape®,Integra Miltex,"PFPFP, 3274305, 327-4305",Sutures & Surgical Products,Surgical medicaments and packing,https://www.safcodental.com/product/helitape-reg,$228.99,228.99,,In stock,"Thin, soft, pliable collagen tape used for dressing minor wounds. Tape accelerates wound healing and is absorbed into the body after 10 to 14 days. Sterile and individually packaged.",,"https://www.safcodental.com/media/catalog/product/p/f/pfpfp.jpg?width=265&height=265&canvas=265,265&optimize=medium&fit=bounds","[""https://www.safcodental.com/media/catalog/product/p/f/pfpfp.jpg?width=265&height=265&canvas=265,265&optimize=medium&fit=bounds"", ""https://www.safcodental.com/media/catalog/product/p/f/pfpfp.jpg?width=75&height=75&canvas=75,75&optimize=medium&fit=bounds""]","[{""name"": ""CaviWipes regular 6\"" x 6-3/4\"" 160/can"", ""url"": ""https://www.safcodental.com/catalog/product/view/id/7330/s/caviwipes-regular-6-x-6-3-4-160-can/""}, {""name"": ""saliva ejectors clear body with blue tip 100/bag"", ""url"": ""https://www.safcodental.com/catalog/product/view/id/25393/s/saliva-ejectors-clear-body-with-blue-tip-100-bag/""}, {""name"": ""Safco lidocaine 2% and epinephrine 1:100,000 (red) 50/box"", ""url"": ""https://www.safcodental.com/catalog/product/view/id/61/s/safco-lidocaine-2-and-epinephrine-1-100-000-red-50-box/""}, {""name"": ""saliva ejectors white body with white tip 100/bag"", ""url"": ""https://www.safcodental.com/catalog/product/view/id/25396/s/saliva-ejectors-white-body-with-white-tip-100-bag/""}, {""name"": ""Safco DuraSoft latex gloves small 100/box"", ""url"": ""https://www.safcodental.com/catalog/product/view/id/50917/s/safco-durasoft-latex-gloves-small-100-box/""}, {""name"": ""Safco oral evacuators white 50/bag"", ""url"": ""https://www.safcodental.com/catalog/product/view/id/7198/s/safco-oral-evacuators-white-50-bag/""}, {""name"": ""Nitrilex Surpass nitrile gloves small 300/box"", ""url"": ""https://www.safcodental.com/catalog/product/view/id/56422/s/nitrilex-surpass-nitrile-gloves-small-300-box/""}, {""name"": ""Safco DuraSoft latex gloves medium 100/box"", ""url"": ""https://www.safcodental.com/catalog/product/view/id/50920/s/safco-durasoft-latex-gloves-medium-100-box/""}, {""name"": ""Pure 100% cotton non-woven sponges 2\"" x 2\"", sleeve of 200"", ""url"": ""https://www.safcodental.com/catalog/product/view/id/42178/s/pure-100-cotton-non-woven-sponges-2-x-2-sleeve-of-200/""}, {""name"": ""Nitrilex Surpass nitrile gloves medium 300/box"", ""url"": ""https://www.safcodental.com/catalog/product/view/id/56425/s/nitrilex-surpass-nitrile-gloves-medium-300-box/""}]",62-200,100891,,2026-04-30T04:38:38.446910+00:00,selectors
38,Integra® Miltex® HeliCote®,Integra Miltex,"PFPFM, 3274706, 327-4706",Sutures & Surgical Products,Surgical medicaments and packing,https://www.safcodental.com/product/integra-sup-reg-sup-miltex-sup-reg-sup-helicote-sup-reg-sup,$173.99,173.99,,In stock,Collagen Wound Dressing,,"https://www.safcodental.com/media/catalog/product/p/f/pfpfm.jpg?width=265&height=265&canvas=265,265&optimize=medium&fit=bounds","[""https://www.safcodental.com/media/catalog/product/p/f/pfpfm.jpg?width=265&height=265&canvas=265,265&optimize=medium&fit=bounds"", ""https://www.safcodental.com/media/catalog/product/p/f/pfpfm.jpg?width=75&height=75&canvas=75,75&optimize=medium&fit=bounds""]","[{""name"": ""CaviWipes regular 6\"" x 6-3/4\"" 160/can"", ""url"": ""https://www.safcodental.com/catalog/product/view/id/7330/s/caviwipes-regular-6-x-6-3-4-160-can/""}, {""name"": ""saliva ejectors clear body with blue tip 100/bag"", ""url"": ""https://www.safcodental.com/catalog/product/view/id/25393/s/saliva-ejectors-clear-body-with-blue-tip-100-bag/""}, {""name"": ""Safco lidocaine 2% and epinephrine 1:100,000 (red) 50/box"", ""url"": ""https://www.safcodental.com/catalog/product/view/id/61/s/safco-lidocaine-2-and-epinephrine-1-100-000-red-50-box/""}, {""name"": ""saliva ejectors white body with white tip 100/bag"", ""url"": ""https://www.safcodental.com/catalog/product/view/id/25396/s/saliva-ejectors-white-body-with-white-tip-100-bag/""}, {""name"": ""Safco DuraSoft latex gloves small 100/box"", ""url"": ""https://www.safcodental.com/catalog/product/view/id/50917/s/safco-durasoft-latex-gloves-small-100-box/""}, {""name"": ""Safco oral evacuators white 50/bag"", ""url"": ""https://www.safcodental.com/catalog/product/view/id/7198/s/safco-oral-evacuators-white-50-bag/""}, {""name"": ""Nitrilex Surpass nitrile gloves small 300/box"", ""url"": ""https://www.safcodental.com/catalog/product/view/id/56422/s/nitrilex-surpass-nitrile-gloves-small-300-box/""}, {""name"": ""Safco DuraSoft latex gloves medium 100/box"", ""url"": ""https://www.safcodental.com/catalog/product/view/id/50920/s/safco-durasoft-latex-gloves-medium-100-box/""}, {""name"": ""Pure 100% cotton non-woven sponges 2\"" x 2\"", sleeve of 200"", ""url"": ""https://www.safcodental.com/catalog/product/view/id/42178/s/pure-100-cotton-non-woven-sponges-2-x-2-sleeve-of-200/""}, {""name"": ""Nitrilex Surpass nitrile gloves medium 300/box"", ""url"": ""https://www.safcodental.com/catalog/product/view/id/56425/s/nitrilex-surpass-nitrile-gloves-medium-300-box/""}]",62-201,100885,,2026-04-30T04:38:43.813360+00:00,selectors
39,ActCel,Coreva Health Sciences,"PFPAJ, 5140022, 514-0022",Sutures & Surgical Products,Surgical medicaments and packing,https://www.safcodental.com/product/actcel,$108.29,108.29,,In stock,Hemostatic non-resorbable gauze. For external use. Absorbs exudates such as blood or other bodily fluids. Easy to cut to any size or shape. Dispensed in individual sterile pouches.,,"https://www.safcodental.com/media/catalog/product/p/f/pfpaj.jpg?width=265&height=265&canvas=265,265&optimize=medium&fit=bounds","[""https://www.safcodental.com/media/catalog/product/p/f/pfpaj.jpg?width=265&height=265&canvas=265,265&optimize=medium&fit=bounds"", ""https://www.safcodental.com/media/catalog/product/p/f/pfpaj.jpg?width=75&height=75&canvas=75,75&optimize=medium&fit=bounds""]","[{""name"": ""CaviWipes regular 6\"" x 6-3/4\"" 160/can"", ""url"": ""https://www.safcodental.com/catalog/product/view/id/7330/s/caviwipes-regular-6-x-6-3-4-160-can/""}, {""name"": ""saliva ejectors clear body with blue tip 100/bag"", ""url"": ""https://www.safcodental.com/catalog/product/view/id/25393/s/saliva-ejectors-clear-body-with-blue-tip-100-bag/""}, {""name"": ""Safco lidocaine 2% and epinephrine 1:100,000 (red) 50/box"", ""url"": ""https://www.safcodental.com/catalog/product/view/id/61/s/safco-lidocaine-2-and-epinephrine-1-100-000-red-50-box/""}, {""name"": ""saliva ejectors white body with white tip 100/bag"", ""url"": ""https://www.safcodental.com/catalog/product/view/id/25396/s/saliva-ejectors-white-body-with-white-tip-100-bag/""}, {""name"": ""Safco DuraSoft latex gloves small 100/box"", ""url"": ""https://www.safcodental.com/catalog/product/view/id/50917/s/safco-durasoft-latex-gloves-small-100-box/""}, {""name"": ""Safco oral evacuators white 50/bag"", ""url"": ""https://www.safcodental.com/catalog/product/view/id/7198/s/safco-oral-evacuators-white-50-bag/""}, {""name"": ""Nitrilex Surpass nitrile gloves small 300/box"", ""url"": ""https://www.safcodental.com/catalog/product/view/id/56422/s/nitrilex-surpass-nitrile-gloves-small-300-box/""}, {""name"": ""Safco DuraSoft latex gloves medium 100/box"", ""url"": ""https://www.safcodental.com/catalog/product/view/id/50920/s/safco-durasoft-latex-gloves-medium-100-box/""}, {""name"": ""Pure 100% cotton non-woven sponges 2\"" x 2\"", sleeve of 200"", ""url"": ""https://www.safcodental.com/catalog/product/view/id/42178/s/pure-100-cotton-non-woven-sponges-2-x-2-sleeve-of-200/""}, {""name"": ""Nitrilex Surpass nitrile gloves medium 300/box"", ""url"": ""https://www.safcodental.com/catalog/product/view/id/56425/s/nitrilex-surpass-nitrile-gloves-medium-300-box/""}]","GELFOAM,HG020022",100882,,2026-04-30T04:38:48.113386+00:00,selectors
40,Myco Medical Technocut® Disposable Scalpels,Myco Medical,"7570003, 7570026, 7570047, 7570048",Sutures & Surgical Products,Surgical blades and scalpels,https://www.safcodental.com/product/myco-medical-technocut-reg-disposable-scalpels,$8.99,8.99,,In stock,"Non-slip, clear shield improves safety and enables easy blade size identification Ergonomic, non-slip plastic handle with integrated metric ruler for convenience Scalpel blades produced from high-quality Swiss stainless steel 100% automated inspection verifies the blade to handle attachment Cold-staking used for attaching blade to handle, improving consistency Scalpels manufactured in facilities that conform to ISO 13485",,"https://www.safcodental.com/media/catalog/product/p/f/pflxa.jpg?width=265&height=265&canvas=265,265&optimize=medium&fit=bounds","[""https://www.safcodental.com/media/catalog/product/p/f/pflxa.jpg?width=265&height=265&canvas=265,265&optimize=medium&fit=bounds"", ""https://www.safcodental.com/media/catalog/product/p/f/pflxa.jpg?width=75&height=75&canvas=75,75&optimize=medium&fit=bounds""]","[{""name"": ""CaviWipes regular 6\"" x 6-3/4\"" 160/can"", ""url"": ""https://www.safcodental.com/catalog/product/view/id/7330/s/caviwipes-regular-6-x-6-3-4-160-can/""}, {""name"": ""saliva ejectors clear body with blue tip 100/bag"", ""url"": ""https://www.safcodental.com/catalog/product/view/id/25393/s/saliva-ejectors-clear-body-with-blue-tip-100-bag/""}, {""name"": ""Safco lidocaine 2% and epinephrine 1:100,000 (red) 50/box"", ""url"": ""https://www.safcodental.com/catalog/product/view/id/61/s/safco-lidocaine-2-and-epinephrine-1-100-000-red-50-box/""}, {""name"": ""saliva ejectors white body with white tip 100/bag"", ""url"": ""https://www.safcodental.com/catalog/product/view/id/25396/s/saliva-ejectors-white-body-with-white-tip-100-bag/""}, {""name"": ""Safco DuraSoft latex gloves small 100/box"", ""url"": ""https://www.safcodental.com/catalog/product/view/id/50917/s/safco-durasoft-latex-gloves-small-100-box/""}, {""name"": ""Safco oral evacuators white 50/bag"", ""url"": ""https://www.safcodental.com/catalog/product/view/id/7198/s/safco-oral-evacuators-white-50-bag/""}, {""name"": ""Nitrilex Surpass nitrile gloves small 300/box"", ""url"": ""https://www.safcodental.com/catalog/product/view/id/56422/s/nitrilex-surpass-nitrile-gloves-small-300-box/""}, {""name"": ""Safco DuraSoft latex gloves medium 100/box"", ""url"": ""https://www.safcodental.com/catalog/product/view/id/50920/s/safco-durasoft-latex-gloves-medium-100-box/""}, {""name"": ""Pure 100% cotton non-woven sponges 2\"" x 2\"", sleeve of 200"", ""url"": ""https://www.safcodental.com/catalog/product/view/id/42178/s/pure-100-cotton-non-woven-sponges-2-x-2-sleeve-of-200/""}, {""name"": ""Nitrilex Surpass nitrile gloves medium 300/box"", ""url"": ""https://www.safcodental.com/catalog/product/view/id/56425/s/nitrilex-surpass-nitrile-gloves-medium-300-box/""}]","6008T-12,6008T-12B,6008T-11,6008T-15,6008T-10",100879,,2026-04-30T04:38:53.393750+00:00,selectors
41,Myco Medical GLASSVAN® Scalpel Blades,Myco Medical,"PFLWR, 7570022, 757-0022, 7570023, 757-0023, 7570024, 757-0024, 7570042, 757-0042, 7570043, 757-0043, 7570044, 757-0044, 7570045, 757-0045, 7570050, 757-0050, 7570051, 757-0051, 7570052, 757-0052, 7570053, 757-0053",Sutures & Surgical Products,Surgical blades and scalpels,https://www.safcodental.com/product/myco-medical-nbsp-glassvan-reg-scalpel-blades,$24.99,24.99,,In stock,GLASSVAN® Surgical Blades have been trusted by users around the world for more than 25 years.,,"https://www.safcodental.com/media/catalog/product/p/f/pflwr.jpg?width=265&height=265&canvas=265,265&optimize=medium&fit=bounds","[""https://www.safcodental.com/media/catalog/product/p/f/pflwr.jpg?width=265&height=265&canvas=265,265&optimize=medium&fit=bounds"", ""https://www.safcodental.com/media/catalog/product/p/f/pflwr.jpg?width=75&height=75&canvas=75,75&optimize=medium&fit=bounds""]","[{""name"": ""CaviWipes regular 6\"" x 6-3/4\"" 160/can"", ""url"": ""https://www.safcodental.com/catalog/product/view/id/7330/s/caviwipes-regular-6-x-6-3-4-160-can/""}, {""name"": ""saliva ejectors clear body with blue tip 100/bag"", ""url"": ""https://www.safcodental.com/catalog/product/view/id/25393/s/saliva-ejectors-clear-body-with-blue-tip-100-bag/""}, {""name"": ""Safco lidocaine 2% and epinephrine 1:100,000 (red) 50/box"", ""url"": ""https://www.safcodental.com/catalog/product/view/id/61/s/safco-lidocaine-2-and-epinephrine-1-100-000-red-50-box/""}, {""name"": ""saliva ejectors white body with white tip 100/bag"", ""url"": ""https://www.safcodental.com/catalog/product/view/id/25396/s/saliva-ejectors-white-body-with-white-tip-100-bag/""}, {""name"": ""Safco DuraSoft latex gloves small 100/box"", ""url"": ""https://www.safcodental.com/catalog/product/view/id/50917/s/safco-durasoft-latex-gloves-small-100-box/""}, {""name"": ""Safco oral evacuators white 50/bag"", ""url"": ""https://www.safcodental.com/catalog/product/view/id/7198/s/safco-oral-evacuators-white-50-bag/""}, {""name"": ""Nitrilex Surpass nitrile gloves small 300/box"", ""url"": ""https://www.safcodental.com/catalog/product/view/id/56422/s/nitrilex-surpass-nitrile-gloves-small-300-box/""}, {""name"": ""Safco DuraSoft latex gloves medium 100/box"", ""url"": ""https://www.safcodental.com/catalog/product/view/id/50920/s/safco-durasoft-latex-gloves-medium-100-box/""}, {""name"": ""Pure 100% cotton non-woven sponges 2\"" x 2\"", sleeve of 200"", ""url"": ""https://www.safcodental.com/catalog/product/view/id/42178/s/pure-100-cotton-non-woven-sponges-2-x-2-sleeve-of-200/""}, {""name"": ""Nitrilex Surpass nitrile gloves medium 300/box"", ""url"": ""https://www.safcodental.com/catalog/product/view/id/56425/s/nitrilex-surpass-nitrile-gloves-medium-300-box/""}]","2001T-12B,2001T-15C,3001T-12,2001T-15,3001T-11,3001T-15,3001T-15C,2001T-10,2001T-11,2001T-12,3001T-12B",100876,,2026-04-30T04:38:58.928967+00:00,selectors
42,Safety Scalpels,Integra Miltex,"PFLVZ, 3274478, 327-4478, 3274479, 327-4479",Sutures & Surgical Products,Surgical blades and scalpels,https://www.safcodental.com/product/safety-scalpels,$38.49,38.49,,In stock,Retractable blade scalpel offers ultimate safety.,,"https://www.safcodental.com/media/catalog/product/p/f/pflvz.jpg?width=265&height=265&canvas=265,265&optimize=medium&fit=bounds","[""https://www.safcodental.com/media/catalog/product/p/f/pflvz.jpg?width=265&height=265&canvas=265,265&optimize=medium&fit=bounds"", ""https://www.safcodental.com/media/catalog/product/p/f/pflvz.jpg?width=75&height=75&canvas=75,75&optimize=medium&fit=bounds""]","[{""name"": ""CaviWipes regular 6\"" x 6-3/4\"" 160/can"", ""url"": ""https://www.safcodental.com/catalog/product/view/id/7330/s/caviwipes-regular-6-x-6-3-4-160-can/""}, {""name"": ""saliva ejectors clear body with blue tip 100/bag"", ""url"": ""https://www.safcodental.com/catalog/product/view/id/25393/s/saliva-ejectors-clear-body-with-blue-tip-100-bag/""}, {""name"": ""Safco lidocaine 2% and epinephrine 1:100,000 (red) 50/box"", ""url"": ""https://www.safcodental.com/catalog/product/view/id/61/s/safco-lidocaine-2-and-epinephrine-1-100-000-red-50-box/""}, {""name"": ""saliva ejectors white body with white tip 100/bag"", ""url"": ""https://www.safcodental.com/catalog/product/view/id/25396/s/saliva-ejectors-white-body-with-white-tip-100-bag/""}, {""name"": ""Safco DuraSoft latex gloves small 100/box"", ""url"": ""https://www.safcodental.com/catalog/product/view/id/50917/s/safco-durasoft-latex-gloves-small-100-box/""}, {""name"": ""Safco oral evacuators white 50/bag"", ""url"": ""https://www.safcodental.com/catalog/product/view/id/7198/s/safco-oral-evacuators-white-50-bag/""}, {""name"": ""Nitrilex Surpass nitrile gloves small 300/box"", ""url"": ""https://www.safcodental.com/catalog/product/view/id/56422/s/nitrilex-surpass-nitrile-gloves-small-300-box/""}, {""name"": ""Safco DuraSoft latex gloves medium 100/box"", ""url"": ""https://www.safcodental.com/catalog/product/view/id/50920/s/safco-durasoft-latex-gloves-medium-100-box/""}, {""name"": ""Pure 100% cotton non-woven sponges 2\"" x 2\"", sleeve of 200"", ""url"": ""https://www.safcodental.com/catalog/product/view/id/42178/s/pure-100-cotton-non-woven-sponges-2-x-2-sleeve-of-200/""}, {""name"": ""Nitrilex Surpass nitrile gloves medium 300/box"", ""url"": ""https://www.safcodental.com/catalog/product/view/id/56425/s/nitrilex-surpass-nitrile-gloves-medium-300-box/""}]","4-515,4-515C",100870,,2026-04-30T04:39:04.340910+00:00,selectors
43,Disposable scalpels - Integra Miltex,Integra Miltex,"PFLUN, 3274102, 327-4102, 3274104, 327-4104, 3274106, 327-4106, 3274108, 327-4108",Sutures & Surgical Products,Surgical blades and scalpels,https://www.safcodental.com/product/disposable-scalpels-integra-miltex,$18.99,18.99,,In stock,Sterile disposable scalpel; plastic handle with a stainless steel blade. Razor sharp for superior cutting and a clean incision.,,"https://www.safcodental.com/media/catalog/product/p/f/pflun.jpg?width=265&height=265&canvas=265,265&optimize=medium&fit=bounds","[""https://www.safcodental.com/media/catalog/product/p/f/pflun.jpg?width=265&height=265&canvas=265,265&optimize=medium&fit=bounds"", ""https://www.safcodental.com/media/catalog/product/p/f/pflun.jpg?width=75&height=75&canvas=75,75&optimize=medium&fit=bounds""]","[{""name"": ""CaviWipes regular 6\"" x 6-3/4\"" 160/can"", ""url"": ""https://www.safcodental.com/catalog/product/view/id/7330/s/caviwipes-regular-6-x-6-3-4-160-can/""}, {""name"": ""saliva ejectors clear body with blue tip 100/bag"", ""url"": ""https://www.safcodental.com/catalog/product/view/id/25393/s/saliva-ejectors-clear-body-with-blue-tip-100-bag/""}, {""name"": ""Safco lidocaine 2% and epinephrine 1:100,000 (red) 50/box"", ""url"": ""https://www.safcodental.com/catalog/product/view/id/61/s/safco-lidocaine-2-and-epinephrine-1-100-000-red-50-box/""}, {""name"": ""saliva ejectors white body with white tip 100/bag"", ""url"": ""https://www.safcodental.com/catalog/product/view/id/25396/s/saliva-ejectors-white-body-with-white-tip-100-bag/""}, {""name"": ""Safco DuraSoft latex gloves small 100/box"", ""url"": ""https://www.safcodental.com/catalog/product/view/id/50917/s/safco-durasoft-latex-gloves-small-100-box/""}, {""name"": ""Safco oral evacuators white 50/bag"", ""url"": ""https://www.safcodental.com/catalog/product/view/id/7198/s/safco-oral-evacuators-white-50-bag/""}, {""name"": ""Nitrilex Surpass nitrile gloves small 300/box"", ""url"": ""https://www.safcodental.com/catalog/product/view/id/56422/s/nitrilex-surpass-nitrile-gloves-small-300-box/""}, {""name"": ""Safco DuraSoft latex gloves medium 100/box"", ""url"": ""https://www.safcodental.com/catalog/product/view/id/50920/s/safco-durasoft-latex-gloves-medium-100-box/""}, {""name"": ""Pure 100% cotton non-woven sponges 2\"" x 2\"", sleeve of 200"", ""url"": ""https://www.safcodental.com/catalog/product/view/id/42178/s/pure-100-cotton-non-woven-sponges-2-x-2-sleeve-of-200/""}, {""name"": ""Nitrilex Surpass nitrile gloves medium 300/box"", ""url"": ""https://www.safcodental.com/catalog/product/view/id/56425/s/nitrilex-surpass-nitrile-gloves-medium-300-box/""}]","4-410,4-411,4-412,4-415",100864,,2026-04-30T04:39:09.634775+00:00,selectors
44,Disposable scalpels - Bard-Parker (BD),Bard-Parker,"PFLUG, 3381410, 338-1410, 3381422, 338-1422, 3381458, 338-1458",Sutures & Surgical Products,Surgical blades and scalpels,https://www.safcodental.com/product/disposable-scalpels-bard-parker-bd,$17.99,17.99,,In stock,"Sterile disposable scalpel with a stainless steel blade. Intended for tissue separation, and other procedures that require a sharp surgical blade to puncture or cut.",,"https://www.safcodental.com/media/catalog/product/p/f/pflug.jpg?width=265&height=265&canvas=265,265&optimize=medium&fit=bounds","[""https://www.safcodental.com/media/catalog/product/p/f/pflug.jpg?width=265&height=265&canvas=265,265&optimize=medium&fit=bounds"", ""https://www.safcodental.com/media/catalog/product/p/f/pflug.jpg?width=75&height=75&canvas=75,75&optimize=medium&fit=bounds""]","[{""name"": ""CaviWipes regular 6\"" x 6-3/4\"" 160/can"", ""url"": ""https://www.safcodental.com/catalog/product/view/id/7330/s/caviwipes-regular-6-x-6-3-4-160-can/""}, {""name"": ""saliva ejectors clear body with blue tip 100/bag"", ""url"": ""https://www.safcodental.com/catalog/product/view/id/25393/s/saliva-ejectors-clear-body-with-blue-tip-100-bag/""}, {""name"": ""Safco lidocaine 2% and epinephrine 1:100,000 (red) 50/box"", ""url"": ""https://www.safcodental.com/catalog/product/view/id/61/s/safco-lidocaine-2-and-epinephrine-1-100-000-red-50-box/""}, {""name"": ""saliva ejectors white body with white tip 100/bag"", ""url"": ""https://www.safcodental.com/catalog/product/view/id/25396/s/saliva-ejectors-white-body-with-white-tip-100-bag/""}, {""name"": ""Safco DuraSoft latex gloves small 100/box"", ""url"": ""https://www.safcodental.com/catalog/product/view/id/50917/s/safco-durasoft-latex-gloves-small-100-box/""}, {""name"": ""Safco oral evacuators white 50/bag"", ""url"": ""https://www.safcodental.com/catalog/product/view/id/7198/s/safco-oral-evacuators-white-50-bag/""}, {""name"": ""Nitrilex Surpass nitrile gloves small 300/box"", ""url"": ""https://www.safcodental.com/catalog/product/view/id/56422/s/nitrilex-surpass-nitrile-gloves-small-300-box/""}, {""name"": ""Safco DuraSoft latex gloves medium 100/box"", ""url"": ""https://www.safcodental.com/catalog/product/view/id/50920/s/safco-durasoft-latex-gloves-medium-100-box/""}, {""name"": ""Pure 100% cotton non-woven sponges 2\"" x 2\"", sleeve of 200"", ""url"": ""https://www.safcodental.com/catalog/product/view/id/42178/s/pure-100-cotton-non-woven-sponges-2-x-2-sleeve-of-200/""}, {""name"": ""Nitrilex Surpass nitrile gloves medium 300/box"", ""url"": ""https://www.safcodental.com/catalog/product/view/id/56425/s/nitrilex-surpass-nitrile-gloves-medium-300-box/""}]","371610,371611,371612",100861,,2026-04-30T04:39:13.966558+00:00,selectors
45,Surgical blades - Hu-Friedy,Hu-Friedy,"PFLTA, 3920328, 392-0328, 3920391, 392-0391, 3920458, 392-0458, 3928961, 392-8961, 3930043, 393-0043, 3930133, 393-0133, 3930151, 393-0151",Sutures & Surgical Products,Surgical blades and scalpels,https://www.safcodental.com/product/surgical-blades-hu-friedy,$93.99,93.99,,In stock,The Hu-Friedy surgical blades are single use carbon steel blades used for cutting gingival tissue and making surgical incisions. They are crafted from the finest materials for strength and durability. Both microsurgical and standard styles are offered to match clinician and procedural preferences.,,"https://www.safcodental.com/media/catalog/product/p/f/pflta.jpg?width=265&height=265&canvas=265,265&optimize=medium&fit=bounds","[""https://www.safcodental.com/media/catalog/product/p/f/pflta.jpg?width=265&height=265&canvas=265,265&optimize=medium&fit=bounds"", ""https://www.safcodental.com/media/catalog/product/p/f/pflta.jpg?width=75&height=75&canvas=75,75&optimize=medium&fit=bounds""]","[{""name"": ""CaviWipes regular 6\"" x 6-3/4\"" 160/can"", ""url"": ""https://www.safcodental.com/catalog/product/view/id/7330/s/caviwipes-regular-6-x-6-3-4-160-can/""}, {""name"": ""saliva ejectors clear body with blue tip 100/bag"", ""url"": ""https://www.safcodental.com/catalog/product/view/id/25393/s/saliva-ejectors-clear-body-with-blue-tip-100-bag/""}, {""name"": ""Safco lidocaine 2% and epinephrine 1:100,000 (red) 50/box"", ""url"": ""https://www.safcodental.com/catalog/product/view/id/61/s/safco-lidocaine-2-and-epinephrine-1-100-000-red-50-box/""}, {""name"": ""saliva ejectors white body with white tip 100/bag"", ""url"": ""https://www.safcodental.com/catalog/product/view/id/25396/s/saliva-ejectors-white-body-with-white-tip-100-bag/""}, {""name"": ""Safco DuraSoft latex gloves small 100/box"", ""url"": ""https://www.safcodental.com/catalog/product/view/id/50917/s/safco-durasoft-latex-gloves-small-100-box/""}, {""name"": ""Safco oral evacuators white 50/bag"", ""url"": ""https://www.safcodental.com/catalog/product/view/id/7198/s/safco-oral-evacuators-white-50-bag/""}, {""name"": ""Nitrilex Surpass nitrile gloves small 300/box"", ""url"": ""https://www.safcodental.com/catalog/product/view/id/56422/s/nitrilex-surpass-nitrile-gloves-small-300-box/""}, {""name"": ""Safco DuraSoft latex gloves medium 100/box"", ""url"": ""https://www.safcodental.com/catalog/product/view/id/50920/s/safco-durasoft-latex-gloves-medium-100-box/""}, {""name"": ""Pure 100% cotton non-woven sponges 2\"" x 2\"", sleeve of 200"", ""url"": ""https://www.safcodental.com/catalog/product/view/id/42178/s/pure-100-cotton-non-woven-sponges-2-x-2-sleeve-of-200/""}, {""name"": ""Nitrilex Surpass nitrile gloves medium 300/box"", ""url"": ""https://www.safcodental.com/catalog/product/view/id/56425/s/nitrilex-surpass-nitrile-gloves-medium-300-box/""}]","MB67,10-256-15,10-255-12,10-255-15,MB69,MB63,MIM64",100858,,2026-04-30T04:39:18.365804+00:00,selectors
46,Disposable scalpels,Queens Surgical,"PFLSE, 3440127, 344-0127, 3440133, 344-0133, 3440145, 344-0145, 3440156, 344-0156",Sutures & Surgical Products,Surgical blades and scalpels,https://www.safcodental.com/product/disposable-scalpels,$9.49,9.49,,In stock,Sterile disposable scalpel; plastic handle with stainless steel blade.,,"https://www.safcodental.com/media/catalog/product/p/f/pflse.jpg?width=265&height=265&canvas=265,265&optimize=medium&fit=bounds","[""https://www.safcodental.com/media/catalog/product/p/f/pflse.jpg?width=265&height=265&canvas=265,265&optimize=medium&fit=bounds"", ""https://www.safcodental.com/media/catalog/product/p/f/pflse.jpg?width=75&height=75&canvas=75,75&optimize=medium&fit=bounds""]","[{""name"": ""CaviWipes regular 6\"" x 6-3/4\"" 160/can"", ""url"": ""https://www.safcodental.com/catalog/product/view/id/7330/s/caviwipes-regular-6-x-6-3-4-160-can/""}, {""name"": ""saliva ejectors clear body with blue tip 100/bag"", ""url"": ""https://www.safcodental.com/catalog/product/view/id/25393/s/saliva-ejectors-clear-body-with-blue-tip-100-bag/""}, {""name"": ""Safco lidocaine 2% and epinephrine 1:100,000 (red) 50/box"", ""url"": ""https://www.safcodental.com/catalog/product/view/id/61/s/safco-lidocaine-2-and-epinephrine-1-100-000-red-50-box/""}, {""name"": ""saliva ejectors white body with white tip 100/bag"", ""url"": ""https://www.safcodental.com/catalog/product/view/id/25396/s/saliva-ejectors-white-body-with-white-tip-100-bag/""}, {""name"": ""Safco DuraSoft latex gloves small 100/box"", ""url"": ""https://www.safcodental.com/catalog/product/view/id/50917/s/safco-durasoft-latex-gloves-small-100-box/""}, {""name"": ""Safco oral evacuators white 50/bag"", ""url"": ""https://www.safcodental.com/catalog/product/view/id/7198/s/safco-oral-evacuators-white-50-bag/""}, {""name"": ""Nitrilex Surpass nitrile gloves small 300/box"", ""url"": ""https://www.safcodental.com/catalog/product/view/id/56422/s/nitrilex-surpass-nitrile-gloves-small-300-box/""}, {""name"": ""Safco DuraSoft latex gloves medium 100/box"", ""url"": ""https://www.safcodental.com/catalog/product/view/id/50920/s/safco-durasoft-latex-gloves-medium-100-box/""}, {""name"": ""Pure 100% cotton non-woven sponges 2\"" x 2\"", sleeve of 200"", ""url"": ""https://www.safcodental.com/catalog/product/view/id/42178/s/pure-100-cotton-non-woven-sponges-2-x-2-sleeve-of-200/""}, {""name"": ""Nitrilex Surpass nitrile gloves medium 300/box"", ""url"": ""https://www.safcodental.com/catalog/product/view/id/56425/s/nitrilex-surpass-nitrile-gloves-medium-300-box/""}]",,100855,,2026-04-30T04:39:23.972583+00:00,selectors
47,"Myco Medical Glassvan® Microsurgical Blades, Carbon Steel",Myco Medical,"7570001, 7570025",Sutures & Surgical Products,Surgical blades and scalpels,https://www.safcodental.com/product/myco-medical-glassvan-reg-microsurgical-blades-carbon-steel,$8.49,8.49,,In stock,GLASSVAN® surgical blades have been trusted by users around the world for more than 25 years.,,"https://www.safcodental.com/media/catalog/product/p/f/pflqt.jpg?width=265&height=265&canvas=265,265&optimize=medium&fit=bounds","[""https://www.safcodental.com/media/catalog/product/p/f/pflqt.jpg?width=265&height=265&canvas=265,265&optimize=medium&fit=bounds"", ""https://www.safcodental.com/media/catalog/product/p/f/pflqt.jpg?width=75&height=75&canvas=75,75&optimize=medium&fit=bounds""]","[{""name"": ""CaviWipes regular 6\"" x 6-3/4\"" 160/can"", ""url"": ""https://www.safcodental.com/catalog/product/view/id/7330/s/caviwipes-regular-6-x-6-3-4-160-can/""}, {""name"": ""saliva ejectors clear body with blue tip 100/bag"", ""url"": ""https://www.safcodental.com/catalog/product/view/id/25393/s/saliva-ejectors-clear-body-with-blue-tip-100-bag/""}, {""name"": ""Safco lidocaine 2% and epinephrine 1:100,000 (red) 50/box"", ""url"": ""https://www.safcodental.com/catalog/product/view/id/61/s/safco-lidocaine-2-and-epinephrine-1-100-000-red-50-box/""}, {""name"": ""saliva ejectors white body with white tip 100/bag"", ""url"": ""https://www.safcodental.com/catalog/product/view/id/25396/s/saliva-ejectors-white-body-with-white-tip-100-bag/""}, {""name"": ""Safco DuraSoft latex gloves small 100/box"", ""url"": ""https://www.safcodental.com/catalog/product/view/id/50917/s/safco-durasoft-latex-gloves-small-100-box/""}, {""name"": ""Safco oral evacuators white 50/bag"", ""url"": ""https://www.safcodental.com/catalog/product/view/id/7198/s/safco-oral-evacuators-white-50-bag/""}, {""name"": ""Nitrilex Surpass nitrile gloves small 300/box"", ""url"": ""https://www.safcodental.com/catalog/product/view/id/56422/s/nitrilex-surpass-nitrile-gloves-small-300-box/""}, {""name"": ""Safco DuraSoft latex gloves medium 100/box"", ""url"": ""https://www.safcodental.com/catalog/product/view/id/50920/s/safco-durasoft-latex-gloves-medium-100-box/""}, {""name"": ""Pure 100% cotton non-woven sponges 2\"" x 2\"", sleeve of 200"", ""url"": ""https://www.safcodental.com/catalog/product/view/id/42178/s/pure-100-cotton-non-woven-sponges-2-x-2-sleeve-of-200/""}, {""name"": ""Nitrilex Surpass nitrile gloves medium 300/box"", ""url"": ""https://www.safcodental.com/catalog/product/view/id/56425/s/nitrilex-surpass-nitrile-gloves-medium-300-box/""}]","2002-67,2002-64",100852,,2026-04-30T04:39:29.461178+00:00,selectors
48,Scalpel Handles - Hu-Friedy,Hu-Friedy,"PFLNB, 3920389, 392-0389, 3921896, 392-1896, 3928908, 392-8908, 3928914, 392-8914, 3929442, 392-9442",Sutures & Surgical Products,Surgical blades and scalpels,https://www.safcodental.com/product/scalpel-handles-hu-friedy,$36.99,36.99,,In stock,The #3 style scalpel handle with metric ruler is used for cutting gingival tissue and making surgical incisions.,,"https://www.safcodental.com/media/catalog/product/p/f/pflnb.jpg?width=265&height=265&canvas=265,265&optimize=medium&fit=bounds","[""https://www.safcodental.com/media/catalog/product/p/f/pflnb.jpg?width=265&height=265&canvas=265,265&optimize=medium&fit=bounds"", ""https://www.safcodental.com/media/catalog/product/p/f/pflnb.jpg?width=75&height=75&canvas=75,75&optimize=medium&fit=bounds""]","[{""name"": ""CaviWipes regular 6\"" x 6-3/4\"" 160/can"", ""url"": ""https://www.safcodental.com/catalog/product/view/id/7330/s/caviwipes-regular-6-x-6-3-4-160-can/""}, {""name"": ""saliva ejectors clear body with blue tip 100/bag"", ""url"": ""https://www.safcodental.com/catalog/product/view/id/25393/s/saliva-ejectors-clear-body-with-blue-tip-100-bag/""}, {""name"": ""Safco lidocaine 2% and epinephrine 1:100,000 (red) 50/box"", ""url"": ""https://www.safcodental.com/catalog/product/view/id/61/s/safco-lidocaine-2-and-epinephrine-1-100-000-red-50-box/""}, {""name"": ""saliva ejectors white body with white tip 100/bag"", ""url"": ""https://www.safcodental.com/catalog/product/view/id/25396/s/saliva-ejectors-white-body-with-white-tip-100-bag/""}, {""name"": ""Safco DuraSoft latex gloves small 100/box"", ""url"": ""https://www.safcodental.com/catalog/product/view/id/50917/s/safco-durasoft-latex-gloves-small-100-box/""}, {""name"": ""Safco oral evacuators white 50/bag"", ""url"": ""https://www.safcodental.com/catalog/product/view/id/7198/s/safco-oral-evacuators-white-50-bag/""}, {""name"": ""Nitrilex Surpass nitrile gloves small 300/box"", ""url"": ""https://www.safcodental.com/catalog/product/view/id/56422/s/nitrilex-surpass-nitrile-gloves-small-300-box/""}, {""name"": ""Safco DuraSoft latex gloves medium 100/box"", ""url"": ""https://www.safcodental.com/catalog/product/view/id/50920/s/safco-durasoft-latex-gloves-medium-100-box/""}, {""name"": ""Pure 100% cotton non-woven sponges 2\"" x 2\"", sleeve of 200"", ""url"": ""https://www.safcodental.com/catalog/product/view/id/42178/s/pure-100-cotton-non-woven-sponges-2-x-2-sleeve-of-200/""}, {""name"": ""Nitrilex Surpass nitrile gloves medium 300/box"", ""url"": ""https://www.safcodental.com/catalog/product/view/id/56425/s/nitrilex-surpass-nitrile-gloves-medium-300-box/""}]","10-130-05A,10-130-05E,10-130-03,10-130-05,10-130-70",100849,,2026-04-30T04:39:35.116024+00:00,selectors
49,Surgical blade handles - Bard-Parker (BD),Bard-Parker,"3381337, 3381340",Sutures & Surgical Products,Surgical blades and scalpels,https://www.safcodental.com/product/surgical-blade-handles-bard-parker-bd,$31.59,31.59,,In stock,"Stainless steel. Handles are intended to be used for tissue separation, and other procedures that require a sharp surgical blade to puncture or cut.",,"https://www.safcodental.com/media/catalog/product/p/f/pflma.jpg?width=265&height=265&canvas=265,265&optimize=medium&fit=bounds","[""https://www.safcodental.com/media/catalog/product/p/f/pflma.jpg?width=265&height=265&canvas=265,265&optimize=medium&fit=bounds"", ""https://www.safcodental.com/media/catalog/product/p/f/pflma.jpg?width=75&height=75&canvas=75,75&optimize=medium&fit=bounds""]","[{""name"": ""CaviWipes regular 6\"" x 6-3/4\"" 160/can"", ""url"": ""https://www.safcodental.com/catalog/product/view/id/7330/s/caviwipes-regular-6-x-6-3-4-160-can/""}, {""name"": ""saliva ejectors clear body with blue tip 100/bag"", ""url"": ""https://www.safcodental.com/catalog/product/view/id/25393/s/saliva-ejectors-clear-body-with-blue-tip-100-bag/""}, {""name"": ""Safco lidocaine 2% and epinephrine 1:100,000 (red) 50/box"", ""url"": ""https://www.safcodental.com/catalog/product/view/id/61/s/safco-lidocaine-2-and-epinephrine-1-100-000-red-50-box/""}, {""name"": ""saliva ejectors white body with white tip 100/bag"", ""url"": ""https://www.safcodental.com/catalog/product/view/id/25396/s/saliva-ejectors-white-body-with-white-tip-100-bag/""}, {""name"": ""Safco DuraSoft latex gloves small 100/box"", ""url"": ""https://www.safcodental.com/catalog/product/view/id/50917/s/safco-durasoft-latex-gloves-small-100-box/""}, {""name"": ""Safco oral evacuators white 50/bag"", ""url"": ""https://www.safcodental.com/catalog/product/view/id/7198/s/safco-oral-evacuators-white-50-bag/""}, {""name"": ""Nitrilex Surpass nitrile gloves small 300/box"", ""url"": ""https://www.safcodental.com/catalog/product/view/id/56422/s/nitrilex-surpass-nitrile-gloves-small-300-box/""}, {""name"": ""Safco DuraSoft latex gloves medium 100/box"", ""url"": ""https://www.safcodental.com/catalog/product/view/id/50920/s/safco-durasoft-latex-gloves-medium-100-box/""}, {""name"": ""Pure 100% cotton non-woven sponges 2\"" x 2\"", sleeve of 200"", ""url"": ""https://www.safcodental.com/catalog/product/view/id/42178/s/pure-100-cotton-non-woven-sponges-2-x-2-sleeve-of-200/""}, {""name"": ""Nitrilex Surpass nitrile gloves medium 300/box"", ""url"": ""https://www.safcodental.com/catalog/product/view/id/56425/s/nitrilex-surpass-nitrile-gloves-medium-300-box/""}]","371030,371040",100846,,2026-04-30T04:39:40.510821+00:00,selectors
50,Surgical blades,Queens Surgical,"PFLJQ, 3440209, 344-0209, 3440212, 344-0212, 3440217, 344-0217, 3440221, 344-0221, 3440231, 344-0231, 3440236, 344-0236, 3440308, 344-0308, 3440311, 344-0311, 3440316, 344-0316, 3440319, 344-0319, 3440322, 344-0322, 3440325, 344-0325, 3440329, 344-0329",Sutures & Surgical Products,Surgical blades and scalpels,https://www.safcodental.com/product/surgical-blades,$15.99,15.99,,In stock,"Box of 100 single-use blades, in sterile foil packs.",,"https://www.safcodental.com/media/catalog/product/p/f/pfljq.jpg?width=265&height=265&canvas=265,265&optimize=medium&fit=bounds","[""https://www.safcodental.com/media/catalog/product/p/f/pfljq.jpg?width=265&height=265&canvas=265,265&optimize=medium&fit=bounds"", ""https://www.safcodental.com/media/catalog/product/p/f/pfljq.jpg?width=75&height=75&canvas=75,75&optimize=medium&fit=bounds""]","[{""name"": ""CaviWipes regular 6\"" x 6-3/4\"" 160/can"", ""url"": ""https://www.safcodental.com/catalog/product/view/id/7330/s/caviwipes-regular-6-x-6-3-4-160-can/""}, {""name"": ""saliva ejectors clear body with blue tip 100/bag"", ""url"": ""https://www.safcodental.com/catalog/product/view/id/25393/s/saliva-ejectors-clear-body-with-blue-tip-100-bag/""}, {""name"": ""Safco lidocaine 2% and epinephrine 1:100,000 (red) 50/box"", ""url"": ""https://www.safcodental.com/catalog/product/view/id/61/s/safco-lidocaine-2-and-epinephrine-1-100-000-red-50-box/""}, {""name"": ""saliva ejectors white body with white tip 100/bag"", ""url"": ""https://www.safcodental.com/catalog/product/view/id/25396/s/saliva-ejectors-white-body-with-white-tip-100-bag/""}, {""name"": ""Safco DuraSoft latex gloves small 100/box"", ""url"": ""https://www.safcodental.com/catalog/product/view/id/50917/s/safco-durasoft-latex-gloves-small-100-box/""}, {""name"": ""Safco oral evacuators white 50/bag"", ""url"": ""https://www.safcodental.com/catalog/product/view/id/7198/s/safco-oral-evacuators-white-50-bag/""}, {""name"": ""Nitrilex Surpass nitrile gloves small 300/box"", ""url"": ""https://www.safcodental.com/catalog/product/view/id/56422/s/nitrilex-surpass-nitrile-gloves-small-300-box/""}, {""name"": ""Safco DuraSoft latex gloves medium 100/box"", ""url"": ""https://www.safcodental.com/catalog/product/view/id/50920/s/safco-durasoft-latex-gloves-medium-100-box/""}, {""name"": ""Pure 100% cotton non-woven sponges 2\"" x 2\"", sleeve of 200"", ""url"": ""https://www.safcodental.com/catalog/product/view/id/42178/s/pure-100-cotton-non-woven-sponges-2-x-2-sleeve-of-200/""}, {""name"": ""Nitrilex Surpass nitrile gloves medium 300/box"", ""url"": ""https://www.safcodental.com/catalog/product/view/id/56425/s/nitrilex-surpass-nitrile-gloves-medium-300-box/""}]","SBHCS10,SBHCS11",100843,,2026-04-30T04:39:45.763530+00:00,selectors
51,Surgical blades - Integra Miltex,Integra Miltex,"PFLGV, 3271504, 327-1504, 3271513, 327-1513, 3271523, 327-1523, 3271527, 327-1527, 3271535, 327-1535, 3271541, 327-1541, 3271567, 327-1567, 3271578, 327-1578, 3271586, 327-1586, 3271590, 327-1590, 3271614, 327-1614, 3271621, 327-1621, 3271636, 327-1636, 3271642, 327-1642, 3271653, 327-1653, 3271665, 327-1665, 3271687, 327-1687",Sutures & Surgical Products,Surgical blades and scalpels,https://www.safcodental.com/product/surgical-blades-integra-miltex,$50.99,50.99,,In stock,"Box of 100 sterile single-use blades, in individual foil packs.",,"https://www.safcodental.com/media/catalog/product/p/f/pflgv.jpg?width=265&height=265&canvas=265,265&optimize=medium&fit=bounds","[""https://www.safcodental.com/media/catalog/product/p/f/pflgv.jpg?width=265&height=265&canvas=265,265&optimize=medium&fit=bounds"", ""https://www.safcodental.com/media/catalog/product/p/f/pflgv.jpg?width=75&height=75&canvas=75,75&optimize=medium&fit=bounds""]","[{""name"": ""CaviWipes regular 6\"" x 6-3/4\"" 160/can"", ""url"": ""https://www.safcodental.com/catalog/product/view/id/7330/s/caviwipes-regular-6-x-6-3-4-160-can/""}, {""name"": ""saliva ejectors clear body with blue tip 100/bag"", ""url"": ""https://www.safcodental.com/catalog/product/view/id/25393/s/saliva-ejectors-clear-body-with-blue-tip-100-bag/""}, {""name"": ""Safco lidocaine 2% and epinephrine 1:100,000 (red) 50/box"", ""url"": ""https://www.safcodental.com/catalog/product/view/id/61/s/safco-lidocaine-2-and-epinephrine-1-100-000-red-50-box/""}, {""name"": ""saliva ejectors white body with white tip 100/bag"", ""url"": ""https://www.safcodental.com/catalog/product/view/id/25396/s/saliva-ejectors-white-body-with-white-tip-100-bag/""}, {""name"": ""Safco DuraSoft latex gloves small 100/box"", ""url"": ""https://www.safcodental.com/catalog/product/view/id/50917/s/safco-durasoft-latex-gloves-small-100-box/""}, {""name"": ""Safco oral evacuators white 50/bag"", ""url"": ""https://www.safcodental.com/catalog/product/view/id/7198/s/safco-oral-evacuators-white-50-bag/""}, {""name"": ""Nitrilex Surpass nitrile gloves small 300/box"", ""url"": ""https://www.safcodental.com/catalog/product/view/id/56422/s/nitrilex-surpass-nitrile-gloves-small-300-box/""}, {""name"": ""Safco DuraSoft latex gloves medium 100/box"", ""url"": ""https://www.safcodental.com/catalog/product/view/id/50920/s/safco-durasoft-latex-gloves-medium-100-box/""}, {""name"": ""Pure 100% cotton non-woven sponges 2\"" x 2\"", sleeve of 200"", ""url"": ""https://www.safcodental.com/catalog/product/view/id/42178/s/pure-100-cotton-non-woven-sponges-2-x-2-sleeve-of-200/""}, {""name"": ""Nitrilex Surpass nitrile gloves medium 300/box"", ""url"": ""https://www.safcodental.com/catalog/product/view/id/56425/s/nitrilex-surpass-nitrile-gloves-medium-300-box/""}]","4-310,4-311,4-312,4-312B,4-315,4-315C,4-321,4-322,4-323,4-325,4-110,4-111,4-112,4-112B,4-115,4-115C,4-125",100840,,2026-04-30T04:39:51.200162+00:00,selectors
52,Surgical blades - Bard-Parker (BD),Bard-Parker,"PFLDB, 3381242, 338-1242, 3381264, 338-1264, 3381290, 338-1290, 3385011, 338-5011, 3385015, 338-5015, 3385017, 338-5017",Sutures & Surgical Products,Surgical blades and scalpels,https://www.safcodental.com/product/surgical-blades-bard-parker-bd,$55.29,55.29,,In stock,Single-use blades in individual foil packs.,,"https://www.safcodental.com/media/catalog/product/p/f/pfldb.jpg?width=265&height=265&canvas=265,265&optimize=medium&fit=bounds","[""https://www.safcodental.com/media/catalog/product/p/f/pfldb.jpg?width=265&height=265&canvas=265,265&optimize=medium&fit=bounds"", ""https://www.safcodental.com/media/catalog/product/p/f/pfldb.jpg?width=75&height=75&canvas=75,75&optimize=medium&fit=bounds""]","[{""name"": ""CaviWipes regular 6\"" x 6-3/4\"" 160/can"", ""url"": ""https://www.safcodental.com/catalog/product/view/id/7330/s/caviwipes-regular-6-x-6-3-4-160-can/""}, {""name"": ""saliva ejectors clear body with blue tip 100/bag"", ""url"": ""https://www.safcodental.com/catalog/product/view/id/25393/s/saliva-ejectors-clear-body-with-blue-tip-100-bag/""}, {""name"": ""Safco lidocaine 2% and epinephrine 1:100,000 (red) 50/box"", ""url"": ""https://www.safcodental.com/catalog/product/view/id/61/s/safco-lidocaine-2-and-epinephrine-1-100-000-red-50-box/""}, {""name"": ""saliva ejectors white body with white tip 100/bag"", ""url"": ""https://www.safcodental.com/catalog/product/view/id/25396/s/saliva-ejectors-white-body-with-white-tip-100-bag/""}, {""name"": ""Safco DuraSoft latex gloves small 100/box"", ""url"": ""https://www.safcodental.com/catalog/product/view/id/50917/s/safco-durasoft-latex-gloves-small-100-box/""}, {""name"": ""Safco oral evacuators white 50/bag"", ""url"": ""https://www.safcodental.com/catalog/product/view/id/7198/s/safco-oral-evacuators-white-50-bag/""}, {""name"": ""Nitrilex Surpass nitrile gloves small 300/box"", ""url"": ""https://www.safcodental.com/catalog/product/view/id/56422/s/nitrilex-surpass-nitrile-gloves-small-300-box/""}, {""name"": ""Safco DuraSoft latex gloves medium 100/box"", ""url"": ""https://www.safcodental.com/catalog/product/view/id/50920/s/safco-durasoft-latex-gloves-medium-100-box/""}, {""name"": ""Pure 100% cotton non-woven sponges 2\"" x 2\"", sleeve of 200"", ""url"": ""https://www.safcodental.com/catalog/product/view/id/42178/s/pure-100-cotton-non-woven-sponges-2-x-2-sleeve-of-200/""}, {""name"": ""Nitrilex Surpass nitrile gloves medium 300/box"", ""url"": ""https://www.safcodental.com/catalog/product/view/id/56425/s/nitrilex-surpass-nitrile-gloves-medium-300-box/""}]","371211,371716,371325,371115,371212,371215",100837,,2026-04-30T04:39:55.654282+00:00,selectors
53,Suture needles - Integra Miltex,Integra Miltex,"PFHIK, 3271223, 327-1223",Sutures & Surgical Products,Suture needles,https://www.safcodental.com/product/suture-needles-integra-miltex,$52.49,52.49,,In stock,Miltex Regular Surgeon's Needles.,,"https://www.safcodental.com/media/catalog/product/p/f/pfhik.jpg?width=265&height=265&canvas=265,265&optimize=medium&fit=bounds","[""https://www.safcodental.com/media/catalog/product/p/f/pfhik.jpg?width=265&height=265&canvas=265,265&optimize=medium&fit=bounds"", ""https://www.safcodental.com/media/catalog/product/p/f/pfhik.jpg?width=75&height=75&canvas=75,75&optimize=medium&fit=bounds""]","[{""name"": ""CaviWipes regular 6\"" x 6-3/4\"" 160/can"", ""url"": ""https://www.safcodental.com/catalog/product/view/id/7330/s/caviwipes-regular-6-x-6-3-4-160-can/""}, {""name"": ""saliva ejectors clear body with blue tip 100/bag"", ""url"": ""https://www.safcodental.com/catalog/product/view/id/25393/s/saliva-ejectors-clear-body-with-blue-tip-100-bag/""}, {""name"": ""Safco lidocaine 2% and epinephrine 1:100,000 (red) 50/box"", ""url"": ""https://www.safcodental.com/catalog/product/view/id/61/s/safco-lidocaine-2-and-epinephrine-1-100-000-red-50-box/""}, {""name"": ""saliva ejectors white body with white tip 100/bag"", ""url"": ""https://www.safcodental.com/catalog/product/view/id/25396/s/saliva-ejectors-white-body-with-white-tip-100-bag/""}, {""name"": ""Safco DuraSoft latex gloves small 100/box"", ""url"": ""https://www.safcodental.com/catalog/product/view/id/50917/s/safco-durasoft-latex-gloves-small-100-box/""}, {""name"": ""Safco oral evacuators white 50/bag"", ""url"": ""https://www.safcodental.com/catalog/product/view/id/7198/s/safco-oral-evacuators-white-50-bag/""}, {""name"": ""Nitrilex Surpass nitrile gloves small 300/box"", ""url"": ""https://www.safcodental.com/catalog/product/view/id/56422/s/nitrilex-surpass-nitrile-gloves-small-300-box/""}, {""name"": ""Safco DuraSoft latex gloves medium 100/box"", ""url"": ""https://www.safcodental.com/catalog/product/view/id/50920/s/safco-durasoft-latex-gloves-medium-100-box/""}, {""name"": ""Pure 100% cotton non-woven sponges 2\"" x 2\"", sleeve of 200"", ""url"": ""https://www.safcodental.com/catalog/product/view/id/42178/s/pure-100-cotton-non-woven-sponges-2-x-2-sleeve-of-200/""}, {""name"": ""Nitrilex Surpass nitrile gloves medium 300/box"", ""url"": ""https://www.safcodental.com/catalog/product/view/id/56425/s/nitrilex-surpass-nitrile-gloves-medium-300-box/""}]",MS140-16,100834,,2026-04-30T04:40:00.030202+00:00,selectors
54,Myco Medical RELI® PRO Sutures,Myco Medical,"7570007, 7570008, 7570009, 7570010, 7570012, 7570013, 7570014, 7570015, 7570016, 7570017, 7570018, 7570019, 7570021, 7570028, 7570029, 7570030, 7570031, 7570033, 7570034, 7570035, 7570036, 7570037, 7570038, 7570039, 7570040, 7570041, 7570056, 7570058, 7570059, 7570060",Sutures & Surgical Products,Sutures,https://www.safcodental.com/product/myco-medical-reli-reg-pro-sutures,$8.49,8.49,,In stock,RELI® PRO sutures from MYCO Medical are premium sterile absorbable and non-absorbable surgical-grade sutures packaged in a new low-memory racetrack tray to improve suture performance,,"https://www.safcodental.com/media/catalog/product/p/f/pfelv.jpg?width=265&height=265&canvas=265,265&optimize=medium&fit=bounds","[""https://www.safcodental.com/media/catalog/product/p/f/pfelv.jpg?width=265&height=265&canvas=265,265&optimize=medium&fit=bounds"", ""https://www.safcodental.com/media/catalog/product/p/f/pfelv.jpg?width=75&height=75&canvas=75,75&optimize=medium&fit=bounds""]","[{""name"": ""CaviWipes regular 6\"" x 6-3/4\"" 160/can"", ""url"": ""https://www.safcodental.com/catalog/product/view/id/7330/s/caviwipes-regular-6-x-6-3-4-160-can/""}, {""name"": ""saliva ejectors clear body with blue tip 100/bag"", ""url"": ""https://www.safcodental.com/catalog/product/view/id/25393/s/saliva-ejectors-clear-body-with-blue-tip-100-bag/""}, {""name"": ""Safco lidocaine 2% and epinephrine 1:100,000 (red) 50/box"", ""url"": ""https://www.safcodental.com/catalog/product/view/id/61/s/safco-lidocaine-2-and-epinephrine-1-100-000-red-50-box/""}, {""name"": ""saliva ejectors white body with white tip 100/bag"", ""url"": ""https://www.safcodental.com/catalog/product/view/id/25396/s/saliva-ejectors-white-body-with-white-tip-100-bag/""}, {""name"": ""Safco DuraSoft latex gloves small 100/box"", ""url"": ""https://www.safcodental.com/catalog/product/view/id/50917/s/safco-durasoft-latex-gloves-small-100-box/""}, {""name"": ""Safco oral evacuators white 50/bag"", ""url"": ""https://www.safcodental.com/catalog/product/view/id/7198/s/safco-oral-evacuators-white-50-bag/""}, {""name"": ""Nitrilex Surpass nitrile gloves small 300/box"", ""url"": ""https://www.safcodental.com/catalog/product/view/id/56422/s/nitrilex-surpass-nitrile-gloves-small-300-box/""}, {""name"": ""Safco DuraSoft latex gloves medium 100/box"", ""url"": ""https://www.safcodental.com/catalog/product/view/id/50920/s/safco-durasoft-latex-gloves-medium-100-box/""}, {""name"": ""Pure 100% cotton non-woven sponges 2\"" x 2\"", sleeve of 200"", ""url"": ""https://www.safcodental.com/catalog/product/view/id/42178/s/pure-100-cotton-non-woven-sponges-2-x-2-sleeve-of-200/""}, {""name"": ""Nitrilex Surpass nitrile gloves medium 300/box"", ""url"": ""https://www.safcodental.com/catalog/product/view/id/56425/s/nitrilex-surpass-nitrile-gloves-medium-300-box/""}]","1011B,2002-67MIS,GC6354-M,GC6364-M,GC687-M,GP612-M,GP686-M,GP7771-M,GP821-M,GP8881-M,P8661-M,SK641-M,SK7772-M,V391-M,V392-M,V463-M,VU493-M,GC1654-M,GC621-M,GC635-M,GP820-M,GP822-M,N660-M,N698-M,P8695-M,SK681-M,SK683-M,SK7762-M,VU421-M,VU422-M,VU492-M,SK640-M,P8660-M,N1668-M,VU423-M,SK684-M",100828,,2026-04-30T04:40:05.414092+00:00,selectors
55,Look™ sutures,Surgical Specialties,"PFEKR, 4180002, 418-0002, 4180004, 418-0004, 4180006, 418-0006, 4180008, 418-0008, 4180010, 418-0010, 4180012, 418-0012, 4180014, 418-0014, 4180016, 418-0016, 4180018, 418-0018, 4180020, 418-0020, 4180022, 418-0022, 4180024, 418-0024, 4180026, 418-0026, 4180028, 418-0028, 4180030, 418-0030, 4180032, 418-0032, 4180034, 418-0034, 4180035, 418-0035, 4180036, 418-0036, 4180039, 418-0039, 4180040, 418-0040, 4180041, 418-0041, 4180042, 418-0042, 4180044, 418-0044, 4180050, 418-0050, 4180053, 418-0053, 4180054, 418-0054, 4180055, 418-0055, 4180057, 418-0057, 4180059, 418-0059, 4180060, 418-0060, 4180061, 418-0061, 4180067, 418-0067, 4180072, 418-0072, 4180078, 418-0078, 4180079, 418-0079, 4180080, 418-0080, 4180081, 418-0081, 4180082, 418-0082, 4180083, 418-0083, 4180084, 418-0084, 4180085, 418-0085, 4180087, 418-0087",Sutures & Surgical Products,Sutures,https://www.safcodental.com/product/look-trade-sutures,$35.49,35.49,,In stock,"Made by Surgical Specialties Corporation, with over 50 years suture manufacturing experience and over 25 years experience making stainless steel suture needles. ISO 9001 approved. All products meet or exceed FDA and QSR requirements and U.S.P. specifications. You get consistently sharp cutting needles plus resistance to bending and breaking. All sizes are reverse cutting. For Look Sutures Chart along with additional information, click here.",,"https://www.safcodental.com/media/catalog/product/p/f/pfekr.jpg?width=265&height=265&canvas=265,265&optimize=medium&fit=bounds","[""https://www.safcodental.com/media/catalog/product/p/f/pfekr.jpg?width=265&height=265&canvas=265,265&optimize=medium&fit=bounds"", ""https://www.safcodental.com/media/catalog/product/p/f/pfekr.jpg?width=75&height=75&canvas=75,75&optimize=medium&fit=bounds""]","[{""name"": ""CaviWipes regular 6\"" x 6-3/4\"" 160/can"", ""url"": ""https://www.safcodental.com/catalog/product/view/id/7330/s/caviwipes-regular-6-x-6-3-4-160-can/""}, {""name"": ""saliva ejectors clear body with blue tip 100/bag"", ""url"": ""https://www.safcodental.com/catalog/product/view/id/25393/s/saliva-ejectors-clear-body-with-blue-tip-100-bag/""}, {""name"": ""Safco lidocaine 2% and epinephrine 1:100,000 (red) 50/box"", ""url"": ""https://www.safcodental.com/catalog/product/view/id/61/s/safco-lidocaine-2-and-epinephrine-1-100-000-red-50-box/""}, {""name"": ""saliva ejectors white body with white tip 100/bag"", ""url"": ""https://www.safcodental.com/catalog/product/view/id/25396/s/saliva-ejectors-white-body-with-white-tip-100-bag/""}, {""name"": ""Safco DuraSoft latex gloves small 100/box"", ""url"": ""https://www.safcodental.com/catalog/product/view/id/50917/s/safco-durasoft-latex-gloves-small-100-box/""}, {""name"": ""Safco oral evacuators white 50/bag"", ""url"": ""https://www.safcodental.com/catalog/product/view/id/7198/s/safco-oral-evacuators-white-50-bag/""}, {""name"": ""Nitrilex Surpass nitrile gloves small 300/box"", ""url"": ""https://www.safcodental.com/catalog/product/view/id/56422/s/nitrilex-surpass-nitrile-gloves-small-300-box/""}, {""name"": ""Safco DuraSoft latex gloves medium 100/box"", ""url"": ""https://www.safcodental.com/catalog/product/view/id/50920/s/safco-durasoft-latex-gloves-medium-100-box/""}, {""name"": ""Pure 100% cotton non-woven sponges 2\"" x 2\"", sleeve of 200"", ""url"": ""https://www.safcodental.com/catalog/product/view/id/42178/s/pure-100-cotton-non-woven-sponges-2-x-2-sleeve-of-200/""}, {""name"": ""Nitrilex Surpass nitrile gloves medium 300/box"", ""url"": ""https://www.safcodental.com/catalog/product/view/id/56425/s/nitrilex-surpass-nitrile-gloves-medium-300-box/""}]","778B,777B,785B,795B,774B,792B,784B,781B,786B,594B,535B,596B,554B,591B,551B,553B,1248B,560B,559B,595B,492B,493B,558B,525B,592B,561B,925B,918B,922B,423B,422B,787B,783B,782B,593B,1018B,550B,754B,536B,544B,557B,563B,1011B",100825,,2026-04-30T04:40:11.857850+00:00,selectors
56,Ethicon Sutures,Ethicon,"PFEHV, 2580001, 258-0001, 2580002, 258-0002, 2580004, 258-0004, 2580008, 258-0008, 2580010, 258-0010, 2580014, 258-0014, 2580019, 258-0019, 2580022, 258-0022, 2580026, 258-0026, 2580036, 258-0036, 2580038, 258-0038, 2580057, 258-0057, 2580058, 258-0058, 2580060, 258-0060, 2580062, 258-0062, 2580070, 258-0070, 2580071, 258-0071, 2580073, 258-0073, 2580080, 258-0080, 2580081, 258-0081, 2580082, 258-0082, 2580084, 258-0084, 2580085, 258-0085, 2580086, 258-0086, 2580089, 258-0089, 2580090, 258-0090, 2580094, 258-0094, 2580096, 258-0096, 2588383, 258-8383, 2588384, 258-8384, 2588385, 258-8385, 2588386, 258-8386, 2588387, 258-8387, 2588388, 258-8388, 2588389, 258-8389, 2588390, 258-8390, 2588391, 258-8391, 2588392, 258-8392",Sutures & Surgical Products,Sutures,https://www.safcodental.com/product/ethicon-sutures,$118.49,118.49,,In stock,"Ethicon sutures are made of strong, sharp micrograin stainless steel. An exclusive Ethicon process yields the ideal balance between ductility and resistance to bending. Seamless swaging produces a needle diameter that closely matches the diameter of the attached suture. A micro-thin, super-smooth finish allows the needle to penetrate and pass through the tissue with an almost fluid-like flow. For Ethicon Sutures Chart along with additional information, click here.",,"https://www.safcodental.com/media/catalog/product/p/f/pfehv.jpg?width=265&height=265&canvas=265,265&optimize=medium&fit=bounds","[""https://www.safcodental.com/media/catalog/product/p/f/pfehv.jpg?width=265&height=265&canvas=265,265&optimize=medium&fit=bounds"", ""https://www.safcodental.com/media/catalog/product/p/f/pfehv.jpg?width=75&height=75&canvas=75,75&optimize=medium&fit=bounds""]","[{""name"": ""CaviWipes regular 6\"" x 6-3/4\"" 160/can"", ""url"": ""https://www.safcodental.com/catalog/product/view/id/7330/s/caviwipes-regular-6-x-6-3-4-160-can/""}, {""name"": ""saliva ejectors clear body with blue tip 100/bag"", ""url"": ""https://www.safcodental.com/catalog/product/view/id/25393/s/saliva-ejectors-clear-body-with-blue-tip-100-bag/""}, {""name"": ""Safco lidocaine 2% and epinephrine 1:100,000 (red) 50/box"", ""url"": ""https://www.safcodental.com/catalog/product/view/id/61/s/safco-lidocaine-2-and-epinephrine-1-100-000-red-50-box/""}, {""name"": ""saliva ejectors white body with white tip 100/bag"", ""url"": ""https://www.safcodental.com/catalog/product/view/id/25396/s/saliva-ejectors-white-body-with-white-tip-100-bag/""}, {""name"": ""Safco DuraSoft latex gloves small 100/box"", ""url"": ""https://www.safcodental.com/catalog/product/view/id/50917/s/safco-durasoft-latex-gloves-small-100-box/""}, {""name"": ""Safco oral evacuators white 50/bag"", ""url"": ""https://www.safcodental.com/catalog/product/view/id/7198/s/safco-oral-evacuators-white-50-bag/""}, {""name"": ""Nitrilex Surpass nitrile gloves small 300/box"", ""url"": ""https://www.safcodental.com/catalog/product/view/id/56422/s/nitrilex-surpass-nitrile-gloves-small-300-box/""}, {""name"": ""Safco DuraSoft latex gloves medium 100/box"", ""url"": ""https://www.safcodental.com/catalog/product/view/id/50920/s/safco-durasoft-latex-gloves-medium-100-box/""}, {""name"": ""Pure 100% cotton non-woven sponges 2\"" x 2\"", sleeve of 200"", ""url"": ""https://www.safcodental.com/catalog/product/view/id/42178/s/pure-100-cotton-non-woven-sponges-2-x-2-sleeve-of-200/""}, {""name"": ""Nitrilex Surpass nitrile gloves medium 300/box"", ""url"": ""https://www.safcodental.com/catalog/product/view/id/56425/s/nitrilex-surpass-nitrile-gloves-medium-300-box/""}]","J845G,632G,736G,683G,641G,684G,H810H,682G,1677G,J392H,612G,H821H,640G,J493G,J494G,J492G,J463G,J464G,663G,VR496,662G,661G,J496G,1668G,Y493G,1665G,698G,J497G,1652G,8661G,8695G,J391H,J421H,J495G,J506G,J507G,VR493,X683G",100822,,2026-04-30T04:40:18.635002+00:00,selectors
57,Aquasoft,Halyard,"DRCBT, 3021302, 302-1302, 3021304, 302-1304, 3021306, 302-1306, 3021308, 302-1308, 3021309, 302-1309",Dental Exam Gloves,Nitrile gloves,https://www.safcodental.com/product/aquasoft,$31.49,31.49,,In stock,,,"https://www.safcodental.com/media/catalog/product/d/r/drcbt.jpg?width=265&height=265&canvas=265,265&optimize=medium&fit=bounds","[""https://www.safcodental.com/media/catalog/product/d/r/drcbt.jpg?optimize=medium&fit=bounds&height=700&width=700&canvas=700:700"", ""https://www.safcodental.com/media/catalog/product/d/r/drcbt.jpg?optimize=medium&fit=bounds&height=700&width=700&canvas=700:700""]","[{""name"": ""CaviWipes regular 6\"" x 6-3/4\"" 160/can"", ""url"": ""https://www.safcodental.com/catalog/product/view/id/7330/s/caviwipes-regular-6-x-6-3-4-160-can/""}, {""name"": ""saliva ejectors clear body with blue tip 100/bag"", ""url"": ""https://www.safcodental.com/catalog/product/view/id/25393/s/saliva-ejectors-clear-body-with-blue-tip-100-bag/""}, {""name"": ""Safco lidocaine 2% and epinephrine 1:100,000 (red) 50/box"", ""url"": ""https://www.safcodental.com/catalog/product/view/id/61/s/safco-lidocaine-2-and-epinephrine-1-100-000-red-50-box/""}, {""name"": ""saliva ejectors white body with white tip 100/bag"", ""url"": ""https://www.safcodental.com/catalog/product/view/id/25396/s/saliva-ejectors-white-body-with-white-tip-100-bag/""}, {""name"": ""Safco DuraSoft latex gloves small 100/box"", ""url"": ""https://www.safcodental.com/catalog/product/view/id/50917/s/safco-durasoft-latex-gloves-small-100-box/""}, {""name"": ""Safco oral evacuators white 50/bag"", ""url"": ""https://www.safcodental.com/catalog/product/view/id/7198/s/safco-oral-evacuators-white-50-bag/""}, {""name"": ""Nitrilex Surpass nitrile gloves small 300/box"", ""url"": ""https://www.safcodental.com/catalog/product/view/id/56422/s/nitrilex-surpass-nitrile-gloves-small-300-box/""}, {""name"": ""Safco DuraSoft latex gloves medium 100/box"", ""url"": ""https://www.safcodental.com/catalog/product/view/id/50920/s/safco-durasoft-latex-gloves-medium-100-box/""}, {""name"": ""Pure 100% cotton non-woven sponges 2\"" x 2\"", sleeve of 200"", ""url"": ""https://www.safcodental.com/catalog/product/view/id/42178/s/pure-100-cotton-non-woven-sponges-2-x-2-sleeve-of-200/""}, {""name"": ""Nitrilex Surpass nitrile gloves medium 300/box"", ""url"": ""https://www.safcodental.com/catalog/product/view/id/56425/s/nitrilex-surpass-nitrile-gloves-medium-300-box/""}]","EXAM,GLOVES,PPE,PPE25,43932,43933,43934,43935,43936",95896,Yes,2026-04-30T02:06:54.094261+00:00,selectors
58,BeeSure SuperSlim Nitrile,EcoBee,"4712101, 4712103, 4712105, 4712107",Dental Exam Gloves,Nitrile gloves,https://www.safcodental.com/product/beesure-reg-superslim-trade-nitrile,$19.99,19.99,,In stock,,,"https://www.safcodental.com/media/catalog/product/d/r/drcbo.jpg?width=265&height=265&canvas=265,265&optimize=medium&fit=bounds","[""https://www.safcodental.com/media/catalog/product/d/r/drcbo.jpg?optimize=medium&fit=bounds&height=700&width=700&canvas=700:700"", ""https://www.safcodental.com/media/catalog/product/d/r/drcbo.jpg?optimize=medium&fit=bounds&height=700&width=700&canvas=700:700""]","[{""name"": ""CaviWipes regular 6\"" x 6-3/4\"" 160/can"", ""url"": ""https://www.safcodental.com/catalog/product/view/id/7330/s/caviwipes-regular-6-x-6-3-4-160-can/""}, {""name"": ""saliva ejectors clear body with blue tip 100/bag"", ""url"": ""https://www.safcodental.com/catalog/product/view/id/25393/s/saliva-ejectors-clear-body-with-blue-tip-100-bag/""}, {""name"": ""Safco lidocaine 2% and epinephrine 1:100,000 (red) 50/box"", ""url"": ""https://www.safcodental.com/catalog/product/view/id/61/s/safco-lidocaine-2-and-epinephrine-1-100-000-red-50-box/""}, {""name"": ""saliva ejectors white body with white tip 100/bag"", ""url"": ""https://www.safcodental.com/catalog/product/view/id/25396/s/saliva-ejectors-white-body-with-white-tip-100-bag/""}, {""name"": ""Safco DuraSoft latex gloves small 100/box"", ""url"": ""https://www.safcodental.com/catalog/product/view/id/50917/s/safco-durasoft-latex-gloves-small-100-box/""}, {""name"": ""Safco oral evacuators white 50/bag"", ""url"": ""https://www.safcodental.com/catalog/product/view/id/7198/s/safco-oral-evacuators-white-50-bag/""}, {""name"": ""Nitrilex Surpass nitrile gloves small 300/box"", ""url"": ""https://www.safcodental.com/catalog/product/view/id/56422/s/nitrilex-surpass-nitrile-gloves-small-300-box/""}, {""name"": ""Safco DuraSoft latex gloves medium 100/box"", ""url"": ""https://www.safcodental.com/catalog/product/view/id/50920/s/safco-durasoft-latex-gloves-medium-100-box/""}, {""name"": ""Pure 100% cotton non-woven sponges 2\"" x 2\"", sleeve of 200"", ""url"": ""https://www.safcodental.com/catalog/product/view/id/42178/s/pure-100-cotton-non-woven-sponges-2-x-2-sleeve-of-200/""}, {""name"": ""Nitrilex Surpass nitrile gloves medium 300/box"", ""url"": ""https://www.safcodental.com/catalog/product/view/id/56425/s/nitrilex-surpass-nitrile-gloves-medium-300-box/""}]","ECOFRIENDLY,EXAM,GLOVES,PPE,PPE25,BE1145,BE1146,BE1147,BE1148",95887,Yes,2026-04-30T02:07:02.276595+00:00,selectors
59,Microflex Ultraform,Ansell,"DRCBJ, 4751240, 475-1240, 4751243, 475-1243, 4751245, 475-1245, 4751247, 475-1247, 4751250, 475-1250, 4751252, 475-1252, 4751255, 475-1255, 4751260, 475-1260",Dental Exam Gloves,Nitrile gloves,https://www.safcodental.com/product/microflex-sup-reg-sup-ultraform-sup-trade-sup,$24.99,24.99,,In stock,,,"https://www.safcodental.com/media/catalog/product/d/r/drcbj.jpg?width=265&height=265&canvas=265,265&optimize=medium&fit=bounds","[""https://www.safcodental.com/media/catalog/product/d/r/drcbj.jpg?optimize=medium&fit=bounds&height=700&width=700&canvas=700:700"", ""https://www.safcodental.com/media/catalog/product/d/r/drcbj.jpg?optimize=medium&fit=bounds&height=700&width=700&canvas=700:700""]","[{""name"": ""CaviWipes regular 6\"" x 6-3/4\"" 160/can"", ""url"": ""https://www.safcodental.com/catalog/product/view/id/7330/s/caviwipes-regular-6-x-6-3-4-160-can/""}, {""name"": ""saliva ejectors clear body with blue tip 100/bag"", ""url"": ""https://www.safcodental.com/catalog/product/view/id/25393/s/saliva-ejectors-clear-body-with-blue-tip-100-bag/""}, {""name"": ""Safco lidocaine 2% and epinephrine 1:100,000 (red) 50/box"", ""url"": ""https://www.safcodental.com/catalog/product/view/id/61/s/safco-lidocaine-2-and-epinephrine-1-100-000-red-50-box/""}, {""name"": ""saliva ejectors white body with white tip 100/bag"", ""url"": ""https://www.safcodental.com/catalog/product/view/id/25396/s/saliva-ejectors-white-body-with-white-tip-100-bag/""}, {""name"": ""Safco DuraSoft latex gloves small 100/box"", ""url"": ""https://www.safcodental.com/catalog/product/view/id/50917/s/safco-durasoft-latex-gloves-small-100-box/""}, {""name"": ""Safco oral evacuators white 50/bag"", ""url"": ""https://www.safcodental.com/catalog/product/view/id/7198/s/safco-oral-evacuators-white-50-bag/""}, {""name"": ""Nitrilex Surpass nitrile gloves small 300/box"", ""url"": ""https://www.safcodental.com/catalog/product/view/id/56422/s/nitrilex-surpass-nitrile-gloves-small-300-box/""}, {""name"": ""Safco DuraSoft latex gloves medium 100/box"", ""url"": ""https://www.safcodental.com/catalog/product/view/id/50920/s/safco-durasoft-latex-gloves-medium-100-box/""}, {""name"": ""Pure 100% cotton non-woven sponges 2\"" x 2\"", sleeve of 200"", ""url"": ""https://www.safcodental.com/catalog/product/view/id/42178/s/pure-100-cotton-non-woven-sponges-2-x-2-sleeve-of-200/""}, {""name"": ""Nitrilex Surpass nitrile gloves medium 300/box"", ""url"": ""https://www.safcodental.com/catalog/product/view/id/56425/s/nitrilex-surpass-nitrile-gloves-medium-300-box/""}]","EXAM,FORM,FREE,GLOVES,LATEX,NON,PPE,PPE25,ULTRA,UF-524-XS,EXAM,GLOVES,PPE,PPE25,UF-524-XSS,UF-524-S,UF-524-SM,UF-524-M,UF-524-ML,UF-524-L,UF-524-XL",95872,Yes,2026-04-30T02:07:10.202695+00:00,selectors
60,Lavender Nitrile,Halyard,"DRCAS, 3020800, 302-0800, 3020810, 302-0810, 3020815, 302-0815, 3020822, 302-0822, 3020830, 302-0830",Dental Exam Gloves,Nitrile gloves,https://www.safcodental.com/product/lavender-nitrile,$28.99,28.99,,In stock,,,"https://www.safcodental.com/media/catalog/product/d/r/drcas.jpg?width=265&height=265&canvas=265,265&optimize=medium&fit=bounds","[""https://www.safcodental.com/media/catalog/product/d/r/drcas.jpg?optimize=medium&fit=bounds&height=700&width=700&canvas=700:700"", ""https://www.safcodental.com/media/catalog/product/d/r/drcas.jpg?optimize=medium&fit=bounds&height=700&width=700&canvas=700:700""]","[{""name"": ""CaviWipes regular 6\"" x 6-3/4\"" 160/can"", ""url"": ""https://www.safcodental.com/catalog/product/view/id/7330/s/caviwipes-regular-6-x-6-3-4-160-can/""}, {""name"": ""saliva ejectors clear body with blue tip 100/bag"", ""url"": ""https://www.safcodental.com/catalog/product/view/id/25393/s/saliva-ejectors-clear-body-with-blue-tip-100-bag/""}, {""name"": ""Safco lidocaine 2% and epinephrine 1:100,000 (red) 50/box"", ""url"": ""https://www.safcodental.com/catalog/product/view/id/61/s/safco-lidocaine-2-and-epinephrine-1-100-000-red-50-box/""}, {""name"": ""saliva ejectors white body with white tip 100/bag"", ""url"": ""https://www.safcodental.com/catalog/product/view/id/25396/s/saliva-ejectors-white-body-with-white-tip-100-bag/""}, {""name"": ""Safco DuraSoft latex gloves small 100/box"", ""url"": ""https://www.safcodental.com/catalog/product/view/id/50917/s/safco-durasoft-latex-gloves-small-100-box/""}, {""name"": ""Safco oral evacuators white 50/bag"", ""url"": ""https://www.safcodental.com/catalog/product/view/id/7198/s/safco-oral-evacuators-white-50-bag/""}, {""name"": ""Nitrilex Surpass nitrile gloves small 300/box"", ""url"": ""https://www.safcodental.com/catalog/product/view/id/56422/s/nitrilex-surpass-nitrile-gloves-small-300-box/""}, {""name"": ""Safco DuraSoft latex gloves medium 100/box"", ""url"": ""https://www.safcodental.com/catalog/product/view/id/50920/s/safco-durasoft-latex-gloves-medium-100-box/""}, {""name"": ""Pure 100% cotton non-woven sponges 2\"" x 2\"", sleeve of 200"", ""url"": ""https://www.safcodental.com/catalog/product/view/id/42178/s/pure-100-cotton-non-woven-sponges-2-x-2-sleeve-of-200/""}, {""name"": ""Nitrilex Surpass nitrile gloves medium 300/box"", ""url"": ""https://www.safcodental.com/catalog/product/view/id/56425/s/nitrilex-surpass-nitrile-gloves-medium-300-box/""}]","EXAM,FREE,GLOVES,LATEX,NON,PPE,PPE25,52816,52817,52818,52819,52820",95833,Yes,2026-04-30T02:07:18.882275+00:00,selectors
61,Alasta,Dash,"DRCAN, 4680714, 468-0714, 4680720, 468-0720, 4680726, 468-0726, 4680732, 468-0732, 4681102, 468-1102, 4681105, 468-1105, 4681108, 468-1108, 4681111, 468-1111, 4681112, 468-1112, 4681210, 468-1210",Dental Exam Gloves,Nitrile gloves,https://www.safcodental.com/product/alasta-sup-reg-sup,$10.49,10.49,,In stock,,,"https://www.safcodental.com/media/catalog/product/d/r/drcan.jpg?width=265&height=265&canvas=265,265&optimize=medium&fit=bounds","[""https://www.safcodental.com/media/catalog/product/d/r/drcan.jpg?optimize=medium&fit=bounds&height=700&width=700&canvas=700:700"", ""https://www.safcodental.com/media/catalog/product/d/r/drcan.jpg?optimize=medium&fit=bounds&height=700&width=700&canvas=700:700""]","[{""name"": ""CaviWipes regular 6\"" x 6-3/4\"" 160/can"", ""url"": ""https://www.safcodental.com/catalog/product/view/id/7330/s/caviwipes-regular-6-x-6-3-4-160-can/""}, {""name"": ""saliva ejectors clear body with blue tip 100/bag"", ""url"": ""https://www.safcodental.com/catalog/product/view/id/25393/s/saliva-ejectors-clear-body-with-blue-tip-100-bag/""}, {""name"": ""Safco lidocaine 2% and epinephrine 1:100,000 (red) 50/box"", ""url"": ""https://www.safcodental.com/catalog/product/view/id/61/s/safco-lidocaine-2-and-epinephrine-1-100-000-red-50-box/""}, {""name"": ""saliva ejectors white body with white tip 100/bag"", ""url"": ""https://www.safcodental.com/catalog/product/view/id/25396/s/saliva-ejectors-white-body-with-white-tip-100-bag/""}, {""name"": ""Safco DuraSoft latex gloves small 100/box"", ""url"": ""https://www.safcodental.com/catalog/product/view/id/50917/s/safco-durasoft-latex-gloves-small-100-box/""}, {""name"": ""Safco oral evacuators white 50/bag"", ""url"": ""https://www.safcodental.com/catalog/product/view/id/7198/s/safco-oral-evacuators-white-50-bag/""}, {""name"": ""Nitrilex Surpass nitrile gloves small 300/box"", ""url"": ""https://www.safcodental.com/catalog/product/view/id/56422/s/nitrilex-surpass-nitrile-gloves-small-300-box/""}, {""name"": ""Safco DuraSoft latex gloves medium 100/box"", ""url"": ""https://www.safcodental.com/catalog/product/view/id/50920/s/safco-durasoft-latex-gloves-medium-100-box/""}, {""name"": ""Pure 100% cotton non-woven sponges 2\"" x 2\"", sleeve of 200"", ""url"": ""https://www.safcodental.com/catalog/product/view/id/42178/s/pure-100-cotton-non-woven-sponges-2-x-2-sleeve-of-200/""}, {""name"": ""Nitrilex Surpass nitrile gloves medium 300/box"", ""url"": ""https://www.safcodental.com/catalog/product/view/id/56425/s/nitrilex-surpass-nitrile-gloves-medium-300-box/""}]","EXAM,FREE,GLOVES,LATEX,NON,PPE,PPE25,ALS100XS,ALS100S,ALS100M,ALS100L,EXAM,GLOVES,PPE,PPE25,ALS200XS,ALS200S,ALS200M,ALS200L,PPE,PPE25,ALS200XL,ALS100XL",95824,Yes,2026-04-30T02:07:26.529135+00:00,selectors
62,Aurelia Amazing,Supermax,"DRCBM, 4871102, 487-1102, 4871105, 487-1105, 4871108, 487-1108, 4871111, 487-1111, 4871114, 487-1114",Dental Exam Gloves,Nitrile gloves,https://www.safcodental.com/product/aurelia-reg-amazing-reg,$20.99,20.99,,In stock,,,"https://www.safcodental.com/media/catalog/product/d/r/drcbm.jpg?width=265&height=265&canvas=265,265&optimize=medium&fit=bounds","[""https://www.safcodental.com/media/catalog/product/d/r/drcbm.jpg?optimize=medium&fit=bounds&height=700&width=700&canvas=700:700"", ""https://www.safcodental.com/media/catalog/product/d/r/drcbm.jpg?optimize=medium&fit=bounds&height=700&width=700&canvas=700:700""]","[{""name"": ""CaviWipes regular 6\"" x 6-3/4\"" 160/can"", ""url"": ""https://www.safcodental.com/catalog/product/view/id/7330/s/caviwipes-regular-6-x-6-3-4-160-can/""}, {""name"": ""saliva ejectors clear body with blue tip 100/bag"", ""url"": ""https://www.safcodental.com/catalog/product/view/id/25393/s/saliva-ejectors-clear-body-with-blue-tip-100-bag/""}, {""name"": ""Safco lidocaine 2% and epinephrine 1:100,000 (red) 50/box"", ""url"": ""https://www.safcodental.com/catalog/product/view/id/61/s/safco-lidocaine-2-and-epinephrine-1-100-000-red-50-box/""}, {""name"": ""saliva ejectors white body with white tip 100/bag"", ""url"": ""https://www.safcodental.com/catalog/product/view/id/25396/s/saliva-ejectors-white-body-with-white-tip-100-bag/""}, {""name"": ""Safco DuraSoft latex gloves small 100/box"", ""url"": ""https://www.safcodental.com/catalog/product/view/id/50917/s/safco-durasoft-latex-gloves-small-100-box/""}, {""name"": ""Safco oral evacuators white 50/bag"", ""url"": ""https://www.safcodental.com/catalog/product/view/id/7198/s/safco-oral-evacuators-white-50-bag/""}, {""name"": ""Nitrilex Surpass nitrile gloves small 300/box"", ""url"": ""https://www.safcodental.com/catalog/product/view/id/56422/s/nitrilex-surpass-nitrile-gloves-small-300-box/""}, {""name"": ""Safco DuraSoft latex gloves medium 100/box"", ""url"": ""https://www.safcodental.com/catalog/product/view/id/50920/s/safco-durasoft-latex-gloves-medium-100-box/""}, {""name"": ""Pure 100% cotton non-woven sponges 2\"" x 2\"", sleeve of 200"", ""url"": ""https://www.safcodental.com/catalog/product/view/id/42178/s/pure-100-cotton-non-woven-sponges-2-x-2-sleeve-of-200/""}, {""name"": ""Nitrilex Surpass nitrile gloves medium 300/box"", ""url"": ""https://www.safcodental.com/catalog/product/view/id/56425/s/nitrilex-surpass-nitrile-gloves-medium-300-box/""}]","EXAM,GLOVES,PPE,PPE25,92885,92886,92887,92888,92889",95881,No,2026-04-30T02:07:35.625841+00:00,selectors
63,Aqua Source,Cranberry,"DRCBL, 4711902, 471-1902, 4711905, 471-1905, 4711908, 471-1908, 4711911, 471-1911, 4711912, 471-1912",Dental Exam Gloves,Nitrile gloves,https://www.safcodental.com/product/aqua-source-reg,$19.99,19.99,,In stock,,,"https://www.safcodental.com/media/catalog/product/d/r/drcbl_2.jpg?width=265&height=265&canvas=265,265&optimize=medium&fit=bounds","[""https://www.safcodental.com/media/catalog/product/d/r/drcbl_2.jpg?optimize=medium&fit=bounds&height=700&width=700&canvas=700:700"", ""https://www.safcodental.com/media/catalog/product/d/r/drcbl_2.jpg?optimize=medium&fit=bounds&height=700&width=700&canvas=700:700""]","[{""name"": ""CaviWipes regular 6\"" x 6-3/4\"" 160/can"", ""url"": ""https://www.safcodental.com/catalog/product/view/id/7330/s/caviwipes-regular-6-x-6-3-4-160-can/""}, {""name"": ""saliva ejectors clear body with blue tip 100/bag"", ""url"": ""https://www.safcodental.com/catalog/product/view/id/25393/s/saliva-ejectors-clear-body-with-blue-tip-100-bag/""}, {""name"": ""Safco lidocaine 2% and epinephrine 1:100,000 (red) 50/box"", ""url"": ""https://www.safcodental.com/catalog/product/view/id/61/s/safco-lidocaine-2-and-epinephrine-1-100-000-red-50-box/""}, {""name"": ""saliva ejectors white body with white tip 100/bag"", ""url"": ""https://www.safcodental.com/catalog/product/view/id/25396/s/saliva-ejectors-white-body-with-white-tip-100-bag/""}, {""name"": ""Safco DuraSoft latex gloves small 100/box"", ""url"": ""https://www.safcodental.com/catalog/product/view/id/50917/s/safco-durasoft-latex-gloves-small-100-box/""}, {""name"": ""Safco oral evacuators white 50/bag"", ""url"": ""https://www.safcodental.com/catalog/product/view/id/7198/s/safco-oral-evacuators-white-50-bag/""}, {""name"": ""Nitrilex Surpass nitrile gloves small 300/box"", ""url"": ""https://www.safcodental.com/catalog/product/view/id/56422/s/nitrilex-surpass-nitrile-gloves-small-300-box/""}, {""name"": ""Safco DuraSoft latex gloves medium 100/box"", ""url"": ""https://www.safcodental.com/catalog/product/view/id/50920/s/safco-durasoft-latex-gloves-medium-100-box/""}, {""name"": ""Pure 100% cotton non-woven sponges 2\"" x 2\"", sleeve of 200"", ""url"": ""https://www.safcodental.com/catalog/product/view/id/42178/s/pure-100-cotton-non-woven-sponges-2-x-2-sleeve-of-200/""}, {""name"": ""Nitrilex Surpass nitrile gloves medium 300/box"", ""url"": ""https://www.safcodental.com/catalog/product/view/id/56425/s/nitrilex-surpass-nitrile-gloves-medium-300-box/""}]","EXAM,GLOVES,PPE,PPE25,CR3445,CR3446,CR3447,CR3448,CR3449",95878,No,2026-04-30T02:07:44.465684+00:00,selectors
64,Xlim,Cranberry,"DRCAJ, 4710520, 471-0520, 4710532, 471-0532, 4710544, 471-0544, 4710556, 471-0556, 4710568, 471-0568",Dental Exam Gloves,Nitrile gloves,https://www.safcodental.com/product/xlim-reg,$8.99,8.99,,In stock,,,"https://www.safcodental.com/media/catalog/product/d/r/drcaj_2.jpg?width=265&height=265&canvas=265,265&optimize=medium&fit=bounds","[""https://www.safcodental.com/media/catalog/product/d/r/drcaj_2.jpg?optimize=medium&fit=bounds&height=700&width=700&canvas=700:700"", ""https://www.safcodental.com/media/catalog/product/d/r/drcaj_2.jpg?optimize=medium&fit=bounds&height=700&width=700&canvas=700:700""]","[{""name"": ""CaviWipes regular 6\"" x 6-3/4\"" 160/can"", ""url"": ""https://www.safcodental.com/catalog/product/view/id/7330/s/caviwipes-regular-6-x-6-3-4-160-can/""}, {""name"": ""saliva ejectors clear body with blue tip 100/bag"", ""url"": ""https://www.safcodental.com/catalog/product/view/id/25393/s/saliva-ejectors-clear-body-with-blue-tip-100-bag/""}, {""name"": ""Safco lidocaine 2% and epinephrine 1:100,000 (red) 50/box"", ""url"": ""https://www.safcodental.com/catalog/product/view/id/61/s/safco-lidocaine-2-and-epinephrine-1-100-000-red-50-box/""}, {""name"": ""saliva ejectors white body with white tip 100/bag"", ""url"": ""https://www.safcodental.com/catalog/product/view/id/25396/s/saliva-ejectors-white-body-with-white-tip-100-bag/""}, {""name"": ""Safco DuraSoft latex gloves small 100/box"", ""url"": ""https://www.safcodental.com/catalog/product/view/id/50917/s/safco-durasoft-latex-gloves-small-100-box/""}, {""name"": ""Safco oral evacuators white 50/bag"", ""url"": ""https://www.safcodental.com/catalog/product/view/id/7198/s/safco-oral-evacuators-white-50-bag/""}, {""name"": ""Nitrilex Surpass nitrile gloves small 300/box"", ""url"": ""https://www.safcodental.com/catalog/product/view/id/56422/s/nitrilex-surpass-nitrile-gloves-small-300-box/""}, {""name"": ""Safco DuraSoft latex gloves medium 100/box"", ""url"": ""https://www.safcodental.com/catalog/product/view/id/50920/s/safco-durasoft-latex-gloves-medium-100-box/""}, {""name"": ""Pure 100% cotton non-woven sponges 2\"" x 2\"", sleeve of 200"", ""url"": ""https://www.safcodental.com/catalog/product/view/id/42178/s/pure-100-cotton-non-woven-sponges-2-x-2-sleeve-of-200/""}, {""name"": ""Nitrilex Surpass nitrile gloves medium 300/box"", ""url"": ""https://www.safcodental.com/catalog/product/view/id/56425/s/nitrilex-surpass-nitrile-gloves-medium-300-box/""}]","EXAM,FREE,GLOVES,LATEX,NON,PPE,PPE25,CR3125,CR3126,CR3127,CR3128,CR3129",95818,No,2026-04-30T02:07:53.857469+00:00,selectors
65,Aurelia Vibrant,Supermax,"DRBAS, 4870322, 487-0322, 4870334, 487-0334, 4870345, 487-0345, 4870357, 487-0357",Dental Exam Gloves,Latex gloves,https://www.safcodental.com/product/aurelia-reg-vibrant-trade,$7.99,7.99,,In stock,,,"https://www.safcodental.com/media/catalog/product/d/r/drbas.jpg?width=265&height=265&canvas=265,265&optimize=medium&fit=bounds","[""https://www.safcodental.com/media/catalog/product/d/r/drbas.jpg?optimize=medium&fit=bounds&height=700&width=700&canvas=700:700"", ""https://www.safcodental.com/media/catalog/product/d/r/drbas.jpg?optimize=medium&fit=bounds&height=700&width=700&canvas=700:700""]","[{""name"": ""CaviWipes regular 6\"" x 6-3/4\"" 160/can"", ""url"": ""https://www.safcodental.com/catalog/product/view/id/7330/s/caviwipes-regular-6-x-6-3-4-160-can/""}, {""name"": ""saliva ejectors clear body with blue tip 100/bag"", ""url"": ""https://www.safcodental.com/catalog/product/view/id/25393/s/saliva-ejectors-clear-body-with-blue-tip-100-bag/""}, {""name"": ""Safco lidocaine 2% and epinephrine 1:100,000 (red) 50/box"", ""url"": ""https://www.safcodental.com/catalog/product/view/id/61/s/safco-lidocaine-2-and-epinephrine-1-100-000-red-50-box/""}, {""name"": ""saliva ejectors white body with white tip 100/bag"", ""url"": ""https://www.safcodental.com/catalog/product/view/id/25396/s/saliva-ejectors-white-body-with-white-tip-100-bag/""}, {""name"": ""Safco DuraSoft latex gloves small 100/box"", ""url"": ""https://www.safcodental.com/catalog/product/view/id/50917/s/safco-durasoft-latex-gloves-small-100-box/""}, {""name"": ""Safco oral evacuators white 50/bag"", ""url"": ""https://www.safcodental.com/catalog/product/view/id/7198/s/safco-oral-evacuators-white-50-bag/""}, {""name"": ""Nitrilex Surpass nitrile gloves small 300/box"", ""url"": ""https://www.safcodental.com/catalog/product/view/id/56422/s/nitrilex-surpass-nitrile-gloves-small-300-box/""}, {""name"": ""Safco DuraSoft latex gloves medium 100/box"", ""url"": ""https://www.safcodental.com/catalog/product/view/id/50920/s/safco-durasoft-latex-gloves-medium-100-box/""}, {""name"": ""Pure 100% cotton non-woven sponges 2\"" x 2\"", sleeve of 200"", ""url"": ""https://www.safcodental.com/catalog/product/view/id/42178/s/pure-100-cotton-non-woven-sponges-2-x-2-sleeve-of-200/""}, {""name"": ""Nitrilex Surpass nitrile gloves medium 300/box"", ""url"": ""https://www.safcodental.com/catalog/product/view/id/56425/s/nitrilex-surpass-nitrile-gloves-medium-300-box/""}]","EXAM,GLOVES,PPE25,98225,98226,98227,98228",95752,No,2026-04-30T02:08:02.439397+00:00,selectors
66,Compac Nitrile,Cranberry,"DRCDM, 4710150, 471-0150, 4710152, 471-0152, 4710154, 471-0154, 4710156, 471-0156, 4710158, 471-0158",Dental Exam Gloves,Nitrile gloves,https://www.safcodental.com/product/compac-nitrile,$8.49,8.49,,In stock,,,"https://www.safcodental.com/media/catalog/product/c/r/cranberry_drcdm_4710154.jpg?width=265&height=265&canvas=265,265&optimize=medium&fit=bounds","[""https://www.safcodental.com/media/catalog/product/c/r/cranberry_drcdm_4710154.jpg?optimize=medium&fit=bounds&height=700&width=700&canvas=700:700"", ""https://www.safcodental.com/media/catalog/product/c/r/cranberry_drcdm_4710154.jpg?optimize=medium&fit=bounds&height=700&width=700&canvas=700:700"", ""https://www.safcodental.com/media/catalog/product/c/r/cranberry_drcdm_2.jpg?optimize=medium&fit=bounds&height=700&width=700&canvas=700:700""]","[{""name"": ""CaviWipes regular 6\"" x 6-3/4\"" 160/can"", ""url"": ""https://www.safcodental.com/catalog/product/view/id/7330/s/caviwipes-regular-6-x-6-3-4-160-can/""}, {""name"": ""saliva ejectors clear body with blue tip 100/bag"", ""url"": ""https://www.safcodental.com/catalog/product/view/id/25393/s/saliva-ejectors-clear-body-with-blue-tip-100-bag/""}, {""name"": ""Safco lidocaine 2% and epinephrine 1:100,000 (red) 50/box"", ""url"": ""https://www.safcodental.com/catalog/product/view/id/61/s/safco-lidocaine-2-and-epinephrine-1-100-000-red-50-box/""}, {""name"": ""saliva ejectors white body with white tip 100/bag"", ""url"": ""https://www.safcodental.com/catalog/product/view/id/25396/s/saliva-ejectors-white-body-with-white-tip-100-bag/""}, {""name"": ""Safco DuraSoft latex gloves small 100/box"", ""url"": ""https://www.safcodental.com/catalog/product/view/id/50917/s/safco-durasoft-latex-gloves-small-100-box/""}, {""name"": ""Safco oral evacuators white 50/bag"", ""url"": ""https://www.safcodental.com/catalog/product/view/id/7198/s/safco-oral-evacuators-white-50-bag/""}, {""name"": ""Nitrilex Surpass nitrile gloves small 300/box"", ""url"": ""https://www.safcodental.com/catalog/product/view/id/56422/s/nitrilex-surpass-nitrile-gloves-small-300-box/""}, {""name"": ""Safco DuraSoft latex gloves medium 100/box"", ""url"": ""https://www.safcodental.com/catalog/product/view/id/50920/s/safco-durasoft-latex-gloves-medium-100-box/""}, {""name"": ""Pure 100% cotton non-woven sponges 2\"" x 2\"", sleeve of 200"", ""url"": ""https://www.safcodental.com/catalog/product/view/id/42178/s/pure-100-cotton-non-woven-sponges-2-x-2-sleeve-of-200/""}, {""name"": ""Nitrilex Surpass nitrile gloves medium 300/box"", ""url"": ""https://www.safcodental.com/catalog/product/view/id/56425/s/nitrilex-surpass-nitrile-gloves-medium-300-box/""}]",,103628,Yes,2026-04-30T02:08:11.152791+00:00,selectors
67,RevoSoft,Cranberry,"DRCCR, 4712611, 471-2611, 4712613, 471-2613, 4712615, 471-2615, 4712617, 471-2617",Dental Exam Gloves,Nitrile gloves,https://www.safcodental.com/product/revosoft-reg-nitrile-gloves,$22.99,22.99,,In stock,,,"https://www.safcodental.com/media/catalog/product/d/r/drccr_2.jpg?width=265&height=265&canvas=265,265&optimize=medium&fit=bounds","[""https://www.safcodental.com/media/catalog/product/d/r/drccr_2.jpg?optimize=medium&fit=bounds&height=700&width=700&canvas=700:700"", ""https://www.safcodental.com/media/catalog/product/d/r/drccr_2.jpg?optimize=medium&fit=bounds&height=700&width=700&canvas=700:700""]","[{""name"": ""CaviWipes regular 6\"" x 6-3/4\"" 160/can"", ""url"": ""https://www.safcodental.com/catalog/product/view/id/7330/s/caviwipes-regular-6-x-6-3-4-160-can/""}, {""name"": ""saliva ejectors clear body with blue tip 100/bag"", ""url"": ""https://www.safcodental.com/catalog/product/view/id/25393/s/saliva-ejectors-clear-body-with-blue-tip-100-bag/""}, {""name"": ""Safco lidocaine 2% and epinephrine 1:100,000 (red) 50/box"", ""url"": ""https://www.safcodental.com/catalog/product/view/id/61/s/safco-lidocaine-2-and-epinephrine-1-100-000-red-50-box/""}, {""name"": ""saliva ejectors white body with white tip 100/bag"", ""url"": ""https://www.safcodental.com/catalog/product/view/id/25396/s/saliva-ejectors-white-body-with-white-tip-100-bag/""}, {""name"": ""Safco DuraSoft latex gloves small 100/box"", ""url"": ""https://www.safcodental.com/catalog/product/view/id/50917/s/safco-durasoft-latex-gloves-small-100-box/""}, {""name"": ""Safco oral evacuators white 50/bag"", ""url"": ""https://www.safcodental.com/catalog/product/view/id/7198/s/safco-oral-evacuators-white-50-bag/""}, {""name"": ""Nitrilex Surpass nitrile gloves small 300/box"", ""url"": ""https://www.safcodental.com/catalog/product/view/id/56422/s/nitrilex-surpass-nitrile-gloves-small-300-box/""}, {""name"": ""Safco DuraSoft latex gloves medium 100/box"", ""url"": ""https://www.safcodental.com/catalog/product/view/id/50920/s/safco-durasoft-latex-gloves-medium-100-box/""}, {""name"": ""Pure 100% cotton non-woven sponges 2\"" x 2\"", sleeve of 200"", ""url"": ""https://www.safcodental.com/catalog/product/view/id/42178/s/pure-100-cotton-non-woven-sponges-2-x-2-sleeve-of-200/""}, {""name"": ""Nitrilex Surpass nitrile gloves medium 300/box"", ""url"": ""https://www.safcodental.com/catalog/product/view/id/56425/s/nitrilex-surpass-nitrile-gloves-medium-300-box/""}]","EXAM,GLOVES,PPE,PPE25,CR3275,CR3276,CR3277,CR3278",95959,Yes,2026-04-30T02:08:19.734492+00:00,selectors
68,Crave,Cranberry,"DRCCA, 4713502, 471-3502, 4713504, 471-3504, 4713506, 471-3506, 4713508, 471-3508",Dental Exam Gloves,Nitrile gloves,https://www.safcodental.com/product/crave-trade,$19.49,19.49,,In stock,,,"https://www.safcodental.com/media/catalog/product/d/r/drcca_2.jpg?width=265&height=265&canvas=265,265&optimize=medium&fit=bounds","[""https://www.safcodental.com/media/catalog/product/d/r/drcca_2.jpg?optimize=medium&fit=bounds&height=700&width=700&canvas=700:700"", ""https://www.safcodental.com/media/catalog/product/d/r/drcca_2.jpg?optimize=medium&fit=bounds&height=700&width=700&canvas=700:700""]","[{""name"": ""CaviWipes regular 6\"" x 6-3/4\"" 160/can"", ""url"": ""https://www.safcodental.com/catalog/product/view/id/7330/s/caviwipes-regular-6-x-6-3-4-160-can/""}, {""name"": ""saliva ejectors clear body with blue tip 100/bag"", ""url"": ""https://www.safcodental.com/catalog/product/view/id/25393/s/saliva-ejectors-clear-body-with-blue-tip-100-bag/""}, {""name"": ""Safco lidocaine 2% and epinephrine 1:100,000 (red) 50/box"", ""url"": ""https://www.safcodental.com/catalog/product/view/id/61/s/safco-lidocaine-2-and-epinephrine-1-100-000-red-50-box/""}, {""name"": ""saliva ejectors white body with white tip 100/bag"", ""url"": ""https://www.safcodental.com/catalog/product/view/id/25396/s/saliva-ejectors-white-body-with-white-tip-100-bag/""}, {""name"": ""Safco DuraSoft latex gloves small 100/box"", ""url"": ""https://www.safcodental.com/catalog/product/view/id/50917/s/safco-durasoft-latex-gloves-small-100-box/""}, {""name"": ""Safco oral evacuators white 50/bag"", ""url"": ""https://www.safcodental.com/catalog/product/view/id/7198/s/safco-oral-evacuators-white-50-bag/""}, {""name"": ""Nitrilex Surpass nitrile gloves small 300/box"", ""url"": ""https://www.safcodental.com/catalog/product/view/id/56422/s/nitrilex-surpass-nitrile-gloves-small-300-box/""}, {""name"": ""Safco DuraSoft latex gloves medium 100/box"", ""url"": ""https://www.safcodental.com/catalog/product/view/id/50920/s/safco-durasoft-latex-gloves-medium-100-box/""}, {""name"": ""Pure 100% cotton non-woven sponges 2\"" x 2\"", sleeve of 200"", ""url"": ""https://www.safcodental.com/catalog/product/view/id/42178/s/pure-100-cotton-non-woven-sponges-2-x-2-sleeve-of-200/""}, {""name"": ""Nitrilex Surpass nitrile gloves medium 300/box"", ""url"": ""https://www.safcodental.com/catalog/product/view/id/56425/s/nitrilex-surpass-nitrile-gloves-medium-300-box/""}]","EXAM,GLOVES,PPE,PPE25,CR3555,CR3556,CR3557,CR3558",95917,Yes,2026-04-30T02:08:29.225490+00:00,selectors
69,Safco Nitrilex Black,Safco,"DRCCX, 1027972, 102-7972, 1027974, 102-7974, 1027976, 102-7976, 1027978, 102-7978, 1027980, 102-7980",Dental Exam Gloves,Nitrile gloves,https://www.safcodental.com/product/safco-nitrilex-black,$13.29,13.29,,In stock,,,"https://www.safcodental.com/media/catalog/product/d/r/drccx.jpg?width=265&height=265&canvas=265,265&optimize=medium&fit=bounds","[""https://www.safcodental.com/media/catalog/product/d/r/drccx.jpg?optimize=medium&fit=bounds&height=700&width=700&canvas=700:700"", ""https://www.safcodental.com/media/catalog/product/d/r/drccx.jpg?optimize=medium&fit=bounds&height=700&width=700&canvas=700:700""]","[{""name"": ""CaviWipes regular 6\"" x 6-3/4\"" 160/can"", ""url"": ""https://www.safcodental.com/catalog/product/view/id/7330/s/caviwipes-regular-6-x-6-3-4-160-can/""}, {""name"": ""saliva ejectors clear body with blue tip 100/bag"", ""url"": ""https://www.safcodental.com/catalog/product/view/id/25393/s/saliva-ejectors-clear-body-with-blue-tip-100-bag/""}, {""name"": ""Safco lidocaine 2% and epinephrine 1:100,000 (red) 50/box"", ""url"": ""https://www.safcodental.com/catalog/product/view/id/61/s/safco-lidocaine-2-and-epinephrine-1-100-000-red-50-box/""}, {""name"": ""saliva ejectors white body with white tip 100/bag"", ""url"": ""https://www.safcodental.com/catalog/product/view/id/25396/s/saliva-ejectors-white-body-with-white-tip-100-bag/""}, {""name"": ""Safco DuraSoft latex gloves small 100/box"", ""url"": ""https://www.safcodental.com/catalog/product/view/id/50917/s/safco-durasoft-latex-gloves-small-100-box/""}, {""name"": ""Safco oral evacuators white 50/bag"", ""url"": ""https://www.safcodental.com/catalog/product/view/id/7198/s/safco-oral-evacuators-white-50-bag/""}, {""name"": ""Nitrilex Surpass nitrile gloves small 300/box"", ""url"": ""https://www.safcodental.com/catalog/product/view/id/56422/s/nitrilex-surpass-nitrile-gloves-small-300-box/""}, {""name"": ""Safco DuraSoft latex gloves medium 100/box"", ""url"": ""https://www.safcodental.com/catalog/product/view/id/50920/s/safco-durasoft-latex-gloves-medium-100-box/""}, {""name"": ""Pure 100% cotton non-woven sponges 2\"" x 2\"", sleeve of 200"", ""url"": ""https://www.safcodental.com/catalog/product/view/id/42178/s/pure-100-cotton-non-woven-sponges-2-x-2-sleeve-of-200/""}, {""name"": ""Nitrilex Surpass nitrile gloves medium 300/box"", ""url"": ""https://www.safcodental.com/catalog/product/view/id/56425/s/nitrilex-surpass-nitrile-gloves-medium-300-box/""}]","EXAM,GLOVES,PPE,PPE25,1027972,1027974,1027976,1027978,1027980",95977,No,2026-04-30T02:08:37.795454+00:00,selectors
70,Halyard Black Nitrile,Halyard,"DRCDL, 3028412, 302-8412, 3028414, 302-8414, 3028416, 302-8416, 3028418, 302-8418, 3028420, 302-8420",Dental Exam Gloves,Nitrile gloves,https://www.safcodental.com/product/halyard-black-nitrile,$8.29,8.29,,In stock,,,"https://www.safcodental.com/media/catalog/product/d/r/drcdl.jpg?width=265&height=265&canvas=265,265&optimize=medium&fit=bounds","[""https://www.safcodental.com/media/catalog/product/d/r/drcdl.jpg?optimize=medium&fit=bounds&height=700&width=700&canvas=700:700"", ""https://www.safcodental.com/media/catalog/product/d/r/drcdl.jpg?optimize=medium&fit=bounds&height=700&width=700&canvas=700:700""]","[{""name"": ""CaviWipes regular 6\"" x 6-3/4\"" 160/can"", ""url"": ""https://www.safcodental.com/catalog/product/view/id/7330/s/caviwipes-regular-6-x-6-3-4-160-can/""}, {""name"": ""saliva ejectors clear body with blue tip 100/bag"", ""url"": ""https://www.safcodental.com/catalog/product/view/id/25393/s/saliva-ejectors-clear-body-with-blue-tip-100-bag/""}, {""name"": ""Safco lidocaine 2% and epinephrine 1:100,000 (red) 50/box"", ""url"": ""https://www.safcodental.com/catalog/product/view/id/61/s/safco-lidocaine-2-and-epinephrine-1-100-000-red-50-box/""}, {""name"": ""saliva ejectors white body with white tip 100/bag"", ""url"": ""https://www.safcodental.com/catalog/product/view/id/25396/s/saliva-ejectors-white-body-with-white-tip-100-bag/""}, {""name"": ""Safco DuraSoft latex gloves small 100/box"", ""url"": ""https://www.safcodental.com/catalog/product/view/id/50917/s/safco-durasoft-latex-gloves-small-100-box/""}, {""name"": ""Safco oral evacuators white 50/bag"", ""url"": ""https://www.safcodental.com/catalog/product/view/id/7198/s/safco-oral-evacuators-white-50-bag/""}, {""name"": ""Nitrilex Surpass nitrile gloves small 300/box"", ""url"": ""https://www.safcodental.com/catalog/product/view/id/56422/s/nitrilex-surpass-nitrile-gloves-small-300-box/""}, {""name"": ""Safco DuraSoft latex gloves medium 100/box"", ""url"": ""https://www.safcodental.com/catalog/product/view/id/50920/s/safco-durasoft-latex-gloves-medium-100-box/""}, {""name"": ""Pure 100% cotton non-woven sponges 2\"" x 2\"", sleeve of 200"", ""url"": ""https://www.safcodental.com/catalog/product/view/id/42178/s/pure-100-cotton-non-woven-sponges-2-x-2-sleeve-of-200/""}, {""name"": ""Nitrilex Surpass nitrile gloves medium 300/box"", ""url"": ""https://www.safcodental.com/catalog/product/view/id/56425/s/nitrilex-surpass-nitrile-gloves-medium-300-box/""}]",,103220,Yes,2026-04-30T02:08:46.479151+00:00,selectors
71,Alasta Pro,Dash,"DRCDK, 4681214, 468-1214, 4681216, 468-1216, 4681218, 468-1218, 4681220, 468-1220, 4681222, 468-1222",Dental Exam Gloves,Nitrile gloves,https://www.safcodental.com/product/alasta-pro,$23.49,23.49,,In stock,,,"https://www.safcodental.com/media/catalog/product/d/r/drcdk.jpg?width=265&height=265&canvas=265,265&optimize=medium&fit=bounds","[""https://www.safcodental.com/media/catalog/product/d/r/drcdk.jpg?optimize=medium&fit=bounds&height=700&width=700&canvas=700:700"", ""https://www.safcodental.com/media/catalog/product/d/r/drcdk.jpg?optimize=medium&fit=bounds&height=700&width=700&canvas=700:700"", ""https://www.safcodental.com/media/catalog/product/h/q/hqdefault_10_5.jpg?optimize=medium&fit=bounds&height=700&width=700&canvas=700:700""]","[{""name"": ""CaviWipes regular 6\"" x 6-3/4\"" 160/can"", ""url"": ""https://www.safcodental.com/catalog/product/view/id/7330/s/caviwipes-regular-6-x-6-3-4-160-can/""}, {""name"": ""saliva ejectors clear body with blue tip 100/bag"", ""url"": ""https://www.safcodental.com/catalog/product/view/id/25393/s/saliva-ejectors-clear-body-with-blue-tip-100-bag/""}, {""name"": ""Safco lidocaine 2% and epinephrine 1:100,000 (red) 50/box"", ""url"": ""https://www.safcodental.com/catalog/product/view/id/61/s/safco-lidocaine-2-and-epinephrine-1-100-000-red-50-box/""}, {""name"": ""saliva ejectors white body with white tip 100/bag"", ""url"": ""https://www.safcodental.com/catalog/product/view/id/25396/s/saliva-ejectors-white-body-with-white-tip-100-bag/""}, {""name"": ""Safco DuraSoft latex gloves small 100/box"", ""url"": ""https://www.safcodental.com/catalog/product/view/id/50917/s/safco-durasoft-latex-gloves-small-100-box/""}, {""name"": ""Safco oral evacuators white 50/bag"", ""url"": ""https://www.safcodental.com/catalog/product/view/id/7198/s/safco-oral-evacuators-white-50-bag/""}, {""name"": ""Nitrilex Surpass nitrile gloves small 300/box"", ""url"": ""https://www.safcodental.com/catalog/product/view/id/56422/s/nitrilex-surpass-nitrile-gloves-small-300-box/""}, {""name"": ""Safco DuraSoft latex gloves medium 100/box"", ""url"": ""https://www.safcodental.com/catalog/product/view/id/50920/s/safco-durasoft-latex-gloves-medium-100-box/""}, {""name"": ""Pure 100% cotton non-woven sponges 2\"" x 2\"", sleeve of 200"", ""url"": ""https://www.safcodental.com/catalog/product/view/id/42178/s/pure-100-cotton-non-woven-sponges-2-x-2-sleeve-of-200/""}, {""name"": ""Nitrilex Surpass nitrile gloves medium 300/box"", ""url"": ""https://www.safcodental.com/catalog/product/view/id/56425/s/nitrilex-surpass-nitrile-gloves-medium-300-box/""}]",,103217,Yes,2026-04-30T02:08:55.357578+00:00,selectors
72,Ocean Pacific NeoNatural,Medicom,3150130,Dental Exam Gloves,Chloroprene gloves,https://www.safcodental.com/product/ocean-pacific-sup-reg-sup-neonatural-sup-trade-sup,$23.49,23.49,,In stock,,,"https://www.safcodental.com/media/catalog/product/d/r/drdas.jpg?width=265&height=265&canvas=265,265&optimize=medium&fit=bounds","[""https://www.safcodental.com/media/catalog/product/d/r/drdas.jpg?optimize=medium&fit=bounds&height=700&width=700&canvas=700:700"", ""https://www.safcodental.com/media/catalog/product/d/r/drdas.jpg?optimize=medium&fit=bounds&height=700&width=700&canvas=700:700""]","[{""name"": ""CaviWipes regular 6\"" x 6-3/4\"" 160/can"", ""url"": ""https://www.safcodental.com/catalog/product/view/id/7330/s/caviwipes-regular-6-x-6-3-4-160-can/""}, {""name"": ""saliva ejectors clear body with blue tip 100/bag"", ""url"": ""https://www.safcodental.com/catalog/product/view/id/25393/s/saliva-ejectors-clear-body-with-blue-tip-100-bag/""}, {""name"": ""Safco lidocaine 2% and epinephrine 1:100,000 (red) 50/box"", ""url"": ""https://www.safcodental.com/catalog/product/view/id/61/s/safco-lidocaine-2-and-epinephrine-1-100-000-red-50-box/""}, {""name"": ""saliva ejectors white body with white tip 100/bag"", ""url"": ""https://www.safcodental.com/catalog/product/view/id/25396/s/saliva-ejectors-white-body-with-white-tip-100-bag/""}, {""name"": ""Safco DuraSoft latex gloves small 100/box"", ""url"": ""https://www.safcodental.com/catalog/product/view/id/50917/s/safco-durasoft-latex-gloves-small-100-box/""}, {""name"": ""Safco oral evacuators white 50/bag"", ""url"": ""https://www.safcodental.com/catalog/product/view/id/7198/s/safco-oral-evacuators-white-50-bag/""}, {""name"": ""Nitrilex Surpass nitrile gloves small 300/box"", ""url"": ""https://www.safcodental.com/catalog/product/view/id/56422/s/nitrilex-surpass-nitrile-gloves-small-300-box/""}, {""name"": ""Safco DuraSoft latex gloves medium 100/box"", ""url"": ""https://www.safcodental.com/catalog/product/view/id/50920/s/safco-durasoft-latex-gloves-medium-100-box/""}, {""name"": ""Pure 100% cotton non-woven sponges 2\"" x 2\"", sleeve of 200"", ""url"": ""https://www.safcodental.com/catalog/product/view/id/42178/s/pure-100-cotton-non-woven-sponges-2-x-2-sleeve-of-200/""}, {""name"": ""Nitrilex Surpass nitrile gloves medium 300/box"", ""url"": ""https://www.safcodental.com/catalog/product/view/id/56425/s/nitrilex-surpass-nitrile-gloves-medium-300-box/""}]","PPE,PPE25,1228A,1228B",96049,Yes,2026-04-30T02:09:04.282812+00:00,selectors
73,True Comfort Blu,Dash,"4680067, 4680069, 4680071, 4680073, 4680075",Dental Exam Gloves,Chloroprene gloves,https://www.safcodental.com/product/true-comfort-reg-blu,$19.49,19.49,,In stock,,,"https://www.safcodental.com/media/catalog/product/d/r/drdaq.jpg?width=265&height=265&canvas=265,265&optimize=medium&fit=bounds","[""https://www.safcodental.com/media/catalog/product/d/r/drdaq.jpg?optimize=medium&fit=bounds&height=700&width=700&canvas=700:700"", ""https://www.safcodental.com/media/catalog/product/d/r/drdaq.jpg?optimize=medium&fit=bounds&height=700&width=700&canvas=700:700""]","[{""name"": ""CaviWipes regular 6\"" x 6-3/4\"" 160/can"", ""url"": ""https://www.safcodental.com/catalog/product/view/id/7330/s/caviwipes-regular-6-x-6-3-4-160-can/""}, {""name"": ""saliva ejectors clear body with blue tip 100/bag"", ""url"": ""https://www.safcodental.com/catalog/product/view/id/25393/s/saliva-ejectors-clear-body-with-blue-tip-100-bag/""}, {""name"": ""Safco lidocaine 2% and epinephrine 1:100,000 (red) 50/box"", ""url"": ""https://www.safcodental.com/catalog/product/view/id/61/s/safco-lidocaine-2-and-epinephrine-1-100-000-red-50-box/""}, {""name"": ""saliva ejectors white body with white tip 100/bag"", ""url"": ""https://www.safcodental.com/catalog/product/view/id/25396/s/saliva-ejectors-white-body-with-white-tip-100-bag/""}, {""name"": ""Safco DuraSoft latex gloves small 100/box"", ""url"": ""https://www.safcodental.com/catalog/product/view/id/50917/s/safco-durasoft-latex-gloves-small-100-box/""}, {""name"": ""Safco oral evacuators white 50/bag"", ""url"": ""https://www.safcodental.com/catalog/product/view/id/7198/s/safco-oral-evacuators-white-50-bag/""}, {""name"": ""Nitrilex Surpass nitrile gloves small 300/box"", ""url"": ""https://www.safcodental.com/catalog/product/view/id/56422/s/nitrilex-surpass-nitrile-gloves-small-300-box/""}, {""name"": ""Safco DuraSoft latex gloves medium 100/box"", ""url"": ""https://www.safcodental.com/catalog/product/view/id/50920/s/safco-durasoft-latex-gloves-medium-100-box/""}, {""name"": ""Pure 100% cotton non-woven sponges 2\"" x 2\"", sleeve of 200"", ""url"": ""https://www.safcodental.com/catalog/product/view/id/42178/s/pure-100-cotton-non-woven-sponges-2-x-2-sleeve-of-200/""}, {""name"": ""Nitrilex Surpass nitrile gloves medium 300/box"", ""url"": ""https://www.safcodental.com/catalog/product/view/id/56425/s/nitrilex-surpass-nitrile-gloves-medium-300-box/""}]","EXAM,EXAME,GLOVES,PPE,PPE25,TCB100XS,TCB100S,TCB100M,TCB100L,TCB100XL",96043,Yes,2026-04-30T02:09:13.644183+00:00,selectors
74,Neogard,Ansell,"DRDAF, 4750661, 475-0661, 4750663, 475-0663, 4750667, 475-0667, 4750671, 475-0671, 4750673, 475-0673",Dental Exam Gloves,Chloroprene gloves,https://www.safcodental.com/product/microflex-sup-reg-sup-neogard-sup-reg-sup,$22.99,22.99,,In stock,,,"https://www.safcodental.com/media/catalog/product/d/r/drdaf.jpg?width=265&height=265&canvas=265,265&optimize=medium&fit=bounds","[""https://www.safcodental.com/media/catalog/product/d/r/drdaf.jpg?optimize=medium&fit=bounds&height=700&width=700&canvas=700:700"", ""https://www.safcodental.com/media/catalog/product/d/r/drdaf.jpg?optimize=medium&fit=bounds&height=700&width=700&canvas=700:700""]","[{""name"": ""CaviWipes regular 6\"" x 6-3/4\"" 160/can"", ""url"": ""https://www.safcodental.com/catalog/product/view/id/7330/s/caviwipes-regular-6-x-6-3-4-160-can/""}, {""name"": ""saliva ejectors clear body with blue tip 100/bag"", ""url"": ""https://www.safcodental.com/catalog/product/view/id/25393/s/saliva-ejectors-clear-body-with-blue-tip-100-bag/""}, {""name"": ""Safco lidocaine 2% and epinephrine 1:100,000 (red) 50/box"", ""url"": ""https://www.safcodental.com/catalog/product/view/id/61/s/safco-lidocaine-2-and-epinephrine-1-100-000-red-50-box/""}, {""name"": ""saliva ejectors white body with white tip 100/bag"", ""url"": ""https://www.safcodental.com/catalog/product/view/id/25396/s/saliva-ejectors-white-body-with-white-tip-100-bag/""}, {""name"": ""Safco DuraSoft latex gloves small 100/box"", ""url"": ""https://www.safcodental.com/catalog/product/view/id/50917/s/safco-durasoft-latex-gloves-small-100-box/""}, {""name"": ""Safco oral evacuators white 50/bag"", ""url"": ""https://www.safcodental.com/catalog/product/view/id/7198/s/safco-oral-evacuators-white-50-bag/""}, {""name"": ""Nitrilex Surpass nitrile gloves small 300/box"", ""url"": ""https://www.safcodental.com/catalog/product/view/id/56422/s/nitrilex-surpass-nitrile-gloves-small-300-box/""}, {""name"": ""Safco DuraSoft latex gloves medium 100/box"", ""url"": ""https://www.safcodental.com/catalog/product/view/id/50920/s/safco-durasoft-latex-gloves-medium-100-box/""}, {""name"": ""Pure 100% cotton non-woven sponges 2\"" x 2\"", sleeve of 200"", ""url"": ""https://www.safcodental.com/catalog/product/view/id/42178/s/pure-100-cotton-non-woven-sponges-2-x-2-sleeve-of-200/""}, {""name"": ""Nitrilex Surpass nitrile gloves medium 300/box"", ""url"": ""https://www.safcodental.com/catalog/product/view/id/56425/s/nitrilex-surpass-nitrile-gloves-medium-300-box/""}]","EXAM,EXAME,GLOVES,PPE,PPE25,C520,C521,C522,C523,C524",96022,Yes,2026-04-30T02:09:22.919126+00:00,selectors
75,Black Maxx,Dash,"DRCDI, 4680090, 468-0090, 4680092, 468-0092, 4680094, 468-0094, 4680096, 468-0096, 4680098, 468-0098",Dental Exam Gloves,Nitrile gloves,https://www.safcodental.com/product/black-maxx-sup-reg-sup,$24.99,24.99,,In stock,,,"https://www.safcodental.com/media/catalog/product/d/r/drcdi.jpg?width=265&height=265&canvas=265,265&optimize=medium&fit=bounds","[""https://www.safcodental.com/media/catalog/product/d/r/drcdi.jpg?optimize=medium&fit=bounds&height=700&width=700&canvas=700:700"", ""https://www.safcodental.com/media/catalog/product/d/r/drcdi.jpg?optimize=medium&fit=bounds&height=700&width=700&canvas=700:700""]","[{""name"": ""CaviWipes regular 6\"" x 6-3/4\"" 160/can"", ""url"": ""https://www.safcodental.com/catalog/product/view/id/7330/s/caviwipes-regular-6-x-6-3-4-160-can/""}, {""name"": ""saliva ejectors clear body with blue tip 100/bag"", ""url"": ""https://www.safcodental.com/catalog/product/view/id/25393/s/saliva-ejectors-clear-body-with-blue-tip-100-bag/""}, {""name"": ""Safco lidocaine 2% and epinephrine 1:100,000 (red) 50/box"", ""url"": ""https://www.safcodental.com/catalog/product/view/id/61/s/safco-lidocaine-2-and-epinephrine-1-100-000-red-50-box/""}, {""name"": ""saliva ejectors white body with white tip 100/bag"", ""url"": ""https://www.safcodental.com/catalog/product/view/id/25396/s/saliva-ejectors-white-body-with-white-tip-100-bag/""}, {""name"": ""Safco DuraSoft latex gloves small 100/box"", ""url"": ""https://www.safcodental.com/catalog/product/view/id/50917/s/safco-durasoft-latex-gloves-small-100-box/""}, {""name"": ""Safco oral evacuators white 50/bag"", ""url"": ""https://www.safcodental.com/catalog/product/view/id/7198/s/safco-oral-evacuators-white-50-bag/""}, {""name"": ""Nitrilex Surpass nitrile gloves small 300/box"", ""url"": ""https://www.safcodental.com/catalog/product/view/id/56422/s/nitrilex-surpass-nitrile-gloves-small-300-box/""}, {""name"": ""Safco DuraSoft latex gloves medium 100/box"", ""url"": ""https://www.safcodental.com/catalog/product/view/id/50920/s/safco-durasoft-latex-gloves-medium-100-box/""}, {""name"": ""Pure 100% cotton non-woven sponges 2\"" x 2\"", sleeve of 200"", ""url"": ""https://www.safcodental.com/catalog/product/view/id/42178/s/pure-100-cotton-non-woven-sponges-2-x-2-sleeve-of-200/""}, {""name"": ""Nitrilex Surpass nitrile gloves medium 300/box"", ""url"": ""https://www.safcodental.com/catalog/product/view/id/56425/s/nitrilex-surpass-nitrile-gloves-medium-300-box/""}]","PPE,PPE25,BMNT200XS,BMNT200S,BMNT200M,BMNT200L,BMNT200XL",96010,Yes,2026-04-30T02:09:31.952870+00:00,selectors
76,GloveUp,Dash,"DRCDH, 4680077, 468-0077, 4680078, 468-0078, 4680079, 468-0079, 4680080, 468-0080, 4680081, 468-0081",Dental Exam Gloves,Nitrile gloves,https://www.safcodental.com/product/gloveup-sup-reg-sup,$30.99,30.99,,In stock,,,"https://www.safcodental.com/media/catalog/product/d/r/drcdh.jpg?width=265&height=265&canvas=265,265&optimize=medium&fit=bounds","[""https://www.safcodental.com/media/catalog/product/d/r/drcdh.jpg?optimize=medium&fit=bounds&height=700&width=700&canvas=700:700"", ""https://www.safcodental.com/media/catalog/product/d/r/drcdh.jpg?optimize=medium&fit=bounds&height=700&width=700&canvas=700:700""]","[{""name"": ""CaviWipes regular 6\"" x 6-3/4\"" 160/can"", ""url"": ""https://www.safcodental.com/catalog/product/view/id/7330/s/caviwipes-regular-6-x-6-3-4-160-can/""}, {""name"": ""saliva ejectors clear body with blue tip 100/bag"", ""url"": ""https://www.safcodental.com/catalog/product/view/id/25393/s/saliva-ejectors-clear-body-with-blue-tip-100-bag/""}, {""name"": ""Safco lidocaine 2% and epinephrine 1:100,000 (red) 50/box"", ""url"": ""https://www.safcodental.com/catalog/product/view/id/61/s/safco-lidocaine-2-and-epinephrine-1-100-000-red-50-box/""}, {""name"": ""saliva ejectors white body with white tip 100/bag"", ""url"": ""https://www.safcodental.com/catalog/product/view/id/25396/s/saliva-ejectors-white-body-with-white-tip-100-bag/""}, {""name"": ""Safco DuraSoft latex gloves small 100/box"", ""url"": ""https://www.safcodental.com/catalog/product/view/id/50917/s/safco-durasoft-latex-gloves-small-100-box/""}, {""name"": ""Safco oral evacuators white 50/bag"", ""url"": ""https://www.safcodental.com/catalog/product/view/id/7198/s/safco-oral-evacuators-white-50-bag/""}, {""name"": ""Nitrilex Surpass nitrile gloves small 300/box"", ""url"": ""https://www.safcodental.com/catalog/product/view/id/56422/s/nitrilex-surpass-nitrile-gloves-small-300-box/""}, {""name"": ""Safco DuraSoft latex gloves medium 100/box"", ""url"": ""https://www.safcodental.com/catalog/product/view/id/50920/s/safco-durasoft-latex-gloves-medium-100-box/""}, {""name"": ""Pure 100% cotton non-woven sponges 2\"" x 2\"", sleeve of 200"", ""url"": ""https://www.safcodental.com/catalog/product/view/id/42178/s/pure-100-cotton-non-woven-sponges-2-x-2-sleeve-of-200/""}, {""name"": ""Nitrilex Surpass nitrile gloves medium 300/box"", ""url"": ""https://www.safcodental.com/catalog/product/view/id/56425/s/nitrilex-surpass-nitrile-gloves-medium-300-box/""}]","PPE,PPE25,GUP300XS,GUP300S,GUP300M,GUP300L,GUP300XL",96007,Yes,2026-04-30T02:09:41.519419+00:00,selectors
77,Bio Nitrile,Cranberry,"DRCDG, 4710068, 471-0068, 4710070, 471-0070, 4710072, 471-0072, 4710074, 471-0074, 4710076, 471-0076",Dental Exam Gloves,Nitrile gloves,https://www.safcodental.com/product/bio-nitrile-sup-reg-sup,$23.99,23.99,,In stock,,,"https://www.safcodental.com/media/catalog/product/d/r/drcdg.jpg?width=265&height=265&canvas=265,265&optimize=medium&fit=bounds","[""https://www.safcodental.com/media/catalog/product/d/r/drcdg.jpg?optimize=medium&fit=bounds&height=700&width=700&canvas=700:700"", ""https://www.safcodental.com/media/catalog/product/d/r/drcdg.jpg?optimize=medium&fit=bounds&height=700&width=700&canvas=700:700""]","[{""name"": ""CaviWipes regular 6\"" x 6-3/4\"" 160/can"", ""url"": ""https://www.safcodental.com/catalog/product/view/id/7330/s/caviwipes-regular-6-x-6-3-4-160-can/""}, {""name"": ""saliva ejectors clear body with blue tip 100/bag"", ""url"": ""https://www.safcodental.com/catalog/product/view/id/25393/s/saliva-ejectors-clear-body-with-blue-tip-100-bag/""}, {""name"": ""Safco lidocaine 2% and epinephrine 1:100,000 (red) 50/box"", ""url"": ""https://www.safcodental.com/catalog/product/view/id/61/s/safco-lidocaine-2-and-epinephrine-1-100-000-red-50-box/""}, {""name"": ""saliva ejectors white body with white tip 100/bag"", ""url"": ""https://www.safcodental.com/catalog/product/view/id/25396/s/saliva-ejectors-white-body-with-white-tip-100-bag/""}, {""name"": ""Safco DuraSoft latex gloves small 100/box"", ""url"": ""https://www.safcodental.com/catalog/product/view/id/50917/s/safco-durasoft-latex-gloves-small-100-box/""}, {""name"": ""Safco oral evacuators white 50/bag"", ""url"": ""https://www.safcodental.com/catalog/product/view/id/7198/s/safco-oral-evacuators-white-50-bag/""}, {""name"": ""Nitrilex Surpass nitrile gloves small 300/box"", ""url"": ""https://www.safcodental.com/catalog/product/view/id/56422/s/nitrilex-surpass-nitrile-gloves-small-300-box/""}, {""name"": ""Safco DuraSoft latex gloves medium 100/box"", ""url"": ""https://www.safcodental.com/catalog/product/view/id/50920/s/safco-durasoft-latex-gloves-medium-100-box/""}, {""name"": ""Pure 100% cotton non-woven sponges 2\"" x 2\"", sleeve of 200"", ""url"": ""https://www.safcodental.com/catalog/product/view/id/42178/s/pure-100-cotton-non-woven-sponges-2-x-2-sleeve-of-200/""}, {""name"": ""Nitrilex Surpass nitrile gloves medium 300/box"", ""url"": ""https://www.safcodental.com/catalog/product/view/id/56425/s/nitrilex-surpass-nitrile-gloves-medium-300-box/""}]","ECOFRIENDLY,EXAM,GLOVES,PPE,PPE25,CR3575,CR3576,CR3577,CR3578,CR3579",96004,Yes,2026-04-30T02:09:50.475672+00:00,selectors
78,Carbon Air,Cranberry,"DRCCY, 4712120, 471-2120, 4712122, 471-2122, 4712124, 471-2124, 4712126, 471-2126, 4712128, 471-2128",Dental Exam Gloves,Nitrile gloves,https://www.safcodental.com/product/carbon-reg-air,$23.79,23.79,,In stock,,,"https://www.safcodental.com/media/catalog/product/d/r/drccy_2.jpg?width=265&height=265&canvas=265,265&optimize=medium&fit=bounds","[""https://www.safcodental.com/media/catalog/product/d/r/drccy_2.jpg?optimize=medium&fit=bounds&height=700&width=700&canvas=700:700"", ""https://www.safcodental.com/media/catalog/product/d/r/drccy_2.jpg?optimize=medium&fit=bounds&height=700&width=700&canvas=700:700""]","[{""name"": ""CaviWipes regular 6\"" x 6-3/4\"" 160/can"", ""url"": ""https://www.safcodental.com/catalog/product/view/id/7330/s/caviwipes-regular-6-x-6-3-4-160-can/""}, {""name"": ""saliva ejectors clear body with blue tip 100/bag"", ""url"": ""https://www.safcodental.com/catalog/product/view/id/25393/s/saliva-ejectors-clear-body-with-blue-tip-100-bag/""}, {""name"": ""Safco lidocaine 2% and epinephrine 1:100,000 (red) 50/box"", ""url"": ""https://www.safcodental.com/catalog/product/view/id/61/s/safco-lidocaine-2-and-epinephrine-1-100-000-red-50-box/""}, {""name"": ""saliva ejectors white body with white tip 100/bag"", ""url"": ""https://www.safcodental.com/catalog/product/view/id/25396/s/saliva-ejectors-white-body-with-white-tip-100-bag/""}, {""name"": ""Safco DuraSoft latex gloves small 100/box"", ""url"": ""https://www.safcodental.com/catalog/product/view/id/50917/s/safco-durasoft-latex-gloves-small-100-box/""}, {""name"": ""Safco oral evacuators white 50/bag"", ""url"": ""https://www.safcodental.com/catalog/product/view/id/7198/s/safco-oral-evacuators-white-50-bag/""}, {""name"": ""Nitrilex Surpass nitrile gloves small 300/box"", ""url"": ""https://www.safcodental.com/catalog/product/view/id/56422/s/nitrilex-surpass-nitrile-gloves-small-300-box/""}, {""name"": ""Safco DuraSoft latex gloves medium 100/box"", ""url"": ""https://www.safcodental.com/catalog/product/view/id/50920/s/safco-durasoft-latex-gloves-medium-100-box/""}, {""name"": ""Pure 100% cotton non-woven sponges 2\"" x 2\"", sleeve of 200"", ""url"": ""https://www.safcodental.com/catalog/product/view/id/42178/s/pure-100-cotton-non-woven-sponges-2-x-2-sleeve-of-200/""}, {""name"": ""Nitrilex Surpass nitrile gloves medium 300/box"", ""url"": ""https://www.safcodental.com/catalog/product/view/id/56425/s/nitrilex-surpass-nitrile-gloves-medium-300-box/""}]","EXAM,GLOVES,PPE,PPE25,CR3265,CR3266,CR3267,CR3268,CR3269",95980,Yes,2026-04-30T02:09:59.754924+00:00,selectors
79,BeeSure UltraSlim Nitrile,EcoBee,"4712110, 4712112, 4712114, 4712116",Dental Exam Gloves,Nitrile gloves,https://www.safcodental.com/product/beesure-ultraslim-nitrile,$25.49,25.49,,In stock,,,"https://www.safcodental.com/media/catalog/product/d/r/drccw.jpg?width=265&height=265&canvas=265,265&optimize=medium&fit=bounds","[""https://www.safcodental.com/media/catalog/product/d/r/drccw.jpg?optimize=medium&fit=bounds&height=700&width=700&canvas=700:700"", ""https://www.safcodental.com/media/catalog/product/d/r/drccw.jpg?optimize=medium&fit=bounds&height=700&width=700&canvas=700:700""]","[{""name"": ""CaviWipes regular 6\"" x 6-3/4\"" 160/can"", ""url"": ""https://www.safcodental.com/catalog/product/view/id/7330/s/caviwipes-regular-6-x-6-3-4-160-can/""}, {""name"": ""saliva ejectors clear body with blue tip 100/bag"", ""url"": ""https://www.safcodental.com/catalog/product/view/id/25393/s/saliva-ejectors-clear-body-with-blue-tip-100-bag/""}, {""name"": ""Safco lidocaine 2% and epinephrine 1:100,000 (red) 50/box"", ""url"": ""https://www.safcodental.com/catalog/product/view/id/61/s/safco-lidocaine-2-and-epinephrine-1-100-000-red-50-box/""}, {""name"": ""saliva ejectors white body with white tip 100/bag"", ""url"": ""https://www.safcodental.com/catalog/product/view/id/25396/s/saliva-ejectors-white-body-with-white-tip-100-bag/""}, {""name"": ""Safco DuraSoft latex gloves small 100/box"", ""url"": ""https://www.safcodental.com/catalog/product/view/id/50917/s/safco-durasoft-latex-gloves-small-100-box/""}, {""name"": ""Safco oral evacuators white 50/bag"", ""url"": ""https://www.safcodental.com/catalog/product/view/id/7198/s/safco-oral-evacuators-white-50-bag/""}, {""name"": ""Nitrilex Surpass nitrile gloves small 300/box"", ""url"": ""https://www.safcodental.com/catalog/product/view/id/56422/s/nitrilex-surpass-nitrile-gloves-small-300-box/""}, {""name"": ""Safco DuraSoft latex gloves medium 100/box"", ""url"": ""https://www.safcodental.com/catalog/product/view/id/50920/s/safco-durasoft-latex-gloves-medium-100-box/""}, {""name"": ""Pure 100% cotton non-woven sponges 2\"" x 2\"", sleeve of 200"", ""url"": ""https://www.safcodental.com/catalog/product/view/id/42178/s/pure-100-cotton-non-woven-sponges-2-x-2-sleeve-of-200/""}, {""name"": ""Nitrilex Surpass nitrile gloves medium 300/box"", ""url"": ""https://www.safcodental.com/catalog/product/view/id/56425/s/nitrilex-surpass-nitrile-gloves-medium-300-box/""}]","ECOFRIENDLY,EXAM,GLOVES,PPE,PPE25,BE1155,BE1156,BE1157,BE1158",95974,Yes,2026-04-30T02:10:08.417283+00:00,selectors
80,Microflex Xceed,Ansell,"DRCBC, 4751200, 475-1200, 4751205, 475-1205, 4751213, 475-1213, 4751218, 475-1218, 4751221, 475-1221",Dental Exam Gloves,Nitrile gloves,https://www.safcodental.com/product/microflex-reg-xceed-reg,$24.99,24.99,,In stock,,,"https://www.safcodental.com/media/catalog/product/d/r/drcbc.jpg?width=265&height=265&canvas=265,265&optimize=medium&fit=bounds","[""https://www.safcodental.com/media/catalog/product/d/r/drcbc.jpg?optimize=medium&fit=bounds&height=700&width=700&canvas=700:700"", ""https://www.safcodental.com/media/catalog/product/d/r/drcbc.jpg?optimize=medium&fit=bounds&height=700&width=700&canvas=700:700""]","[{""name"": ""CaviWipes regular 6\"" x 6-3/4\"" 160/can"", ""url"": ""https://www.safcodental.com/catalog/product/view/id/7330/s/caviwipes-regular-6-x-6-3-4-160-can/""}, {""name"": ""saliva ejectors clear body with blue tip 100/bag"", ""url"": ""https://www.safcodental.com/catalog/product/view/id/25393/s/saliva-ejectors-clear-body-with-blue-tip-100-bag/""}, {""name"": ""Safco lidocaine 2% and epinephrine 1:100,000 (red) 50/box"", ""url"": ""https://www.safcodental.com/catalog/product/view/id/61/s/safco-lidocaine-2-and-epinephrine-1-100-000-red-50-box/""}, {""name"": ""saliva ejectors white body with white tip 100/bag"", ""url"": ""https://www.safcodental.com/catalog/product/view/id/25396/s/saliva-ejectors-white-body-with-white-tip-100-bag/""}, {""name"": ""Safco DuraSoft latex gloves small 100/box"", ""url"": ""https://www.safcodental.com/catalog/product/view/id/50917/s/safco-durasoft-latex-gloves-small-100-box/""}, {""name"": ""Safco oral evacuators white 50/bag"", ""url"": ""https://www.safcodental.com/catalog/product/view/id/7198/s/safco-oral-evacuators-white-50-bag/""}, {""name"": ""Nitrilex Surpass nitrile gloves small 300/box"", ""url"": ""https://www.safcodental.com/catalog/product/view/id/56422/s/nitrilex-surpass-nitrile-gloves-small-300-box/""}, {""name"": ""Safco DuraSoft latex gloves medium 100/box"", ""url"": ""https://www.safcodental.com/catalog/product/view/id/50920/s/safco-durasoft-latex-gloves-medium-100-box/""}, {""name"": ""Pure 100% cotton non-woven sponges 2\"" x 2\"", sleeve of 200"", ""url"": ""https://www.safcodental.com/catalog/product/view/id/42178/s/pure-100-cotton-non-woven-sponges-2-x-2-sleeve-of-200/""}, {""name"": ""Nitrilex Surpass nitrile gloves medium 300/box"", ""url"": ""https://www.safcodental.com/catalog/product/view/id/56425/s/nitrilex-surpass-nitrile-gloves-medium-300-box/""}]","EXAM,FREE,GLOVES,LATEX,NON,PPE,PPE25,XC-310-XS,XC-310-S,XC-310-M,XC-310-L,XC-310-XL",95854,Yes,2026-04-30T02:10:17.255582+00:00,selectors
81,BeeSure Nitrile,EcoBee,"DRCAZ, 4711201, 471-1201, 4711215, 471-1215, 4711223, 471-1223, 4711235, 471-1235, 4711238, 471-1238",Dental Exam Gloves,Nitrile gloves,https://www.safcodental.com/product/beesure-sup-reg-sup-nitrile,$8.99,8.99,,In stock,,,"https://www.safcodental.com/media/catalog/product/d/r/drcaz.jpg?width=265&height=265&canvas=265,265&optimize=medium&fit=bounds","[""https://www.safcodental.com/media/catalog/product/d/r/drcaz.jpg?optimize=medium&fit=bounds&height=700&width=700&canvas=700:700"", ""https://www.safcodental.com/media/catalog/product/d/r/drcaz.jpg?optimize=medium&fit=bounds&height=700&width=700&canvas=700:700""]","[{""name"": ""CaviWipes regular 6\"" x 6-3/4\"" 160/can"", ""url"": ""https://www.safcodental.com/catalog/product/view/id/7330/s/caviwipes-regular-6-x-6-3-4-160-can/""}, {""name"": ""saliva ejectors clear body with blue tip 100/bag"", ""url"": ""https://www.safcodental.com/catalog/product/view/id/25393/s/saliva-ejectors-clear-body-with-blue-tip-100-bag/""}, {""name"": ""Safco lidocaine 2% and epinephrine 1:100,000 (red) 50/box"", ""url"": ""https://www.safcodental.com/catalog/product/view/id/61/s/safco-lidocaine-2-and-epinephrine-1-100-000-red-50-box/""}, {""name"": ""saliva ejectors white body with white tip 100/bag"", ""url"": ""https://www.safcodental.com/catalog/product/view/id/25396/s/saliva-ejectors-white-body-with-white-tip-100-bag/""}, {""name"": ""Safco DuraSoft latex gloves small 100/box"", ""url"": ""https://www.safcodental.com/catalog/product/view/id/50917/s/safco-durasoft-latex-gloves-small-100-box/""}, {""name"": ""Safco oral evacuators white 50/bag"", ""url"": ""https://www.safcodental.com/catalog/product/view/id/7198/s/safco-oral-evacuators-white-50-bag/""}, {""name"": ""Nitrilex Surpass nitrile gloves small 300/box"", ""url"": ""https://www.safcodental.com/catalog/product/view/id/56422/s/nitrilex-surpass-nitrile-gloves-small-300-box/""}, {""name"": ""Safco DuraSoft latex gloves medium 100/box"", ""url"": ""https://www.safcodental.com/catalog/product/view/id/50920/s/safco-durasoft-latex-gloves-medium-100-box/""}, {""name"": ""Pure 100% cotton non-woven sponges 2\"" x 2\"", sleeve of 200"", ""url"": ""https://www.safcodental.com/catalog/product/view/id/42178/s/pure-100-cotton-non-woven-sponges-2-x-2-sleeve-of-200/""}, {""name"": ""Nitrilex Surpass nitrile gloves medium 300/box"", ""url"": ""https://www.safcodental.com/catalog/product/view/id/56425/s/nitrilex-surpass-nitrile-gloves-medium-300-box/""}]","BEE,ECOFRIENDLY,EXAM,FREE,GLOVES,LATEX,NON,PPE,PPE25,SURE,BE1115,BE1116,BE1117,BE1118,BEE,ECOFRIENDLY,EXAM,GLOVES,PPE,PPE25,SURE,BE1119",95851,Yes,2026-04-30T02:10:25.873504+00:00,selectors
82,Alasta Aloe,Dash,"DRCAU, 4680805, 468-0805, 4680812, 468-0812, 4680820, 468-0820, 4680827, 468-0827",Dental Exam Gloves,Nitrile gloves,https://www.safcodental.com/product/alasta-reg-aloe,$12.99,12.99,,In stock,,,"https://www.safcodental.com/media/catalog/product/d/r/drcau.jpg?width=265&height=265&canvas=265,265&optimize=medium&fit=bounds","[""https://www.safcodental.com/media/catalog/product/d/r/drcau.jpg?optimize=medium&fit=bounds&height=700&width=700&canvas=700:700"", ""https://www.safcodental.com/media/catalog/product/d/r/drcau.jpg?optimize=medium&fit=bounds&height=700&width=700&canvas=700:700""]","[{""name"": ""CaviWipes regular 6\"" x 6-3/4\"" 160/can"", ""url"": ""https://www.safcodental.com/catalog/product/view/id/7330/s/caviwipes-regular-6-x-6-3-4-160-can/""}, {""name"": ""saliva ejectors clear body with blue tip 100/bag"", ""url"": ""https://www.safcodental.com/catalog/product/view/id/25393/s/saliva-ejectors-clear-body-with-blue-tip-100-bag/""}, {""name"": ""Safco lidocaine 2% and epinephrine 1:100,000 (red) 50/box"", ""url"": ""https://www.safcodental.com/catalog/product/view/id/61/s/safco-lidocaine-2-and-epinephrine-1-100-000-red-50-box/""}, {""name"": ""saliva ejectors white body with white tip 100/bag"", ""url"": ""https://www.safcodental.com/catalog/product/view/id/25396/s/saliva-ejectors-white-body-with-white-tip-100-bag/""}, {""name"": ""Safco DuraSoft latex gloves small 100/box"", ""url"": ""https://www.safcodental.com/catalog/product/view/id/50917/s/safco-durasoft-latex-gloves-small-100-box/""}, {""name"": ""Safco oral evacuators white 50/bag"", ""url"": ""https://www.safcodental.com/catalog/product/view/id/7198/s/safco-oral-evacuators-white-50-bag/""}, {""name"": ""Nitrilex Surpass nitrile gloves small 300/box"", ""url"": ""https://www.safcodental.com/catalog/product/view/id/56422/s/nitrilex-surpass-nitrile-gloves-small-300-box/""}, {""name"": ""Safco DuraSoft latex gloves medium 100/box"", ""url"": ""https://www.safcodental.com/catalog/product/view/id/50920/s/safco-durasoft-latex-gloves-medium-100-box/""}, {""name"": ""Pure 100% cotton non-woven sponges 2\"" x 2\"", sleeve of 200"", ""url"": ""https://www.safcodental.com/catalog/product/view/id/42178/s/pure-100-cotton-non-woven-sponges-2-x-2-sleeve-of-200/""}, {""name"": ""Nitrilex Surpass nitrile gloves medium 300/box"", ""url"": ""https://www.safcodental.com/catalog/product/view/id/56425/s/nitrilex-surpass-nitrile-gloves-medium-300-box/""}]","EXAM,FREE,GLOVES,LATEX,NON,PPE,PPE25,AA100XS,AA100S,AA100M,AA100L",95836,Yes,2026-04-30T02:10:34.966991+00:00,selectors
83,Safco EZ Green Chloroprene,Safco,"1028046, 1028048, 1028050, 1028052",Dental Exam Gloves,Chloroprene gloves,https://www.safcodental.com/product/safco-ez-green-chloroprene,$17.99,17.99,,In stock,,,"https://www.safcodental.com/media/catalog/product/d/r/drdap.jpg?width=265&height=265&canvas=265,265&optimize=medium&fit=bounds","[""https://www.safcodental.com/media/catalog/product/d/r/drdap.jpg?optimize=medium&fit=bounds&height=700&width=700&canvas=700:700"", ""https://www.safcodental.com/media/catalog/product/d/r/drdap.jpg?optimize=medium&fit=bounds&height=700&width=700&canvas=700:700""]","[{""name"": ""CaviWipes regular 6\"" x 6-3/4\"" 160/can"", ""url"": ""https://www.safcodental.com/catalog/product/view/id/7330/s/caviwipes-regular-6-x-6-3-4-160-can/""}, {""name"": ""saliva ejectors clear body with blue tip 100/bag"", ""url"": ""https://www.safcodental.com/catalog/product/view/id/25393/s/saliva-ejectors-clear-body-with-blue-tip-100-bag/""}, {""name"": ""Safco lidocaine 2% and epinephrine 1:100,000 (red) 50/box"", ""url"": ""https://www.safcodental.com/catalog/product/view/id/61/s/safco-lidocaine-2-and-epinephrine-1-100-000-red-50-box/""}, {""name"": ""saliva ejectors white body with white tip 100/bag"", ""url"": ""https://www.safcodental.com/catalog/product/view/id/25396/s/saliva-ejectors-white-body-with-white-tip-100-bag/""}, {""name"": ""Safco DuraSoft latex gloves small 100/box"", ""url"": ""https://www.safcodental.com/catalog/product/view/id/50917/s/safco-durasoft-latex-gloves-small-100-box/""}, {""name"": ""Safco oral evacuators white 50/bag"", ""url"": ""https://www.safcodental.com/catalog/product/view/id/7198/s/safco-oral-evacuators-white-50-bag/""}, {""name"": ""Nitrilex Surpass nitrile gloves small 300/box"", ""url"": ""https://www.safcodental.com/catalog/product/view/id/56422/s/nitrilex-surpass-nitrile-gloves-small-300-box/""}, {""name"": ""Safco DuraSoft latex gloves medium 100/box"", ""url"": ""https://www.safcodental.com/catalog/product/view/id/50920/s/safco-durasoft-latex-gloves-medium-100-box/""}, {""name"": ""Pure 100% cotton non-woven sponges 2\"" x 2\"", sleeve of 200"", ""url"": ""https://www.safcodental.com/catalog/product/view/id/42178/s/pure-100-cotton-non-woven-sponges-2-x-2-sleeve-of-200/""}, {""name"": ""Nitrilex Surpass nitrile gloves medium 300/box"", ""url"": ""https://www.safcodental.com/catalog/product/view/id/56425/s/nitrilex-surpass-nitrile-gloves-medium-300-box/""}]","EXAM,EXAME,GLOVES,PPE,PPE25,REPOFFER,1028048,1028050,1028052",96040,No,2026-04-30T02:10:45.266369+00:00,selectors
84,Safco Nitrilex Soothe,Safco,"DRCDJ, 1028073, 102-8073, 1028077, 102-8077, 1028078, 102-8078, 1028086, 102-8086, 1028088, 102-8088",Dental Exam Gloves,Nitrile gloves,https://www.safcodental.com/product/safco-nitrilex-soothe,$15.99,15.99,,In stock,,,"https://www.safcodental.com/media/catalog/product/d/r/drcdj.jpg?width=265&height=265&canvas=265,265&optimize=medium&fit=bounds","[""https://www.safcodental.com/media/catalog/product/d/r/drcdj.jpg?optimize=medium&fit=bounds&height=700&width=700&canvas=700:700"", ""https://www.safcodental.com/media/catalog/product/d/r/drcdj.jpg?optimize=medium&fit=bounds&height=700&width=700&canvas=700:700""]","[{""name"": ""CaviWipes regular 6\"" x 6-3/4\"" 160/can"", ""url"": ""https://www.safcodental.com/catalog/product/view/id/7330/s/caviwipes-regular-6-x-6-3-4-160-can/""}, {""name"": ""saliva ejectors clear body with blue tip 100/bag"", ""url"": ""https://www.safcodental.com/catalog/product/view/id/25393/s/saliva-ejectors-clear-body-with-blue-tip-100-bag/""}, {""name"": ""Safco lidocaine 2% and epinephrine 1:100,000 (red) 50/box"", ""url"": ""https://www.safcodental.com/catalog/product/view/id/61/s/safco-lidocaine-2-and-epinephrine-1-100-000-red-50-box/""}, {""name"": ""saliva ejectors white body with white tip 100/bag"", ""url"": ""https://www.safcodental.com/catalog/product/view/id/25396/s/saliva-ejectors-white-body-with-white-tip-100-bag/""}, {""name"": ""Safco DuraSoft latex gloves small 100/box"", ""url"": ""https://www.safcodental.com/catalog/product/view/id/50917/s/safco-durasoft-latex-gloves-small-100-box/""}, {""name"": ""Safco oral evacuators white 50/bag"", ""url"": ""https://www.safcodental.com/catalog/product/view/id/7198/s/safco-oral-evacuators-white-50-bag/""}, {""name"": ""Nitrilex Surpass nitrile gloves small 300/box"", ""url"": ""https://www.safcodental.com/catalog/product/view/id/56422/s/nitrilex-surpass-nitrile-gloves-small-300-box/""}, {""name"": ""Safco DuraSoft latex gloves medium 100/box"", ""url"": ""https://www.safcodental.com/catalog/product/view/id/50920/s/safco-durasoft-latex-gloves-medium-100-box/""}, {""name"": ""Pure 100% cotton non-woven sponges 2\"" x 2\"", sleeve of 200"", ""url"": ""https://www.safcodental.com/catalog/product/view/id/42178/s/pure-100-cotton-non-woven-sponges-2-x-2-sleeve-of-200/""}, {""name"": ""Nitrilex Surpass nitrile gloves medium 300/box"", ""url"": ""https://www.safcodental.com/catalog/product/view/id/56425/s/nitrilex-surpass-nitrile-gloves-medium-300-box/""}]","PPE,PPE25,1028073,1028077,1028078,1028086,1028088",96013,No,2026-04-30T02:10:54.496715+00:00,selectors
85,Safco Nitrilex Surpass nitrile gloves,Safco,"1027990, 1027993, 1027996, 1027999, 1028001",Dental Exam Gloves,Nitrile gloves,https://www.safcodental.com/product/safco-nitrilex-surpass-trade,$15.99,15.99,,In stock,,,"https://www.safcodental.com/media/catalog/product/d/r/drccs.jpg?width=265&height=265&canvas=265,265&optimize=medium&fit=bounds","[""https://www.safcodental.com/media/catalog/product/d/r/drccs.jpg?optimize=medium&fit=bounds&height=700&width=700&canvas=700:700"", ""https://www.safcodental.com/media/catalog/product/d/r/drccs.jpg?optimize=medium&fit=bounds&height=700&width=700&canvas=700:700""]","[{""name"": ""CaviWipes regular 6\"" x 6-3/4\"" 160/can"", ""url"": ""https://www.safcodental.com/catalog/product/view/id/7330/s/caviwipes-regular-6-x-6-3-4-160-can/""}, {""name"": ""saliva ejectors clear body with blue tip 100/bag"", ""url"": ""https://www.safcodental.com/catalog/product/view/id/25393/s/saliva-ejectors-clear-body-with-blue-tip-100-bag/""}, {""name"": ""Safco lidocaine 2% and epinephrine 1:100,000 (red) 50/box"", ""url"": ""https://www.safcodental.com/catalog/product/view/id/61/s/safco-lidocaine-2-and-epinephrine-1-100-000-red-50-box/""}, {""name"": ""saliva ejectors white body with white tip 100/bag"", ""url"": ""https://www.safcodental.com/catalog/product/view/id/25396/s/saliva-ejectors-white-body-with-white-tip-100-bag/""}, {""name"": ""Safco DuraSoft latex gloves small 100/box"", ""url"": ""https://www.safcodental.com/catalog/product/view/id/50917/s/safco-durasoft-latex-gloves-small-100-box/""}, {""name"": ""Safco oral evacuators white 50/bag"", ""url"": ""https://www.safcodental.com/catalog/product/view/id/7198/s/safco-oral-evacuators-white-50-bag/""}, {""name"": ""Nitrilex Surpass nitrile gloves small 300/box"", ""url"": ""https://www.safcodental.com/catalog/product/view/id/56422/s/nitrilex-surpass-nitrile-gloves-small-300-box/""}, {""name"": ""Safco DuraSoft latex gloves medium 100/box"", ""url"": ""https://www.safcodental.com/catalog/product/view/id/50920/s/safco-durasoft-latex-gloves-medium-100-box/""}, {""name"": ""Pure 100% cotton non-woven sponges 2\"" x 2\"", sleeve of 200"", ""url"": ""https://www.safcodental.com/catalog/product/view/id/42178/s/pure-100-cotton-non-woven-sponges-2-x-2-sleeve-of-200/""}, {""name"": ""Nitrilex Surpass nitrile gloves medium 300/box"", ""url"": ""https://www.safcodental.com/catalog/product/view/id/56425/s/nitrilex-surpass-nitrile-gloves-medium-300-box/""}]","EXAM,GLOVES,PPE,PPE25,REPOFFER,102-7990,102-7993,102-7996,102-7999,EXAM,GLOVES,PPE,PPE25,102-8001",95962,No,2026-04-30T02:11:03.089423+00:00,selectors
86,Safco Nitrilex Prevail,Safco,"DRCCJ, 1028085, 102-8085, 1028087, 102-8087, 1028090, 102-8090, 1028093, 102-8093, 1028094, 102-8094",Dental Exam Gloves,Nitrile gloves,https://www.safcodental.com/product/safco-nitrilex-prevail-trade-nitrile-gloves,$15.99,15.99,,In stock,,,"https://www.safcodental.com/media/catalog/product/d/r/drccj.jpg?width=265&height=265&canvas=265,265&optimize=medium&fit=bounds","[""https://www.safcodental.com/media/catalog/product/d/r/drccj.jpg?optimize=medium&fit=bounds&height=700&width=700&canvas=700:700"", ""https://www.safcodental.com/media/catalog/product/d/r/drccj.jpg?optimize=medium&fit=bounds&height=700&width=700&canvas=700:700""]","[{""name"": ""CaviWipes regular 6\"" x 6-3/4\"" 160/can"", ""url"": ""https://www.safcodental.com/catalog/product/view/id/7330/s/caviwipes-regular-6-x-6-3-4-160-can/""}, {""name"": ""saliva ejectors clear body with blue tip 100/bag"", ""url"": ""https://www.safcodental.com/catalog/product/view/id/25393/s/saliva-ejectors-clear-body-with-blue-tip-100-bag/""}, {""name"": ""Safco lidocaine 2% and epinephrine 1:100,000 (red) 50/box"", ""url"": ""https://www.safcodental.com/catalog/product/view/id/61/s/safco-lidocaine-2-and-epinephrine-1-100-000-red-50-box/""}, {""name"": ""saliva ejectors white body with white tip 100/bag"", ""url"": ""https://www.safcodental.com/catalog/product/view/id/25396/s/saliva-ejectors-white-body-with-white-tip-100-bag/""}, {""name"": ""Safco DuraSoft latex gloves small 100/box"", ""url"": ""https://www.safcodental.com/catalog/product/view/id/50917/s/safco-durasoft-latex-gloves-small-100-box/""}, {""name"": ""Safco oral evacuators white 50/bag"", ""url"": ""https://www.safcodental.com/catalog/product/view/id/7198/s/safco-oral-evacuators-white-50-bag/""}, {""name"": ""Nitrilex Surpass nitrile gloves small 300/box"", ""url"": ""https://www.safcodental.com/catalog/product/view/id/56422/s/nitrilex-surpass-nitrile-gloves-small-300-box/""}, {""name"": ""Safco DuraSoft latex gloves medium 100/box"", ""url"": ""https://www.safcodental.com/catalog/product/view/id/50920/s/safco-durasoft-latex-gloves-medium-100-box/""}, {""name"": ""Pure 100% cotton non-woven sponges 2\"" x 2\"", sleeve of 200"", ""url"": ""https://www.safcodental.com/catalog/product/view/id/42178/s/pure-100-cotton-non-woven-sponges-2-x-2-sleeve-of-200/""}, {""name"": ""Nitrilex Surpass nitrile gloves medium 300/box"", ""url"": ""https://www.safcodental.com/catalog/product/view/id/56425/s/nitrilex-surpass-nitrile-gloves-medium-300-box/""}]","EXAM,GLOVES,PPE,PPE25,1028085,1028087,1028090,1028093,1028094",95938,No,2026-04-30T02:11:11.631425+00:00,selectors
87,Safco Nitrilex UltraSoft,Safco,"DRCBN, 1028005, 102-8005, 1028009, 102-8009, 1028012, 102-8012, 1028016, 102-8016, 1028018, 102-8018",Dental Exam Gloves,Nitrile gloves,https://www.safcodental.com/product/safco-nitrilex-reg-ultrasoft-nitrile-gloves,$13.29,13.29,,In stock,,,"https://www.safcodental.com/media/catalog/product/d/r/drcbn.jpg?width=265&height=265&canvas=265,265&optimize=medium&fit=bounds","[""https://www.safcodental.com/media/catalog/product/d/r/drcbn.jpg?optimize=medium&fit=bounds&height=700&width=700&canvas=700:700"", ""https://www.safcodental.com/media/catalog/product/d/r/drcbn.jpg?optimize=medium&fit=bounds&height=700&width=700&canvas=700:700""]","[{""name"": ""CaviWipes regular 6\"" x 6-3/4\"" 160/can"", ""url"": ""https://www.safcodental.com/catalog/product/view/id/7330/s/caviwipes-regular-6-x-6-3-4-160-can/""}, {""name"": ""saliva ejectors clear body with blue tip 100/bag"", ""url"": ""https://www.safcodental.com/catalog/product/view/id/25393/s/saliva-ejectors-clear-body-with-blue-tip-100-bag/""}, {""name"": ""Safco lidocaine 2% and epinephrine 1:100,000 (red) 50/box"", ""url"": ""https://www.safcodental.com/catalog/product/view/id/61/s/safco-lidocaine-2-and-epinephrine-1-100-000-red-50-box/""}, {""name"": ""saliva ejectors white body with white tip 100/bag"", ""url"": ""https://www.safcodental.com/catalog/product/view/id/25396/s/saliva-ejectors-white-body-with-white-tip-100-bag/""}, {""name"": ""Safco DuraSoft latex gloves small 100/box"", ""url"": ""https://www.safcodental.com/catalog/product/view/id/50917/s/safco-durasoft-latex-gloves-small-100-box/""}, {""name"": ""Safco oral evacuators white 50/bag"", ""url"": ""https://www.safcodental.com/catalog/product/view/id/7198/s/safco-oral-evacuators-white-50-bag/""}, {""name"": ""Nitrilex Surpass nitrile gloves small 300/box"", ""url"": ""https://www.safcodental.com/catalog/product/view/id/56422/s/nitrilex-surpass-nitrile-gloves-small-300-box/""}, {""name"": ""Safco DuraSoft latex gloves medium 100/box"", ""url"": ""https://www.safcodental.com/catalog/product/view/id/50920/s/safco-durasoft-latex-gloves-medium-100-box/""}, {""name"": ""Pure 100% cotton non-woven sponges 2\"" x 2\"", sleeve of 200"", ""url"": ""https://www.safcodental.com/catalog/product/view/id/42178/s/pure-100-cotton-non-woven-sponges-2-x-2-sleeve-of-200/""}, {""name"": ""Nitrilex Surpass nitrile gloves medium 300/box"", ""url"": ""https://www.safcodental.com/catalog/product/view/id/56425/s/nitrilex-surpass-nitrile-gloves-medium-300-box/""}]","CRITERION,DEXTERITY,EXAM,GLOVES,HANDSON,PPE,PPE25,QUALITOUCH,REFLECTION,REPOFFER,SURGICAL,TACTILEGUARD,1028005,1028009,1028012,1028016,EXAM,GLOVES,PPE,PPE25,1028018",95884,No,2026-04-30T02:11:20.910633+00:00,selectors
88,Safco Nitrilex,Safco,"DRCAL, 1028031, 102-8031, 1028044, 102-8044, 1028057, 102-8057, 1028069, 102-8069, 1028070, 102-8070",Dental Exam Gloves,Nitrile gloves,https://www.safcodental.com/product/safco-nitrilex-reg-nitrile-gloves,$6.49,6.49,,In stock,,,"https://www.safcodental.com/media/catalog/product/d/r/drcal.jpg?width=265&height=265&canvas=265,265&optimize=medium&fit=bounds","[""https://www.safcodental.com/media/catalog/product/d/r/drcal.jpg?optimize=medium&fit=bounds&height=700&width=700&canvas=700:700"", ""https://www.safcodental.com/media/catalog/product/d/r/drcal.jpg?optimize=medium&fit=bounds&height=700&width=700&canvas=700:700""]","[{""name"": ""CaviWipes regular 6\"" x 6-3/4\"" 160/can"", ""url"": ""https://www.safcodental.com/catalog/product/view/id/7330/s/caviwipes-regular-6-x-6-3-4-160-can/""}, {""name"": ""saliva ejectors clear body with blue tip 100/bag"", ""url"": ""https://www.safcodental.com/catalog/product/view/id/25393/s/saliva-ejectors-clear-body-with-blue-tip-100-bag/""}, {""name"": ""Safco lidocaine 2% and epinephrine 1:100,000 (red) 50/box"", ""url"": ""https://www.safcodental.com/catalog/product/view/id/61/s/safco-lidocaine-2-and-epinephrine-1-100-000-red-50-box/""}, {""name"": ""saliva ejectors white body with white tip 100/bag"", ""url"": ""https://www.safcodental.com/catalog/product/view/id/25396/s/saliva-ejectors-white-body-with-white-tip-100-bag/""}, {""name"": ""Safco DuraSoft latex gloves small 100/box"", ""url"": ""https://www.safcodental.com/catalog/product/view/id/50917/s/safco-durasoft-latex-gloves-small-100-box/""}, {""name"": ""Safco oral evacuators white 50/bag"", ""url"": ""https://www.safcodental.com/catalog/product/view/id/7198/s/safco-oral-evacuators-white-50-bag/""}, {""name"": ""Nitrilex Surpass nitrile gloves small 300/box"", ""url"": ""https://www.safcodental.com/catalog/product/view/id/56422/s/nitrilex-surpass-nitrile-gloves-small-300-box/""}, {""name"": ""Safco DuraSoft latex gloves medium 100/box"", ""url"": ""https://www.safcodental.com/catalog/product/view/id/50920/s/safco-durasoft-latex-gloves-medium-100-box/""}, {""name"": ""Pure 100% cotton non-woven sponges 2\"" x 2\"", sleeve of 200"", ""url"": ""https://www.safcodental.com/catalog/product/view/id/42178/s/pure-100-cotton-non-woven-sponges-2-x-2-sleeve-of-200/""}, {""name"": ""Nitrilex Surpass nitrile gloves medium 300/box"", ""url"": ""https://www.safcodental.com/catalog/product/view/id/56425/s/nitrilex-surpass-nitrile-gloves-medium-300-box/""}]","CRITERION,DEXTERITY,EXAM,FREE,GLOVES,HANDSON,LATEX,NON,PPE,PPE25,QUALITOUCH,REFLECTION,REPOFFER,SURGICAL,TACTILEGUARD,102-8031,102-8044,102-8057,102-8069,EXAM,GLOVES,PPE,PPE25,102-8070",95821,No,2026-04-30T02:11:30.218762+00:00,selectors
89,Safco Durasoft Latex,Safco,"1028033, 1028035, 1028038, 1028041, 1028043",Dental Exam Gloves,Latex gloves,https://www.safcodental.com/product/safco-durasoft-trade-latex-gloves,$6.99,6.99,,In stock,,,"https://www.safcodental.com/media/catalog/product/d/r/drbbk.jpg?width=265&height=265&canvas=265,265&optimize=medium&fit=bounds","[""https://www.safcodental.com/media/catalog/product/d/r/drbbk.jpg?optimize=medium&fit=bounds&height=700&width=700&canvas=700:700"", ""https://www.safcodental.com/media/catalog/product/d/r/drbbk.jpg?optimize=medium&fit=bounds&height=700&width=700&canvas=700:700""]","[{""name"": ""CaviWipes regular 6\"" x 6-3/4\"" 160/can"", ""url"": ""https://www.safcodental.com/catalog/product/view/id/7330/s/caviwipes-regular-6-x-6-3-4-160-can/""}, {""name"": ""saliva ejectors clear body with blue tip 100/bag"", ""url"": ""https://www.safcodental.com/catalog/product/view/id/25393/s/saliva-ejectors-clear-body-with-blue-tip-100-bag/""}, {""name"": ""Safco lidocaine 2% and epinephrine 1:100,000 (red) 50/box"", ""url"": ""https://www.safcodental.com/catalog/product/view/id/61/s/safco-lidocaine-2-and-epinephrine-1-100-000-red-50-box/""}, {""name"": ""saliva ejectors white body with white tip 100/bag"", ""url"": ""https://www.safcodental.com/catalog/product/view/id/25396/s/saliva-ejectors-white-body-with-white-tip-100-bag/""}, {""name"": ""Safco DuraSoft latex gloves small 100/box"", ""url"": ""https://www.safcodental.com/catalog/product/view/id/50917/s/safco-durasoft-latex-gloves-small-100-box/""}, {""name"": ""Safco oral evacuators white 50/bag"", ""url"": ""https://www.safcodental.com/catalog/product/view/id/7198/s/safco-oral-evacuators-white-50-bag/""}, {""name"": ""Nitrilex Surpass nitrile gloves small 300/box"", ""url"": ""https://www.safcodental.com/catalog/product/view/id/56422/s/nitrilex-surpass-nitrile-gloves-small-300-box/""}, {""name"": ""Safco DuraSoft latex gloves medium 100/box"", ""url"": ""https://www.safcodental.com/catalog/product/view/id/50920/s/safco-durasoft-latex-gloves-medium-100-box/""}, {""name"": ""Pure 100% cotton non-woven sponges 2\"" x 2\"", sleeve of 200"", ""url"": ""https://www.safcodental.com/catalog/product/view/id/42178/s/pure-100-cotton-non-woven-sponges-2-x-2-sleeve-of-200/""}, {""name"": ""Nitrilex Surpass nitrile gloves medium 300/box"", ""url"": ""https://www.safcodental.com/catalog/product/view/id/56425/s/nitrilex-surpass-nitrile-gloves-medium-300-box/""}]","EXAM,GLOVES,PPE25,REPOFFER,102-8033,102-8035,102-8038,102-8041,EXAM,GLOVES,PPE25,102-8043",95782,No,2026-04-30T02:11:39.084376+00:00,selectors
90,Microflex Neogard Touch,Ansell,"3890017, 3890018, 3890019, 3890021, 3890022",Dental Exam Gloves,Chloroprene gloves,https://www.safcodental.com/product/microflex-sup-reg-sup-neogard-trade-touch,$37.99,37.99,,In stock,,,"https://www.safcodental.com/media/catalog/product/d/r/drdar.jpg?width=265&height=265&canvas=265,265&optimize=medium&fit=bounds","[""https://www.safcodental.com/media/catalog/product/d/r/drdar.jpg?optimize=medium&fit=bounds&height=700&width=700&canvas=700:700"", ""https://www.safcodental.com/media/catalog/product/d/r/drdar.jpg?optimize=medium&fit=bounds&height=700&width=700&canvas=700:700""]","[{""name"": ""CaviWipes regular 6\"" x 6-3/4\"" 160/can"", ""url"": ""https://www.safcodental.com/catalog/product/view/id/7330/s/caviwipes-regular-6-x-6-3-4-160-can/""}, {""name"": ""saliva ejectors clear body with blue tip 100/bag"", ""url"": ""https://www.safcodental.com/catalog/product/view/id/25393/s/saliva-ejectors-clear-body-with-blue-tip-100-bag/""}, {""name"": ""Safco lidocaine 2% and epinephrine 1:100,000 (red) 50/box"", ""url"": ""https://www.safcodental.com/catalog/product/view/id/61/s/safco-lidocaine-2-and-epinephrine-1-100-000-red-50-box/""}, {""name"": ""saliva ejectors white body with white tip 100/bag"", ""url"": ""https://www.safcodental.com/catalog/product/view/id/25396/s/saliva-ejectors-white-body-with-white-tip-100-bag/""}, {""name"": ""Safco DuraSoft latex gloves small 100/box"", ""url"": ""https://www.safcodental.com/catalog/product/view/id/50917/s/safco-durasoft-latex-gloves-small-100-box/""}, {""name"": ""Safco oral evacuators white 50/bag"", ""url"": ""https://www.safcodental.com/catalog/product/view/id/7198/s/safco-oral-evacuators-white-50-bag/""}, {""name"": ""Nitrilex Surpass nitrile gloves small 300/box"", ""url"": ""https://www.safcodental.com/catalog/product/view/id/56422/s/nitrilex-surpass-nitrile-gloves-small-300-box/""}, {""name"": ""Safco DuraSoft latex gloves medium 100/box"", ""url"": ""https://www.safcodental.com/catalog/product/view/id/50920/s/safco-durasoft-latex-gloves-medium-100-box/""}, {""name"": ""Pure 100% cotton non-woven sponges 2\"" x 2\"", sleeve of 200"", ""url"": ""https://www.safcodental.com/catalog/product/view/id/42178/s/pure-100-cotton-non-woven-sponges-2-x-2-sleeve-of-200/""}, {""name"": ""Nitrilex Surpass nitrile gloves medium 300/box"", ""url"": ""https://www.safcodental.com/catalog/product/view/id/56425/s/nitrilex-surpass-nitrile-gloves-medium-300-box/""}]","EXAM,EXAME,GLOVES,PPE,PPE25,73737060,73737070,73737080,73737090,73737100",96046,No,2026-04-30T02:11:46.691625+00:00,selectors
91,AquaPrene,Cranberry,"DRDAL, 4713701, 471-3701, 4713703, 471-3703, 4713705, 471-3705, 4713707, 471-3707, 4713709, 471-3709",Dental Exam Gloves,Chloroprene gloves,https://www.safcodental.com/product/aquaprene-reg,$29.49,29.49,,In stock,,,"https://www.safcodental.com/media/catalog/product/d/r/drdal_2.jpg?width=265&height=265&canvas=265,265&optimize=medium&fit=bounds","[""https://www.safcodental.com/media/catalog/product/d/r/drdal_2.jpg?optimize=medium&fit=bounds&height=700&width=700&canvas=700:700"", ""https://www.safcodental.com/media/catalog/product/d/r/drdal_2.jpg?optimize=medium&fit=bounds&height=700&width=700&canvas=700:700""]","[{""name"": ""CaviWipes regular 6\"" x 6-3/4\"" 160/can"", ""url"": ""https://www.safcodental.com/catalog/product/view/id/7330/s/caviwipes-regular-6-x-6-3-4-160-can/""}, {""name"": ""saliva ejectors clear body with blue tip 100/bag"", ""url"": ""https://www.safcodental.com/catalog/product/view/id/25393/s/saliva-ejectors-clear-body-with-blue-tip-100-bag/""}, {""name"": ""Safco lidocaine 2% and epinephrine 1:100,000 (red) 50/box"", ""url"": ""https://www.safcodental.com/catalog/product/view/id/61/s/safco-lidocaine-2-and-epinephrine-1-100-000-red-50-box/""}, {""name"": ""saliva ejectors white body with white tip 100/bag"", ""url"": ""https://www.safcodental.com/catalog/product/view/id/25396/s/saliva-ejectors-white-body-with-white-tip-100-bag/""}, {""name"": ""Safco DuraSoft latex gloves small 100/box"", ""url"": ""https://www.safcodental.com/catalog/product/view/id/50917/s/safco-durasoft-latex-gloves-small-100-box/""}, {""name"": ""Safco oral evacuators white 50/bag"", ""url"": ""https://www.safcodental.com/catalog/product/view/id/7198/s/safco-oral-evacuators-white-50-bag/""}, {""name"": ""Nitrilex Surpass nitrile gloves small 300/box"", ""url"": ""https://www.safcodental.com/catalog/product/view/id/56422/s/nitrilex-surpass-nitrile-gloves-small-300-box/""}, {""name"": ""Safco DuraSoft latex gloves medium 100/box"", ""url"": ""https://www.safcodental.com/catalog/product/view/id/50920/s/safco-durasoft-latex-gloves-medium-100-box/""}, {""name"": ""Pure 100% cotton non-woven sponges 2\"" x 2\"", sleeve of 200"", ""url"": ""https://www.safcodental.com/catalog/product/view/id/42178/s/pure-100-cotton-non-woven-sponges-2-x-2-sleeve-of-200/""}, {""name"": ""Nitrilex Surpass nitrile gloves medium 300/box"", ""url"": ""https://www.safcodental.com/catalog/product/view/id/56425/s/nitrilex-surpass-nitrile-gloves-medium-300-box/""}]","EXAM,EXAME,GLOVES,NEOPRENE,PPE,PPE25,CR3025,CR3026,CR3027,CR3028,CR3029",96034,No,2026-04-30T02:11:55.545135+00:00,selectors
92,BeeSure NeoGrene,EcoBee,"DRDAH, 4713401, 471-3401, 4713403, 471-3403, 4713405, 471-3405, 4713407, 471-3407",Dental Exam Gloves,Chloroprene gloves,https://www.safcodental.com/product/beesure-reg-neogrene-trade,$24.29,24.29,,In stock,,,"https://www.safcodental.com/media/catalog/product/d/r/drdah.jpg?width=265&height=265&canvas=265,265&optimize=medium&fit=bounds","[""https://www.safcodental.com/media/catalog/product/d/r/drdah.jpg?optimize=medium&fit=bounds&height=700&width=700&canvas=700:700"", ""https://www.safcodental.com/media/catalog/product/d/r/drdah.jpg?optimize=medium&fit=bounds&height=700&width=700&canvas=700:700""]","[{""name"": ""CaviWipes regular 6\"" x 6-3/4\"" 160/can"", ""url"": ""https://www.safcodental.com/catalog/product/view/id/7330/s/caviwipes-regular-6-x-6-3-4-160-can/""}, {""name"": ""saliva ejectors clear body with blue tip 100/bag"", ""url"": ""https://www.safcodental.com/catalog/product/view/id/25393/s/saliva-ejectors-clear-body-with-blue-tip-100-bag/""}, {""name"": ""Safco lidocaine 2% and epinephrine 1:100,000 (red) 50/box"", ""url"": ""https://www.safcodental.com/catalog/product/view/id/61/s/safco-lidocaine-2-and-epinephrine-1-100-000-red-50-box/""}, {""name"": ""saliva ejectors white body with white tip 100/bag"", ""url"": ""https://www.safcodental.com/catalog/product/view/id/25396/s/saliva-ejectors-white-body-with-white-tip-100-bag/""}, {""name"": ""Safco DuraSoft latex gloves small 100/box"", ""url"": ""https://www.safcodental.com/catalog/product/view/id/50917/s/safco-durasoft-latex-gloves-small-100-box/""}, {""name"": ""Safco oral evacuators white 50/bag"", ""url"": ""https://www.safcodental.com/catalog/product/view/id/7198/s/safco-oral-evacuators-white-50-bag/""}, {""name"": ""Nitrilex Surpass nitrile gloves small 300/box"", ""url"": ""https://www.safcodental.com/catalog/product/view/id/56422/s/nitrilex-surpass-nitrile-gloves-small-300-box/""}, {""name"": ""Safco DuraSoft latex gloves medium 100/box"", ""url"": ""https://www.safcodental.com/catalog/product/view/id/50920/s/safco-durasoft-latex-gloves-medium-100-box/""}, {""name"": ""Pure 100% cotton non-woven sponges 2\"" x 2\"", sleeve of 200"", ""url"": ""https://www.safcodental.com/catalog/product/view/id/42178/s/pure-100-cotton-non-woven-sponges-2-x-2-sleeve-of-200/""}, {""name"": ""Nitrilex Surpass nitrile gloves medium 300/box"", ""url"": ""https://www.safcodental.com/catalog/product/view/id/56425/s/nitrilex-surpass-nitrile-gloves-medium-300-box/""}]","ECOFRIENDLY,EXAM,EXAME,GLOVES,PPE,PPE25,BE1185,BE1186,BE1187,BE1188",96028,No,2026-04-30T02:12:04.246371+00:00,selectors
93,Quantum Blue,Quantum,"DRCDE, 8210002, 821-0002, 8210003, 821-0003, 8210004, 821-0004, 8210005, 821-0005, 8210014, 821-0014",Dental Exam Gloves,Nitrile gloves,https://www.safcodental.com/product/quantum-blue,$8.59,8.59,,In stock,,,"https://www.safcodental.com/media/catalog/product/d/r/drcde.jpg?width=265&height=265&canvas=265,265&optimize=medium&fit=bounds","[""https://www.safcodental.com/media/catalog/product/d/r/drcde.jpg?optimize=medium&fit=bounds&height=700&width=700&canvas=700:700"", ""https://www.safcodental.com/media/catalog/product/d/r/drcde.jpg?optimize=medium&fit=bounds&height=700&width=700&canvas=700:700""]","[{""name"": ""CaviWipes regular 6\"" x 6-3/4\"" 160/can"", ""url"": ""https://www.safcodental.com/catalog/product/view/id/7330/s/caviwipes-regular-6-x-6-3-4-160-can/""}, {""name"": ""saliva ejectors clear body with blue tip 100/bag"", ""url"": ""https://www.safcodental.com/catalog/product/view/id/25393/s/saliva-ejectors-clear-body-with-blue-tip-100-bag/""}, {""name"": ""Safco lidocaine 2% and epinephrine 1:100,000 (red) 50/box"", ""url"": ""https://www.safcodental.com/catalog/product/view/id/61/s/safco-lidocaine-2-and-epinephrine-1-100-000-red-50-box/""}, {""name"": ""saliva ejectors white body with white tip 100/bag"", ""url"": ""https://www.safcodental.com/catalog/product/view/id/25396/s/saliva-ejectors-white-body-with-white-tip-100-bag/""}, {""name"": ""Safco DuraSoft latex gloves small 100/box"", ""url"": ""https://www.safcodental.com/catalog/product/view/id/50917/s/safco-durasoft-latex-gloves-small-100-box/""}, {""name"": ""Safco oral evacuators white 50/bag"", ""url"": ""https://www.safcodental.com/catalog/product/view/id/7198/s/safco-oral-evacuators-white-50-bag/""}, {""name"": ""Nitrilex Surpass nitrile gloves small 300/box"", ""url"": ""https://www.safcodental.com/catalog/product/view/id/56422/s/nitrilex-surpass-nitrile-gloves-small-300-box/""}, {""name"": ""Safco DuraSoft latex gloves medium 100/box"", ""url"": ""https://www.safcodental.com/catalog/product/view/id/50920/s/safco-durasoft-latex-gloves-medium-100-box/""}, {""name"": ""Pure 100% cotton non-woven sponges 2\"" x 2\"", sleeve of 200"", ""url"": ""https://www.safcodental.com/catalog/product/view/id/42178/s/pure-100-cotton-non-woven-sponges-2-x-2-sleeve-of-200/""}, {""name"": ""Nitrilex Surpass nitrile gloves medium 300/box"", ""url"": ""https://www.safcodental.com/catalog/product/view/id/56425/s/nitrilex-surpass-nitrile-gloves-medium-300-box/""}]","PPE,PPE25,KS,KM,KL,KXL,KXS",95998,No,2026-04-30T02:12:12.691875+00:00,selectors
94,TrueForm,SW Safety,"DRCDC, 8100010, 810-0010, 8100011, 810-0011, 8100012, 810-0012, 8100013, 810-0013",Dental Exam Gloves,Nitrile gloves,https://www.safcodental.com/product/trueform,$12.99,12.99,,In stock,,,"https://www.safcodental.com/media/catalog/product/d/r/drcdc.jpg?width=265&height=265&canvas=265,265&optimize=medium&fit=bounds","[""https://www.safcodental.com/media/catalog/product/d/r/drcdc.jpg?optimize=medium&fit=bounds&height=700&width=700&canvas=700:700"", ""https://www.safcodental.com/media/catalog/product/d/r/drcdc.jpg?optimize=medium&fit=bounds&height=700&width=700&canvas=700:700""]","[{""name"": ""CaviWipes regular 6\"" x 6-3/4\"" 160/can"", ""url"": ""https://www.safcodental.com/catalog/product/view/id/7330/s/caviwipes-regular-6-x-6-3-4-160-can/""}, {""name"": ""saliva ejectors clear body with blue tip 100/bag"", ""url"": ""https://www.safcodental.com/catalog/product/view/id/25393/s/saliva-ejectors-clear-body-with-blue-tip-100-bag/""}, {""name"": ""Safco lidocaine 2% and epinephrine 1:100,000 (red) 50/box"", ""url"": ""https://www.safcodental.com/catalog/product/view/id/61/s/safco-lidocaine-2-and-epinephrine-1-100-000-red-50-box/""}, {""name"": ""saliva ejectors white body with white tip 100/bag"", ""url"": ""https://www.safcodental.com/catalog/product/view/id/25396/s/saliva-ejectors-white-body-with-white-tip-100-bag/""}, {""name"": ""Safco DuraSoft latex gloves small 100/box"", ""url"": ""https://www.safcodental.com/catalog/product/view/id/50917/s/safco-durasoft-latex-gloves-small-100-box/""}, {""name"": ""Safco oral evacuators white 50/bag"", ""url"": ""https://www.safcodental.com/catalog/product/view/id/7198/s/safco-oral-evacuators-white-50-bag/""}, {""name"": ""Nitrilex Surpass nitrile gloves small 300/box"", ""url"": ""https://www.safcodental.com/catalog/product/view/id/56422/s/nitrilex-surpass-nitrile-gloves-small-300-box/""}, {""name"": ""Safco DuraSoft latex gloves medium 100/box"", ""url"": ""https://www.safcodental.com/catalog/product/view/id/50920/s/safco-durasoft-latex-gloves-medium-100-box/""}, {""name"": ""Pure 100% cotton non-woven sponges 2\"" x 2\"", sleeve of 200"", ""url"": ""https://www.safcodental.com/catalog/product/view/id/42178/s/pure-100-cotton-non-woven-sponges-2-x-2-sleeve-of-200/""}, {""name"": ""Nitrilex Surpass nitrile gloves medium 300/box"", ""url"": ""https://www.safcodental.com/catalog/product/view/id/56425/s/nitrilex-surpass-nitrile-gloves-medium-300-box/""}]","PPE,PPE25,N301342,N301343,N301344,N301345",95992,No,2026-04-30T02:12:21.648584+00:00,selectors
95,Microflex MidKnight Touch,Ansell,"3890030, 3890032, 3890034, 3890036, 3890038",Dental Exam Gloves,Nitrile gloves,https://www.safcodental.com/product/microflex-reg-midknight-trade-touch,$8.99,8.99,,In stock,,,"https://www.safcodental.com/media/catalog/product/d/r/drcdb.jpg?width=265&height=265&canvas=265,265&optimize=medium&fit=bounds","[""https://www.safcodental.com/media/catalog/product/d/r/drcdb.jpg?optimize=medium&fit=bounds&height=700&width=700&canvas=700:700"", ""https://www.safcodental.com/media/catalog/product/d/r/drcdb.jpg?optimize=medium&fit=bounds&height=700&width=700&canvas=700:700""]","[{""name"": ""CaviWipes regular 6\"" x 6-3/4\"" 160/can"", ""url"": ""https://www.safcodental.com/catalog/product/view/id/7330/s/caviwipes-regular-6-x-6-3-4-160-can/""}, {""name"": ""saliva ejectors clear body with blue tip 100/bag"", ""url"": ""https://www.safcodental.com/catalog/product/view/id/25393/s/saliva-ejectors-clear-body-with-blue-tip-100-bag/""}, {""name"": ""Safco lidocaine 2% and epinephrine 1:100,000 (red) 50/box"", ""url"": ""https://www.safcodental.com/catalog/product/view/id/61/s/safco-lidocaine-2-and-epinephrine-1-100-000-red-50-box/""}, {""name"": ""saliva ejectors white body with white tip 100/bag"", ""url"": ""https://www.safcodental.com/catalog/product/view/id/25396/s/saliva-ejectors-white-body-with-white-tip-100-bag/""}, {""name"": ""Safco DuraSoft latex gloves small 100/box"", ""url"": ""https://www.safcodental.com/catalog/product/view/id/50917/s/safco-durasoft-latex-gloves-small-100-box/""}, {""name"": ""Safco oral evacuators white 50/bag"", ""url"": ""https://www.safcodental.com/catalog/product/view/id/7198/s/safco-oral-evacuators-white-50-bag/""}, {""name"": ""Nitrilex Surpass nitrile gloves small 300/box"", ""url"": ""https://www.safcodental.com/catalog/product/view/id/56422/s/nitrilex-surpass-nitrile-gloves-small-300-box/""}, {""name"": ""Safco DuraSoft latex gloves medium 100/box"", ""url"": ""https://www.safcodental.com/catalog/product/view/id/50920/s/safco-durasoft-latex-gloves-medium-100-box/""}, {""name"": ""Pure 100% cotton non-woven sponges 2\"" x 2\"", sleeve of 200"", ""url"": ""https://www.safcodental.com/catalog/product/view/id/42178/s/pure-100-cotton-non-woven-sponges-2-x-2-sleeve-of-200/""}, {""name"": ""Nitrilex Surpass nitrile gloves medium 300/box"", ""url"": ""https://www.safcodental.com/catalog/product/view/id/56425/s/nitrilex-surpass-nitrile-gloves-medium-300-box/""}]","BLACK,EXAM,GLOVES,NITRILE,PPE,PPE25,93732060,93732070,93732080,93732090,93732100",95989,No,2026-04-30T02:12:30.536289+00:00,selectors
96,Micro-Touch NitraFree Pink,Ansell,"3890040, 3890042, 3890044, 3890046",Dental Exam Gloves,Nitrile gloves,https://www.safcodental.com/product/micro-touch-reg-nitrafree-trade-pink,$15.99,15.99,,In stock,,,"https://www.safcodental.com/media/catalog/product/d/r/drcda.jpg?width=265&height=265&canvas=265,265&optimize=medium&fit=bounds","[""https://www.safcodental.com/media/catalog/product/d/r/drcda.jpg?optimize=medium&fit=bounds&height=700&width=700&canvas=700:700"", ""https://www.safcodental.com/media/catalog/product/d/r/drcda.jpg?optimize=medium&fit=bounds&height=700&width=700&canvas=700:700""]","[{""name"": ""CaviWipes regular 6\"" x 6-3/4\"" 160/can"", ""url"": ""https://www.safcodental.com/catalog/product/view/id/7330/s/caviwipes-regular-6-x-6-3-4-160-can/""}, {""name"": ""saliva ejectors clear body with blue tip 100/bag"", ""url"": ""https://www.safcodental.com/catalog/product/view/id/25393/s/saliva-ejectors-clear-body-with-blue-tip-100-bag/""}, {""name"": ""Safco lidocaine 2% and epinephrine 1:100,000 (red) 50/box"", ""url"": ""https://www.safcodental.com/catalog/product/view/id/61/s/safco-lidocaine-2-and-epinephrine-1-100-000-red-50-box/""}, {""name"": ""saliva ejectors white body with white tip 100/bag"", ""url"": ""https://www.safcodental.com/catalog/product/view/id/25396/s/saliva-ejectors-white-body-with-white-tip-100-bag/""}, {""name"": ""Safco DuraSoft latex gloves small 100/box"", ""url"": ""https://www.safcodental.com/catalog/product/view/id/50917/s/safco-durasoft-latex-gloves-small-100-box/""}, {""name"": ""Safco oral evacuators white 50/bag"", ""url"": ""https://www.safcodental.com/catalog/product/view/id/7198/s/safco-oral-evacuators-white-50-bag/""}, {""name"": ""Nitrilex Surpass nitrile gloves small 300/box"", ""url"": ""https://www.safcodental.com/catalog/product/view/id/56422/s/nitrilex-surpass-nitrile-gloves-small-300-box/""}, {""name"": ""Safco DuraSoft latex gloves medium 100/box"", ""url"": ""https://www.safcodental.com/catalog/product/view/id/50920/s/safco-durasoft-latex-gloves-medium-100-box/""}, {""name"": ""Pure 100% cotton non-woven sponges 2\"" x 2\"", sleeve of 200"", ""url"": ""https://www.safcodental.com/catalog/product/view/id/42178/s/pure-100-cotton-non-woven-sponges-2-x-2-sleeve-of-200/""}, {""name"": ""Nitrilex Surpass nitrile gloves medium 300/box"", ""url"": ""https://www.safcodental.com/catalog/product/view/id/56425/s/nitrilex-surpass-nitrile-gloves-medium-300-box/""}]","EXAM,GLOVES,PPE,PPE25,6034510,6034511,6034512,6034513",95986,No,2026-04-30T02:12:38.149258+00:00,selectors
97,Alasta Shimmer Pink Nitrile,Dash,"4680055, 4680058, 4680061, 4680064",Dental Exam Gloves,Nitrile gloves,https://www.safcodental.com/product/alasta-sup-reg-sup-shimmer-pink-nitrile,$13.49,13.49,,In stock,,,"https://www.safcodental.com/media/catalog/product/d/r/drccv.jpg?width=265&height=265&canvas=265,265&optimize=medium&fit=bounds","[""https://www.safcodental.com/media/catalog/product/d/r/drccv.jpg?optimize=medium&fit=bounds&height=700&width=700&canvas=700:700"", ""https://www.safcodental.com/media/catalog/product/d/r/drccv.jpg?optimize=medium&fit=bounds&height=700&width=700&canvas=700:700""]","[{""name"": ""CaviWipes regular 6\"" x 6-3/4\"" 160/can"", ""url"": ""https://www.safcodental.com/catalog/product/view/id/7330/s/caviwipes-regular-6-x-6-3-4-160-can/""}, {""name"": ""saliva ejectors clear body with blue tip 100/bag"", ""url"": ""https://www.safcodental.com/catalog/product/view/id/25393/s/saliva-ejectors-clear-body-with-blue-tip-100-bag/""}, {""name"": ""Safco lidocaine 2% and epinephrine 1:100,000 (red) 50/box"", ""url"": ""https://www.safcodental.com/catalog/product/view/id/61/s/safco-lidocaine-2-and-epinephrine-1-100-000-red-50-box/""}, {""name"": ""saliva ejectors white body with white tip 100/bag"", ""url"": ""https://www.safcodental.com/catalog/product/view/id/25396/s/saliva-ejectors-white-body-with-white-tip-100-bag/""}, {""name"": ""Safco DuraSoft latex gloves small 100/box"", ""url"": ""https://www.safcodental.com/catalog/product/view/id/50917/s/safco-durasoft-latex-gloves-small-100-box/""}, {""name"": ""Safco oral evacuators white 50/bag"", ""url"": ""https://www.safcodental.com/catalog/product/view/id/7198/s/safco-oral-evacuators-white-50-bag/""}, {""name"": ""Nitrilex Surpass nitrile gloves small 300/box"", ""url"": ""https://www.safcodental.com/catalog/product/view/id/56422/s/nitrilex-surpass-nitrile-gloves-small-300-box/""}, {""name"": ""Safco DuraSoft latex gloves medium 100/box"", ""url"": ""https://www.safcodental.com/catalog/product/view/id/50920/s/safco-durasoft-latex-gloves-medium-100-box/""}, {""name"": ""Pure 100% cotton non-woven sponges 2\"" x 2\"", sleeve of 200"", ""url"": ""https://www.safcodental.com/catalog/product/view/id/42178/s/pure-100-cotton-non-woven-sponges-2-x-2-sleeve-of-200/""}, {""name"": ""Nitrilex Surpass nitrile gloves medium 300/box"", ""url"": ""https://www.safcodental.com/catalog/product/view/id/56425/s/nitrilex-surpass-nitrile-gloves-medium-300-box/""}]","EXAM,GLOVES,OCT24,PPE,PPE25,PNK100XS,PNK100S,PNK100M,PNK100L",95971,No,2026-04-30T02:12:47.191957+00:00,selectors
98,Aurelia Bold,Supermax,"DRCCN, 4871420, 487-1420, 4871422, 487-1422, 4871424, 487-1424, 4871426, 487-1426, 4871428, 487-1428",Dental Exam Gloves,Nitrile gloves,https://www.safcodental.com/product/aurelia-reg-bold-reg,$7.99,7.99,,In stock,,,"https://www.safcodental.com/media/catalog/product/d/r/drccn.jpg?width=265&height=265&canvas=265,265&optimize=medium&fit=bounds","[""https://www.safcodental.com/media/catalog/product/d/r/drccn.jpg?optimize=medium&fit=bounds&height=700&width=700&canvas=700:700"", ""https://www.safcodental.com/media/catalog/product/d/r/drccn.jpg?optimize=medium&fit=bounds&height=700&width=700&canvas=700:700""]","[{""name"": ""CaviWipes regular 6\"" x 6-3/4\"" 160/can"", ""url"": ""https://www.safcodental.com/catalog/product/view/id/7330/s/caviwipes-regular-6-x-6-3-4-160-can/""}, {""name"": ""saliva ejectors clear body with blue tip 100/bag"", ""url"": ""https://www.safcodental.com/catalog/product/view/id/25393/s/saliva-ejectors-clear-body-with-blue-tip-100-bag/""}, {""name"": ""Safco lidocaine 2% and epinephrine 1:100,000 (red) 50/box"", ""url"": ""https://www.safcodental.com/catalog/product/view/id/61/s/safco-lidocaine-2-and-epinephrine-1-100-000-red-50-box/""}, {""name"": ""saliva ejectors white body with white tip 100/bag"", ""url"": ""https://www.safcodental.com/catalog/product/view/id/25396/s/saliva-ejectors-white-body-with-white-tip-100-bag/""}, {""name"": ""Safco DuraSoft latex gloves small 100/box"", ""url"": ""https://www.safcodental.com/catalog/product/view/id/50917/s/safco-durasoft-latex-gloves-small-100-box/""}, {""name"": ""Safco oral evacuators white 50/bag"", ""url"": ""https://www.safcodental.com/catalog/product/view/id/7198/s/safco-oral-evacuators-white-50-bag/""}, {""name"": ""Nitrilex Surpass nitrile gloves small 300/box"", ""url"": ""https://www.safcodental.com/catalog/product/view/id/56422/s/nitrilex-surpass-nitrile-gloves-small-300-box/""}, {""name"": ""Safco DuraSoft latex gloves medium 100/box"", ""url"": ""https://www.safcodental.com/catalog/product/view/id/50920/s/safco-durasoft-latex-gloves-medium-100-box/""}, {""name"": ""Pure 100% cotton non-woven sponges 2\"" x 2\"", sleeve of 200"", ""url"": ""https://www.safcodental.com/catalog/product/view/id/42178/s/pure-100-cotton-non-woven-sponges-2-x-2-sleeve-of-200/""}, {""name"": ""Nitrilex Surpass nitrile gloves medium 300/box"", ""url"": ""https://www.safcodental.com/catalog/product/view/id/56425/s/nitrilex-surpass-nitrile-gloves-medium-300-box/""}]","EXAM,GLOVES,PPE,PPE25,73995,73996,73997,73998,73999",95950,No,2026-04-30T02:12:54.732764+00:00,selectors
99,Aurelia Robust,Supermax,"DRCCM, 4871233, 487-1233, 4871236, 487-1236, 4871239, 487-1239, 4871242, 487-1242",Dental Exam Gloves,Nitrile gloves,https://www.safcodental.com/product/aurelia-sup-reg-sup-robust-sup-reg-sup,$7.49,7.49,,In stock,,,"https://www.safcodental.com/media/catalog/product/d/r/drccm.jpg?width=265&height=265&canvas=265,265&optimize=medium&fit=bounds","[""https://www.safcodental.com/media/catalog/product/d/r/drccm.jpg?optimize=medium&fit=bounds&height=700&width=700&canvas=700:700"", ""https://www.safcodental.com/media/catalog/product/d/r/drccm.jpg?optimize=medium&fit=bounds&height=700&width=700&canvas=700:700""]","[{""name"": ""CaviWipes regular 6\"" x 6-3/4\"" 160/can"", ""url"": ""https://www.safcodental.com/catalog/product/view/id/7330/s/caviwipes-regular-6-x-6-3-4-160-can/""}, {""name"": ""saliva ejectors clear body with blue tip 100/bag"", ""url"": ""https://www.safcodental.com/catalog/product/view/id/25393/s/saliva-ejectors-clear-body-with-blue-tip-100-bag/""}, {""name"": ""Safco lidocaine 2% and epinephrine 1:100,000 (red) 50/box"", ""url"": ""https://www.safcodental.com/catalog/product/view/id/61/s/safco-lidocaine-2-and-epinephrine-1-100-000-red-50-box/""}, {""name"": ""saliva ejectors white body with white tip 100/bag"", ""url"": ""https://www.safcodental.com/catalog/product/view/id/25396/s/saliva-ejectors-white-body-with-white-tip-100-bag/""}, {""name"": ""Safco DuraSoft latex gloves small 100/box"", ""url"": ""https://www.safcodental.com/catalog/product/view/id/50917/s/safco-durasoft-latex-gloves-small-100-box/""}, {""name"": ""Safco oral evacuators white 50/bag"", ""url"": ""https://www.safcodental.com/catalog/product/view/id/7198/s/safco-oral-evacuators-white-50-bag/""}, {""name"": ""Nitrilex Surpass nitrile gloves small 300/box"", ""url"": ""https://www.safcodental.com/catalog/product/view/id/56422/s/nitrilex-surpass-nitrile-gloves-small-300-box/""}, {""name"": ""Safco DuraSoft latex gloves medium 100/box"", ""url"": ""https://www.safcodental.com/catalog/product/view/id/50920/s/safco-durasoft-latex-gloves-medium-100-box/""}, {""name"": ""Pure 100% cotton non-woven sponges 2\"" x 2\"", sleeve of 200"", ""url"": ""https://www.safcodental.com/catalog/product/view/id/42178/s/pure-100-cotton-non-woven-sponges-2-x-2-sleeve-of-200/""}, {""name"": ""Nitrilex Surpass nitrile gloves medium 300/box"", ""url"": ""https://www.safcodental.com/catalog/product/view/id/56425/s/nitrilex-surpass-nitrile-gloves-medium-300-box/""}]","EXAM,GLOVES,PPE,PPE25,93896,93897,93898,93899",95947,No,2026-04-30T02:13:03.631236+00:00,selectors
100,Aurelia Sonic 100,Supermax,"4871320, 4871323, 4871326, 4871329, 4871331",Dental Exam Gloves,Nitrile gloves,https://www.safcodental.com/product/aurelia-reg-sonic-reg-100,$6.99,6.99,,In stock,,,"https://www.safcodental.com/media/catalog/product/d/r/drccl.jpg?width=265&height=265&canvas=265,265&optimize=medium&fit=bounds","[""https://www.safcodental.com/media/catalog/product/d/r/drccl.jpg?optimize=medium&fit=bounds&height=700&width=700&canvas=700:700"", ""https://www.safcodental.com/media/catalog/product/d/r/drccl.jpg?optimize=medium&fit=bounds&height=700&width=700&canvas=700:700""]","[{""name"": ""CaviWipes regular 6\"" x 6-3/4\"" 160/can"", ""url"": ""https://www.safcodental.com/catalog/product/view/id/7330/s/caviwipes-regular-6-x-6-3-4-160-can/""}, {""name"": ""saliva ejectors clear body with blue tip 100/bag"", ""url"": ""https://www.safcodental.com/catalog/product/view/id/25393/s/saliva-ejectors-clear-body-with-blue-tip-100-bag/""}, {""name"": ""Safco lidocaine 2% and epinephrine 1:100,000 (red) 50/box"", ""url"": ""https://www.safcodental.com/catalog/product/view/id/61/s/safco-lidocaine-2-and-epinephrine-1-100-000-red-50-box/""}, {""name"": ""saliva ejectors white body with white tip 100/bag"", ""url"": ""https://www.safcodental.com/catalog/product/view/id/25396/s/saliva-ejectors-white-body-with-white-tip-100-bag/""}, {""name"": ""Safco DuraSoft latex gloves small 100/box"", ""url"": ""https://www.safcodental.com/catalog/product/view/id/50917/s/safco-durasoft-latex-gloves-small-100-box/""}, {""name"": ""Safco oral evacuators white 50/bag"", ""url"": ""https://www.safcodental.com/catalog/product/view/id/7198/s/safco-oral-evacuators-white-50-bag/""}, {""name"": ""Nitrilex Surpass nitrile gloves small 300/box"", ""url"": ""https://www.safcodental.com/catalog/product/view/id/56422/s/nitrilex-surpass-nitrile-gloves-small-300-box/""}, {""name"": ""Safco DuraSoft latex gloves medium 100/box"", ""url"": ""https://www.safcodental.com/catalog/product/view/id/50920/s/safco-durasoft-latex-gloves-medium-100-box/""}, {""name"": ""Pure 100% cotton non-woven sponges 2\"" x 2\"", sleeve of 200"", ""url"": ""https://www.safcodental.com/catalog/product/view/id/42178/s/pure-100-cotton-non-woven-sponges-2-x-2-sleeve-of-200/""}, {""name"": ""Nitrilex Surpass nitrile gloves medium 300/box"", ""url"": ""https://www.safcodental.com/catalog/product/view/id/56425/s/nitrilex-surpass-nitrile-gloves-medium-300-box/""}]","EXAM,GLOVES,PPE,PPE25,9377B5,9377B6,9377B7,9377B8,9377B9",95944,No,2026-04-30T02:13:12.296057+00:00,selectors
101,Luxe,Cranberry,"DRCCK, 4713610, 471-3610, 4713614, 471-3614, 4713617, 471-3617, 4713621, 471-3621, 4713625, 471-3625",Dental Exam Gloves,Nitrile gloves,https://www.safcodental.com/product/luxe-trade,$25.99,25.99,,In stock,,,"https://www.safcodental.com/media/catalog/product/d/r/drcck_2.jpg?width=265&height=265&canvas=265,265&optimize=medium&fit=bounds","[""https://www.safcodental.com/media/catalog/product/d/r/drcck_2.jpg?optimize=medium&fit=bounds&height=700&width=700&canvas=700:700"", ""https://www.safcodental.com/media/catalog/product/d/r/drcck_2.jpg?optimize=medium&fit=bounds&height=700&width=700&canvas=700:700""]","[{""name"": ""CaviWipes regular 6\"" x 6-3/4\"" 160/can"", ""url"": ""https://www.safcodental.com/catalog/product/view/id/7330/s/caviwipes-regular-6-x-6-3-4-160-can/""}, {""name"": ""saliva ejectors clear body with blue tip 100/bag"", ""url"": ""https://www.safcodental.com/catalog/product/view/id/25393/s/saliva-ejectors-clear-body-with-blue-tip-100-bag/""}, {""name"": ""Safco lidocaine 2% and epinephrine 1:100,000 (red) 50/box"", ""url"": ""https://www.safcodental.com/catalog/product/view/id/61/s/safco-lidocaine-2-and-epinephrine-1-100-000-red-50-box/""}, {""name"": ""saliva ejectors white body with white tip 100/bag"", ""url"": ""https://www.safcodental.com/catalog/product/view/id/25396/s/saliva-ejectors-white-body-with-white-tip-100-bag/""}, {""name"": ""Safco DuraSoft latex gloves small 100/box"", ""url"": ""https://www.safcodental.com/catalog/product/view/id/50917/s/safco-durasoft-latex-gloves-small-100-box/""}, {""name"": ""Safco oral evacuators white 50/bag"", ""url"": ""https://www.safcodental.com/catalog/product/view/id/7198/s/safco-oral-evacuators-white-50-bag/""}, {""name"": ""Nitrilex Surpass nitrile gloves small 300/box"", ""url"": ""https://www.safcodental.com/catalog/product/view/id/56422/s/nitrilex-surpass-nitrile-gloves-small-300-box/""}, {""name"": ""Safco DuraSoft latex gloves medium 100/box"", ""url"": ""https://www.safcodental.com/catalog/product/view/id/50920/s/safco-durasoft-latex-gloves-medium-100-box/""}, {""name"": ""Pure 100% cotton non-woven sponges 2\"" x 2\"", sleeve of 200"", ""url"": ""https://www.safcodental.com/catalog/product/view/id/42178/s/pure-100-cotton-non-woven-sponges-2-x-2-sleeve-of-200/""}, {""name"": ""Nitrilex Surpass nitrile gloves medium 300/box"", ""url"": ""https://www.safcodental.com/catalog/product/view/id/56425/s/nitrilex-surpass-nitrile-gloves-medium-300-box/""}]","EXAM,GLOVES,PPE,PPE25,CR3665,CR3666,CR3667,CR3668,CR3669",95941,No,2026-04-30T02:13:21.371955+00:00,selectors
102,Aurelia Absolute,Supermax,"DRCCI, 4871402, 487-1402, 4871404, 487-1404, 4871406, 487-1406, 4871408, 487-1408, 4871410, 487-1410",Dental Exam Gloves,Nitrile gloves,https://www.safcodental.com/product/aurelia-reg-absolute-trade,$16.49,16.49,,In stock,,,"https://www.safcodental.com/media/catalog/product/d/r/drcci.jpg?width=265&height=265&canvas=265,265&optimize=medium&fit=bounds","[""https://www.safcodental.com/media/catalog/product/d/r/drcci.jpg?optimize=medium&fit=bounds&height=700&width=700&canvas=700:700"", ""https://www.safcodental.com/media/catalog/product/d/r/drcci.jpg?optimize=medium&fit=bounds&height=700&width=700&canvas=700:700""]","[{""name"": ""CaviWipes regular 6\"" x 6-3/4\"" 160/can"", ""url"": ""https://www.safcodental.com/catalog/product/view/id/7330/s/caviwipes-regular-6-x-6-3-4-160-can/""}, {""name"": ""saliva ejectors clear body with blue tip 100/bag"", ""url"": ""https://www.safcodental.com/catalog/product/view/id/25393/s/saliva-ejectors-clear-body-with-blue-tip-100-bag/""}, {""name"": ""Safco lidocaine 2% and epinephrine 1:100,000 (red) 50/box"", ""url"": ""https://www.safcodental.com/catalog/product/view/id/61/s/safco-lidocaine-2-and-epinephrine-1-100-000-red-50-box/""}, {""name"": ""saliva ejectors white body with white tip 100/bag"", ""url"": ""https://www.safcodental.com/catalog/product/view/id/25396/s/saliva-ejectors-white-body-with-white-tip-100-bag/""}, {""name"": ""Safco DuraSoft latex gloves small 100/box"", ""url"": ""https://www.safcodental.com/catalog/product/view/id/50917/s/safco-durasoft-latex-gloves-small-100-box/""}, {""name"": ""Safco oral evacuators white 50/bag"", ""url"": ""https://www.safcodental.com/catalog/product/view/id/7198/s/safco-oral-evacuators-white-50-bag/""}, {""name"": ""Nitrilex Surpass nitrile gloves small 300/box"", ""url"": ""https://www.safcodental.com/catalog/product/view/id/56422/s/nitrilex-surpass-nitrile-gloves-small-300-box/""}, {""name"": ""Safco DuraSoft latex gloves medium 100/box"", ""url"": ""https://www.safcodental.com/catalog/product/view/id/50920/s/safco-durasoft-latex-gloves-medium-100-box/""}, {""name"": ""Pure 100% cotton non-woven sponges 2\"" x 2\"", sleeve of 200"", ""url"": ""https://www.safcodental.com/catalog/product/view/id/42178/s/pure-100-cotton-non-woven-sponges-2-x-2-sleeve-of-200/""}, {""name"": ""Nitrilex Surpass nitrile gloves medium 300/box"", ""url"": ""https://www.safcodental.com/catalog/product/view/id/56425/s/nitrilex-surpass-nitrile-gloves-medium-300-box/""}]","BLACK,EXAM,GLOVES,PPE,PPE25,98995,98996,98997,98998,98999",95935,No,2026-04-30T02:13:30.053737+00:00,selectors
103,Inspire,Cranberry,"DRCCH, 4714102, 471-4102, 4714104, 471-4104, 4714106, 471-4106, 4714108, 471-4108, 4714110, 471-4110",Dental Exam Gloves,Nitrile gloves,https://www.safcodental.com/product/inspire-trade,$23.49,23.49,,In stock,,,"https://www.safcodental.com/media/catalog/product/d/r/drcch_2.jpg?width=265&height=265&canvas=265,265&optimize=medium&fit=bounds","[""https://www.safcodental.com/media/catalog/product/d/r/drcch_2.jpg?optimize=medium&fit=bounds&height=700&width=700&canvas=700:700"", ""https://www.safcodental.com/media/catalog/product/d/r/drcch_2.jpg?optimize=medium&fit=bounds&height=700&width=700&canvas=700:700""]","[{""name"": ""CaviWipes regular 6\"" x 6-3/4\"" 160/can"", ""url"": ""https://www.safcodental.com/catalog/product/view/id/7330/s/caviwipes-regular-6-x-6-3-4-160-can/""}, {""name"": ""saliva ejectors clear body with blue tip 100/bag"", ""url"": ""https://www.safcodental.com/catalog/product/view/id/25393/s/saliva-ejectors-clear-body-with-blue-tip-100-bag/""}, {""name"": ""Safco lidocaine 2% and epinephrine 1:100,000 (red) 50/box"", ""url"": ""https://www.safcodental.com/catalog/product/view/id/61/s/safco-lidocaine-2-and-epinephrine-1-100-000-red-50-box/""}, {""name"": ""saliva ejectors white body with white tip 100/bag"", ""url"": ""https://www.safcodental.com/catalog/product/view/id/25396/s/saliva-ejectors-white-body-with-white-tip-100-bag/""}, {""name"": ""Safco DuraSoft latex gloves small 100/box"", ""url"": ""https://www.safcodental.com/catalog/product/view/id/50917/s/safco-durasoft-latex-gloves-small-100-box/""}, {""name"": ""Safco oral evacuators white 50/bag"", ""url"": ""https://www.safcodental.com/catalog/product/view/id/7198/s/safco-oral-evacuators-white-50-bag/""}, {""name"": ""Nitrilex Surpass nitrile gloves small 300/box"", ""url"": ""https://www.safcodental.com/catalog/product/view/id/56422/s/nitrilex-surpass-nitrile-gloves-small-300-box/""}, {""name"": ""Safco DuraSoft latex gloves medium 100/box"", ""url"": ""https://www.safcodental.com/catalog/product/view/id/50920/s/safco-durasoft-latex-gloves-medium-100-box/""}, {""name"": ""Pure 100% cotton non-woven sponges 2\"" x 2\"", sleeve of 200"", ""url"": ""https://www.safcodental.com/catalog/product/view/id/42178/s/pure-100-cotton-non-woven-sponges-2-x-2-sleeve-of-200/""}, {""name"": ""Nitrilex Surpass nitrile gloves medium 300/box"", ""url"": ""https://www.safcodental.com/catalog/product/view/id/56425/s/nitrilex-surpass-nitrile-gloves-medium-300-box/""}]","EXAM,GLOVES,PPE,PPE25,CR3385,CR3386,CR3387,CR3388,CR3389",95932,No,2026-04-30T02:13:39.108827+00:00,selectors
104,Carbon Nitrile,Cranberry,"DRCCG, 4713901, 471-3901, 4713903, 471-3903, 4713905, 471-3905, 4713907, 471-3907, 4713909, 471-3909",Dental Exam Gloves,Nitrile gloves,https://www.safcodental.com/product/carbon-reg-nitrile,$16.79,16.79,,In stock,,,"https://www.safcodental.com/media/catalog/product/d/r/drccg_2.jpg?width=265&height=265&canvas=265,265&optimize=medium&fit=bounds","[""https://www.safcodental.com/media/catalog/product/d/r/drccg_2.jpg?optimize=medium&fit=bounds&height=700&width=700&canvas=700:700"", ""https://www.safcodental.com/media/catalog/product/d/r/drccg_2.jpg?optimize=medium&fit=bounds&height=700&width=700&canvas=700:700""]","[{""name"": ""CaviWipes regular 6\"" x 6-3/4\"" 160/can"", ""url"": ""https://www.safcodental.com/catalog/product/view/id/7330/s/caviwipes-regular-6-x-6-3-4-160-can/""}, {""name"": ""saliva ejectors clear body with blue tip 100/bag"", ""url"": ""https://www.safcodental.com/catalog/product/view/id/25393/s/saliva-ejectors-clear-body-with-blue-tip-100-bag/""}, {""name"": ""Safco lidocaine 2% and epinephrine 1:100,000 (red) 50/box"", ""url"": ""https://www.safcodental.com/catalog/product/view/id/61/s/safco-lidocaine-2-and-epinephrine-1-100-000-red-50-box/""}, {""name"": ""saliva ejectors white body with white tip 100/bag"", ""url"": ""https://www.safcodental.com/catalog/product/view/id/25396/s/saliva-ejectors-white-body-with-white-tip-100-bag/""}, {""name"": ""Safco DuraSoft latex gloves small 100/box"", ""url"": ""https://www.safcodental.com/catalog/product/view/id/50917/s/safco-durasoft-latex-gloves-small-100-box/""}, {""name"": ""Safco oral evacuators white 50/bag"", ""url"": ""https://www.safcodental.com/catalog/product/view/id/7198/s/safco-oral-evacuators-white-50-bag/""}, {""name"": ""Nitrilex Surpass nitrile gloves small 300/box"", ""url"": ""https://www.safcodental.com/catalog/product/view/id/56422/s/nitrilex-surpass-nitrile-gloves-small-300-box/""}, {""name"": ""Safco DuraSoft latex gloves medium 100/box"", ""url"": ""https://www.safcodental.com/catalog/product/view/id/50920/s/safco-durasoft-latex-gloves-medium-100-box/""}, {""name"": ""Pure 100% cotton non-woven sponges 2\"" x 2\"", sleeve of 200"", ""url"": ""https://www.safcodental.com/catalog/product/view/id/42178/s/pure-100-cotton-non-woven-sponges-2-x-2-sleeve-of-200/""}, {""name"": ""Nitrilex Surpass nitrile gloves medium 300/box"", ""url"": ""https://www.safcodental.com/catalog/product/view/id/56425/s/nitrilex-surpass-nitrile-gloves-medium-300-box/""}]","BLACK,EXAM,GLOVES,PPE,PPE25,CR3235,CR3236,CR3237,CR3238,CR3239",95929,No,2026-04-30T02:13:47.931745+00:00,selectors
105,Transcend,Cranberry,"DRCCC, 4713601, 471-3601, 4713603, 471-3603, 4713605, 471-3605, 4713607, 471-3607, 4713608, 471-3608",Dental Exam Gloves,Nitrile gloves,https://www.safcodental.com/product/transcend-trade,$15.99,15.99,,In stock,,,"https://www.safcodental.com/media/catalog/product/d/r/drccc_2.jpg?width=265&height=265&canvas=265,265&optimize=medium&fit=bounds","[""https://www.safcodental.com/media/catalog/product/d/r/drccc_2.jpg?optimize=medium&fit=bounds&height=700&width=700&canvas=700:700"", ""https://www.safcodental.com/media/catalog/product/d/r/drccc_2.jpg?optimize=medium&fit=bounds&height=700&width=700&canvas=700:700""]","[{""name"": ""CaviWipes regular 6\"" x 6-3/4\"" 160/can"", ""url"": ""https://www.safcodental.com/catalog/product/view/id/7330/s/caviwipes-regular-6-x-6-3-4-160-can/""}, {""name"": ""saliva ejectors clear body with blue tip 100/bag"", ""url"": ""https://www.safcodental.com/catalog/product/view/id/25393/s/saliva-ejectors-clear-body-with-blue-tip-100-bag/""}, {""name"": ""Safco lidocaine 2% and epinephrine 1:100,000 (red) 50/box"", ""url"": ""https://www.safcodental.com/catalog/product/view/id/61/s/safco-lidocaine-2-and-epinephrine-1-100-000-red-50-box/""}, {""name"": ""saliva ejectors white body with white tip 100/bag"", ""url"": ""https://www.safcodental.com/catalog/product/view/id/25396/s/saliva-ejectors-white-body-with-white-tip-100-bag/""}, {""name"": ""Safco DuraSoft latex gloves small 100/box"", ""url"": ""https://www.safcodental.com/catalog/product/view/id/50917/s/safco-durasoft-latex-gloves-small-100-box/""}, {""name"": ""Safco oral evacuators white 50/bag"", ""url"": ""https://www.safcodental.com/catalog/product/view/id/7198/s/safco-oral-evacuators-white-50-bag/""}, {""name"": ""Nitrilex Surpass nitrile gloves small 300/box"", ""url"": ""https://www.safcodental.com/catalog/product/view/id/56422/s/nitrilex-surpass-nitrile-gloves-small-300-box/""}, {""name"": ""Safco DuraSoft latex gloves medium 100/box"", ""url"": ""https://www.safcodental.com/catalog/product/view/id/50920/s/safco-durasoft-latex-gloves-medium-100-box/""}, {""name"": ""Pure 100% cotton non-woven sponges 2\"" x 2\"", sleeve of 200"", ""url"": ""https://www.safcodental.com/catalog/product/view/id/42178/s/pure-100-cotton-non-woven-sponges-2-x-2-sleeve-of-200/""}, {""name"": ""Nitrilex Surpass nitrile gloves medium 300/box"", ""url"": ""https://www.safcodental.com/catalog/product/view/id/56425/s/nitrilex-surpass-nitrile-gloves-medium-300-box/""}]","EXAM,GLOVES,PPE,PPE25,CR3365,CR3366,CR3367,CR3368,CR3369",95920,No,2026-04-30T02:13:57.003894+00:00,selectors
106,BeeSure Glacier Nitrile,EcoBee,"4712701, 4712703, 4712705, 4712707",Dental Exam Gloves,Nitrile gloves,https://www.safcodental.com/product/beesure-reg-glacier-nitrile,$20.49,20.49,,In stock,,,"https://www.safcodental.com/media/catalog/product/d/r/drcby.jpg?width=265&height=265&canvas=265,265&optimize=medium&fit=bounds","[""https://www.safcodental.com/media/catalog/product/d/r/drcby.jpg?optimize=medium&fit=bounds&height=700&width=700&canvas=700:700"", ""https://www.safcodental.com/media/catalog/product/d/r/drcby.jpg?optimize=medium&fit=bounds&height=700&width=700&canvas=700:700""]","[{""name"": ""CaviWipes regular 6\"" x 6-3/4\"" 160/can"", ""url"": ""https://www.safcodental.com/catalog/product/view/id/7330/s/caviwipes-regular-6-x-6-3-4-160-can/""}, {""name"": ""saliva ejectors clear body with blue tip 100/bag"", ""url"": ""https://www.safcodental.com/catalog/product/view/id/25393/s/saliva-ejectors-clear-body-with-blue-tip-100-bag/""}, {""name"": ""Safco lidocaine 2% and epinephrine 1:100,000 (red) 50/box"", ""url"": ""https://www.safcodental.com/catalog/product/view/id/61/s/safco-lidocaine-2-and-epinephrine-1-100-000-red-50-box/""}, {""name"": ""saliva ejectors white body with white tip 100/bag"", ""url"": ""https://www.safcodental.com/catalog/product/view/id/25396/s/saliva-ejectors-white-body-with-white-tip-100-bag/""}, {""name"": ""Safco DuraSoft latex gloves small 100/box"", ""url"": ""https://www.safcodental.com/catalog/product/view/id/50917/s/safco-durasoft-latex-gloves-small-100-box/""}, {""name"": ""Safco oral evacuators white 50/bag"", ""url"": ""https://www.safcodental.com/catalog/product/view/id/7198/s/safco-oral-evacuators-white-50-bag/""}, {""name"": ""Nitrilex Surpass nitrile gloves small 300/box"", ""url"": ""https://www.safcodental.com/catalog/product/view/id/56422/s/nitrilex-surpass-nitrile-gloves-small-300-box/""}, {""name"": ""Safco DuraSoft latex gloves medium 100/box"", ""url"": ""https://www.safcodental.com/catalog/product/view/id/50920/s/safco-durasoft-latex-gloves-medium-100-box/""}, {""name"": ""Pure 100% cotton non-woven sponges 2\"" x 2\"", sleeve of 200"", ""url"": ""https://www.safcodental.com/catalog/product/view/id/42178/s/pure-100-cotton-non-woven-sponges-2-x-2-sleeve-of-200/""}, {""name"": ""Nitrilex Surpass nitrile gloves medium 300/box"", ""url"": ""https://www.safcodental.com/catalog/product/view/id/56425/s/nitrilex-surpass-nitrile-gloves-medium-300-box/""}]","ECOFRIENDLY,EXAM,GLOVES,PPE,PPE25,BE2925,BE2926,BE2927,BE2928",95911,No,2026-04-30T02:14:06.328257+00:00,selectors
107,Revo200,Cranberry,"DRCBX, 4712603, 471-2603, 4712605, 471-2605, 4712609, 471-2609",Dental Exam Gloves,Nitrile gloves,https://www.safcodental.com/product/revo200-reg,$17.49,17.49,,In stock,,,"https://www.safcodental.com/media/catalog/product/d/r/drcbx_2.jpg?width=265&height=265&canvas=265,265&optimize=medium&fit=bounds","[""https://www.safcodental.com/media/catalog/product/d/r/drcbx_2.jpg?optimize=medium&fit=bounds&height=700&width=700&canvas=700:700"", ""https://www.safcodental.com/media/catalog/product/d/r/drcbx_2.jpg?optimize=medium&fit=bounds&height=700&width=700&canvas=700:700""]","[{""name"": ""CaviWipes regular 6\"" x 6-3/4\"" 160/can"", ""url"": ""https://www.safcodental.com/catalog/product/view/id/7330/s/caviwipes-regular-6-x-6-3-4-160-can/""}, {""name"": ""saliva ejectors clear body with blue tip 100/bag"", ""url"": ""https://www.safcodental.com/catalog/product/view/id/25393/s/saliva-ejectors-clear-body-with-blue-tip-100-bag/""}, {""name"": ""Safco lidocaine 2% and epinephrine 1:100,000 (red) 50/box"", ""url"": ""https://www.safcodental.com/catalog/product/view/id/61/s/safco-lidocaine-2-and-epinephrine-1-100-000-red-50-box/""}, {""name"": ""saliva ejectors white body with white tip 100/bag"", ""url"": ""https://www.safcodental.com/catalog/product/view/id/25396/s/saliva-ejectors-white-body-with-white-tip-100-bag/""}, {""name"": ""Safco DuraSoft latex gloves small 100/box"", ""url"": ""https://www.safcodental.com/catalog/product/view/id/50917/s/safco-durasoft-latex-gloves-small-100-box/""}, {""name"": ""Safco oral evacuators white 50/bag"", ""url"": ""https://www.safcodental.com/catalog/product/view/id/7198/s/safco-oral-evacuators-white-50-bag/""}, {""name"": ""Nitrilex Surpass nitrile gloves small 300/box"", ""url"": ""https://www.safcodental.com/catalog/product/view/id/56422/s/nitrilex-surpass-nitrile-gloves-small-300-box/""}, {""name"": ""Safco DuraSoft latex gloves medium 100/box"", ""url"": ""https://www.safcodental.com/catalog/product/view/id/50920/s/safco-durasoft-latex-gloves-medium-100-box/""}, {""name"": ""Pure 100% cotton non-woven sponges 2\"" x 2\"", sleeve of 200"", ""url"": ""https://www.safcodental.com/catalog/product/view/id/42178/s/pure-100-cotton-non-woven-sponges-2-x-2-sleeve-of-200/""}, {""name"": ""Nitrilex Surpass nitrile gloves medium 300/box"", ""url"": ""https://www.safcodental.com/catalog/product/view/id/56425/s/nitrilex-surpass-nitrile-gloves-medium-300-box/""}]","EXAM,GLOVES,PPE,PPE25,CR3205,CR3206,CR3208",95908,No,2026-04-30T02:14:14.805742+00:00,selectors
108,Aurelia Sonic,Supermax,"DRCBW, 4871301, 487-1301, 4871303, 487-1303, 4871305, 487-1305, 4871307, 487-1307, 4871309, 487-1309",Dental Exam Gloves,Nitrile gloves,https://www.safcodental.com/product/aurelia-sup-reg-sup-sonic-sup-reg-sup,$24.49,24.49,,In stock,,,"https://www.safcodental.com/media/catalog/product/d/r/drcbw.jpg?width=265&height=265&canvas=265,265&optimize=medium&fit=bounds","[""https://www.safcodental.com/media/catalog/product/d/r/drcbw.jpg?optimize=medium&fit=bounds&height=700&width=700&canvas=700:700"", ""https://www.safcodental.com/media/catalog/product/d/r/drcbw.jpg?optimize=medium&fit=bounds&height=700&width=700&canvas=700:700""]","[{""name"": ""CaviWipes regular 6\"" x 6-3/4\"" 160/can"", ""url"": ""https://www.safcodental.com/catalog/product/view/id/7330/s/caviwipes-regular-6-x-6-3-4-160-can/""}, {""name"": ""saliva ejectors clear body with blue tip 100/bag"", ""url"": ""https://www.safcodental.com/catalog/product/view/id/25393/s/saliva-ejectors-clear-body-with-blue-tip-100-bag/""}, {""name"": ""Safco lidocaine 2% and epinephrine 1:100,000 (red) 50/box"", ""url"": ""https://www.safcodental.com/catalog/product/view/id/61/s/safco-lidocaine-2-and-epinephrine-1-100-000-red-50-box/""}, {""name"": ""saliva ejectors white body with white tip 100/bag"", ""url"": ""https://www.safcodental.com/catalog/product/view/id/25396/s/saliva-ejectors-white-body-with-white-tip-100-bag/""}, {""name"": ""Safco DuraSoft latex gloves small 100/box"", ""url"": ""https://www.safcodental.com/catalog/product/view/id/50917/s/safco-durasoft-latex-gloves-small-100-box/""}, {""name"": ""Safco oral evacuators white 50/bag"", ""url"": ""https://www.safcodental.com/catalog/product/view/id/7198/s/safco-oral-evacuators-white-50-bag/""}, {""name"": ""Nitrilex Surpass nitrile gloves small 300/box"", ""url"": ""https://www.safcodental.com/catalog/product/view/id/56422/s/nitrilex-surpass-nitrile-gloves-small-300-box/""}, {""name"": ""Safco DuraSoft latex gloves medium 100/box"", ""url"": ""https://www.safcodental.com/catalog/product/view/id/50920/s/safco-durasoft-latex-gloves-medium-100-box/""}, {""name"": ""Pure 100% cotton non-woven sponges 2\"" x 2\"", sleeve of 200"", ""url"": ""https://www.safcodental.com/catalog/product/view/id/42178/s/pure-100-cotton-non-woven-sponges-2-x-2-sleeve-of-200/""}, {""name"": ""Nitrilex Surpass nitrile gloves medium 300/box"", ""url"": ""https://www.safcodental.com/catalog/product/view/id/56425/s/nitrilex-surpass-nitrile-gloves-medium-300-box/""}]","EXAM,GLOVES,PPE,PPE25,93775,93776,93777,93778,93779",95905,No,2026-04-30T02:14:23.922564+00:00,selectors
109,Aurelia Blush,Supermax,"DRCBU, 4871202, 487-1202, 4871204, 487-1204, 4871206, 487-1206, 4871208, 487-1208",Dental Exam Gloves,Nitrile gloves,https://www.safcodental.com/product/aurelia-reg-blush-reg,$16.49,16.49,,In stock,,,"https://www.safcodental.com/media/catalog/product/d/r/drcbu.jpg?width=265&height=265&canvas=265,265&optimize=medium&fit=bounds","[""https://www.safcodental.com/media/catalog/product/d/r/drcbu.jpg?optimize=medium&fit=bounds&height=700&width=700&canvas=700:700"", ""https://www.safcodental.com/media/catalog/product/d/r/drcbu.jpg?optimize=medium&fit=bounds&height=700&width=700&canvas=700:700""]","[{""name"": ""CaviWipes regular 6\"" x 6-3/4\"" 160/can"", ""url"": ""https://www.safcodental.com/catalog/product/view/id/7330/s/caviwipes-regular-6-x-6-3-4-160-can/""}, {""name"": ""saliva ejectors clear body with blue tip 100/bag"", ""url"": ""https://www.safcodental.com/catalog/product/view/id/25393/s/saliva-ejectors-clear-body-with-blue-tip-100-bag/""}, {""name"": ""Safco lidocaine 2% and epinephrine 1:100,000 (red) 50/box"", ""url"": ""https://www.safcodental.com/catalog/product/view/id/61/s/safco-lidocaine-2-and-epinephrine-1-100-000-red-50-box/""}, {""name"": ""saliva ejectors white body with white tip 100/bag"", ""url"": ""https://www.safcodental.com/catalog/product/view/id/25396/s/saliva-ejectors-white-body-with-white-tip-100-bag/""}, {""name"": ""Safco DuraSoft latex gloves small 100/box"", ""url"": ""https://www.safcodental.com/catalog/product/view/id/50917/s/safco-durasoft-latex-gloves-small-100-box/""}, {""name"": ""Safco oral evacuators white 50/bag"", ""url"": ""https://www.safcodental.com/catalog/product/view/id/7198/s/safco-oral-evacuators-white-50-bag/""}, {""name"": ""Nitrilex Surpass nitrile gloves small 300/box"", ""url"": ""https://www.safcodental.com/catalog/product/view/id/56422/s/nitrilex-surpass-nitrile-gloves-small-300-box/""}, {""name"": ""Safco DuraSoft latex gloves medium 100/box"", ""url"": ""https://www.safcodental.com/catalog/product/view/id/50920/s/safco-durasoft-latex-gloves-medium-100-box/""}, {""name"": ""Pure 100% cotton non-woven sponges 2\"" x 2\"", sleeve of 200"", ""url"": ""https://www.safcodental.com/catalog/product/view/id/42178/s/pure-100-cotton-non-woven-sponges-2-x-2-sleeve-of-200/""}, {""name"": ""Nitrilex Surpass nitrile gloves medium 300/box"", ""url"": ""https://www.safcodental.com/catalog/product/view/id/56425/s/nitrilex-surpass-nitrile-gloves-medium-300-box/""}]","EXAM,GLOVES,PPE,PPE25,78885,78886,78887,78888",95899,No,2026-04-30T02:14:32.936092+00:00,selectors
110,Evolve 300,Cranberry,"4712202, 4712204, 4712206, 4712208",Dental Exam Gloves,Nitrile gloves,https://www.safcodental.com/product/evolve-trade-300,$26.99,26.99,,In stock,,,"https://www.safcodental.com/media/catalog/product/d/r/drcbs_2.jpg?width=265&height=265&canvas=265,265&optimize=medium&fit=bounds","[""https://www.safcodental.com/media/catalog/product/d/r/drcbs_2.jpg?optimize=medium&fit=bounds&height=700&width=700&canvas=700:700"", ""https://www.safcodental.com/media/catalog/product/d/r/drcbs_2.jpg?optimize=medium&fit=bounds&height=700&width=700&canvas=700:700""]","[{""name"": ""CaviWipes regular 6\"" x 6-3/4\"" 160/can"", ""url"": ""https://www.safcodental.com/catalog/product/view/id/7330/s/caviwipes-regular-6-x-6-3-4-160-can/""}, {""name"": ""saliva ejectors clear body with blue tip 100/bag"", ""url"": ""https://www.safcodental.com/catalog/product/view/id/25393/s/saliva-ejectors-clear-body-with-blue-tip-100-bag/""}, {""name"": ""Safco lidocaine 2% and epinephrine 1:100,000 (red) 50/box"", ""url"": ""https://www.safcodental.com/catalog/product/view/id/61/s/safco-lidocaine-2-and-epinephrine-1-100-000-red-50-box/""}, {""name"": ""saliva ejectors white body with white tip 100/bag"", ""url"": ""https://www.safcodental.com/catalog/product/view/id/25396/s/saliva-ejectors-white-body-with-white-tip-100-bag/""}, {""name"": ""Safco DuraSoft latex gloves small 100/box"", ""url"": ""https://www.safcodental.com/catalog/product/view/id/50917/s/safco-durasoft-latex-gloves-small-100-box/""}, {""name"": ""Safco oral evacuators white 50/bag"", ""url"": ""https://www.safcodental.com/catalog/product/view/id/7198/s/safco-oral-evacuators-white-50-bag/""}, {""name"": ""Nitrilex Surpass nitrile gloves small 300/box"", ""url"": ""https://www.safcodental.com/catalog/product/view/id/56422/s/nitrilex-surpass-nitrile-gloves-small-300-box/""}, {""name"": ""Safco DuraSoft latex gloves medium 100/box"", ""url"": ""https://www.safcodental.com/catalog/product/view/id/50920/s/safco-durasoft-latex-gloves-medium-100-box/""}, {""name"": ""Pure 100% cotton non-woven sponges 2\"" x 2\"", sleeve of 200"", ""url"": ""https://www.safcodental.com/catalog/product/view/id/42178/s/pure-100-cotton-non-woven-sponges-2-x-2-sleeve-of-200/""}, {""name"": ""Nitrilex Surpass nitrile gloves medium 300/box"", ""url"": ""https://www.safcodental.com/catalog/product/view/id/56425/s/nitrilex-surpass-nitrile-gloves-medium-300-box/""}]","EXAM,GLOVES,PPE,PPE25,CR3305,CR3306,CR3307,CR3308,CR3309",95893,No,2026-04-30T02:14:41.759060+00:00,selectors
111,Aurelia Transform,Supermax,"DRCBI, 4871002, 487-1002, 4871006, 487-1006, 4871012, 487-1012, 4871017, 487-1017",Dental Exam Gloves,Nitrile gloves,https://www.safcodental.com/product/aurelia-sup-reg-sup-transform-sup-reg-sup,$16.49,16.49,,In stock,,,"https://www.safcodental.com/media/catalog/product/d/r/drcbi.jpg?width=265&height=265&canvas=265,265&optimize=medium&fit=bounds","[""https://www.safcodental.com/media/catalog/product/d/r/drcbi.jpg?optimize=medium&fit=bounds&height=700&width=700&canvas=700:700"", ""https://www.safcodental.com/media/catalog/product/d/r/drcbi.jpg?optimize=medium&fit=bounds&height=700&width=700&canvas=700:700""]","[{""name"": ""CaviWipes regular 6\"" x 6-3/4\"" 160/can"", ""url"": ""https://www.safcodental.com/catalog/product/view/id/7330/s/caviwipes-regular-6-x-6-3-4-160-can/""}, {""name"": ""saliva ejectors clear body with blue tip 100/bag"", ""url"": ""https://www.safcodental.com/catalog/product/view/id/25393/s/saliva-ejectors-clear-body-with-blue-tip-100-bag/""}, {""name"": ""Safco lidocaine 2% and epinephrine 1:100,000 (red) 50/box"", ""url"": ""https://www.safcodental.com/catalog/product/view/id/61/s/safco-lidocaine-2-and-epinephrine-1-100-000-red-50-box/""}, {""name"": ""saliva ejectors white body with white tip 100/bag"", ""url"": ""https://www.safcodental.com/catalog/product/view/id/25396/s/saliva-ejectors-white-body-with-white-tip-100-bag/""}, {""name"": ""Safco DuraSoft latex gloves small 100/box"", ""url"": ""https://www.safcodental.com/catalog/product/view/id/50917/s/safco-durasoft-latex-gloves-small-100-box/""}, {""name"": ""Safco oral evacuators white 50/bag"", ""url"": ""https://www.safcodental.com/catalog/product/view/id/7198/s/safco-oral-evacuators-white-50-bag/""}, {""name"": ""Nitrilex Surpass nitrile gloves small 300/box"", ""url"": ""https://www.safcodental.com/catalog/product/view/id/56422/s/nitrilex-surpass-nitrile-gloves-small-300-box/""}, {""name"": ""Safco DuraSoft latex gloves medium 100/box"", ""url"": ""https://www.safcodental.com/catalog/product/view/id/50920/s/safco-durasoft-latex-gloves-medium-100-box/""}, {""name"": ""Pure 100% cotton non-woven sponges 2\"" x 2\"", sleeve of 200"", ""url"": ""https://www.safcodental.com/catalog/product/view/id/42178/s/pure-100-cotton-non-woven-sponges-2-x-2-sleeve-of-200/""}, {""name"": ""Nitrilex Surpass nitrile gloves medium 300/box"", ""url"": ""https://www.safcodental.com/catalog/product/view/id/56425/s/nitrilex-surpass-nitrile-gloves-medium-300-box/""}]","EXAM,FREE,GLOVES,LATEX,NON,PPE,PPE25,98895,98896,98897,98898",95869,No,2026-04-30T02:14:50.655155+00:00,selectors
112,Aurelia Perform,Supermax,"DRCBF, 4870905, 487-0905, 4870911, 487-0911, 4870919, 487-0919, 4870926, 487-0926, 4870931, 487-0931",Dental Exam Gloves,Nitrile gloves,https://www.safcodental.com/product/aurelia-sup-reg-sup-perform-sup-trade-sup,$14.49,14.49,,In stock,,,"https://www.safcodental.com/media/catalog/product/d/r/drcbf.jpg?width=265&height=265&canvas=265,265&optimize=medium&fit=bounds","[""https://www.safcodental.com/media/catalog/product/d/r/drcbf.jpg?optimize=medium&fit=bounds&height=700&width=700&canvas=700:700"", ""https://www.safcodental.com/media/catalog/product/d/r/drcbf.jpg?optimize=medium&fit=bounds&height=700&width=700&canvas=700:700""]","[{""name"": ""CaviWipes regular 6\"" x 6-3/4\"" 160/can"", ""url"": ""https://www.safcodental.com/catalog/product/view/id/7330/s/caviwipes-regular-6-x-6-3-4-160-can/""}, {""name"": ""saliva ejectors clear body with blue tip 100/bag"", ""url"": ""https://www.safcodental.com/catalog/product/view/id/25393/s/saliva-ejectors-clear-body-with-blue-tip-100-bag/""}, {""name"": ""Safco lidocaine 2% and epinephrine 1:100,000 (red) 50/box"", ""url"": ""https://www.safcodental.com/catalog/product/view/id/61/s/safco-lidocaine-2-and-epinephrine-1-100-000-red-50-box/""}, {""name"": ""saliva ejectors white body with white tip 100/bag"", ""url"": ""https://www.safcodental.com/catalog/product/view/id/25396/s/saliva-ejectors-white-body-with-white-tip-100-bag/""}, {""name"": ""Safco DuraSoft latex gloves small 100/box"", ""url"": ""https://www.safcodental.com/catalog/product/view/id/50917/s/safco-durasoft-latex-gloves-small-100-box/""}, {""name"": ""Safco oral evacuators white 50/bag"", ""url"": ""https://www.safcodental.com/catalog/product/view/id/7198/s/safco-oral-evacuators-white-50-bag/""}, {""name"": ""Nitrilex Surpass nitrile gloves small 300/box"", ""url"": ""https://www.safcodental.com/catalog/product/view/id/56422/s/nitrilex-surpass-nitrile-gloves-small-300-box/""}, {""name"": ""Safco DuraSoft latex gloves medium 100/box"", ""url"": ""https://www.safcodental.com/catalog/product/view/id/50920/s/safco-durasoft-latex-gloves-medium-100-box/""}, {""name"": ""Pure 100% cotton non-woven sponges 2\"" x 2\"", sleeve of 200"", ""url"": ""https://www.safcodental.com/catalog/product/view/id/42178/s/pure-100-cotton-non-woven-sponges-2-x-2-sleeve-of-200/""}, {""name"": ""Nitrilex Surpass nitrile gloves medium 300/box"", ""url"": ""https://www.safcodental.com/catalog/product/view/id/56425/s/nitrilex-surpass-nitrile-gloves-medium-300-box/""}]","EXAM,FREE,GLOVES,LATEX,NON,PPE,PPE25,92395,92396,92397,92398,EXAM,GLOVES,PPE,PPE25,92399",95860,No,2026-04-30T02:14:59.360580+00:00,selectors
113,Curve Fitted,Cranberry,"DRCAY, 4711106, 471-1106, 4711117, 471-1117, 4711125, 471-1125, 4711138, 471-1138, 4711144, 471-1144",Dental Exam Gloves,Nitrile gloves,https://www.safcodental.com/product/curve-reg-fitted,$19.49,19.49,,In stock,,,"https://www.safcodental.com/media/catalog/product/d/r/drcay_2.jpg?width=265&height=265&canvas=265,265&optimize=medium&fit=bounds","[""https://www.safcodental.com/media/catalog/product/d/r/drcay_2.jpg?optimize=medium&fit=bounds&height=700&width=700&canvas=700:700"", ""https://www.safcodental.com/media/catalog/product/d/r/drcay_2.jpg?optimize=medium&fit=bounds&height=700&width=700&canvas=700:700""]","[{""name"": ""CaviWipes regular 6\"" x 6-3/4\"" 160/can"", ""url"": ""https://www.safcodental.com/catalog/product/view/id/7330/s/caviwipes-regular-6-x-6-3-4-160-can/""}, {""name"": ""saliva ejectors clear body with blue tip 100/bag"", ""url"": ""https://www.safcodental.com/catalog/product/view/id/25393/s/saliva-ejectors-clear-body-with-blue-tip-100-bag/""}, {""name"": ""Safco lidocaine 2% and epinephrine 1:100,000 (red) 50/box"", ""url"": ""https://www.safcodental.com/catalog/product/view/id/61/s/safco-lidocaine-2-and-epinephrine-1-100-000-red-50-box/""}, {""name"": ""saliva ejectors white body with white tip 100/bag"", ""url"": ""https://www.safcodental.com/catalog/product/view/id/25396/s/saliva-ejectors-white-body-with-white-tip-100-bag/""}, {""name"": ""Safco DuraSoft latex gloves small 100/box"", ""url"": ""https://www.safcodental.com/catalog/product/view/id/50917/s/safco-durasoft-latex-gloves-small-100-box/""}, {""name"": ""Safco oral evacuators white 50/bag"", ""url"": ""https://www.safcodental.com/catalog/product/view/id/7198/s/safco-oral-evacuators-white-50-bag/""}, {""name"": ""Nitrilex Surpass nitrile gloves small 300/box"", ""url"": ""https://www.safcodental.com/catalog/product/view/id/56422/s/nitrilex-surpass-nitrile-gloves-small-300-box/""}, {""name"": ""Safco DuraSoft latex gloves medium 100/box"", ""url"": ""https://www.safcodental.com/catalog/product/view/id/50920/s/safco-durasoft-latex-gloves-medium-100-box/""}, {""name"": ""Pure 100% cotton non-woven sponges 2\"" x 2\"", sleeve of 200"", ""url"": ""https://www.safcodental.com/catalog/product/view/id/42178/s/pure-100-cotton-non-woven-sponges-2-x-2-sleeve-of-200/""}, {""name"": ""Nitrilex Surpass nitrile gloves medium 300/box"", ""url"": ""https://www.safcodental.com/catalog/product/view/id/56425/s/nitrilex-surpass-nitrile-gloves-medium-300-box/""}]","EXAM,FREE,GLOVES,LATEX,NON,PPE,PPE25,CR3425,CR3426,CR3427,CR3428,CR3429",95848,No,2026-04-30T02:15:09.605195+00:00,selectors
114,Contour,Cranberry,"DRCAX, 4711010, 471-1010, 4711017, 471-1017, 4711025, 471-1025, 4711032, 471-1032",Dental Exam Gloves,Nitrile gloves,https://www.safcodental.com/product/contour-reg,$10.29,10.29,,In stock,,,"https://www.safcodental.com/media/catalog/product/d/r/drcax_2.jpg?width=265&height=265&canvas=265,265&optimize=medium&fit=bounds","[""https://www.safcodental.com/media/catalog/product/d/r/drcax_2.jpg?optimize=medium&fit=bounds&height=700&width=700&canvas=700:700"", ""https://www.safcodental.com/media/catalog/product/d/r/drcax_2.jpg?optimize=medium&fit=bounds&height=700&width=700&canvas=700:700""]","[{""name"": ""CaviWipes regular 6\"" x 6-3/4\"" 160/can"", ""url"": ""https://www.safcodental.com/catalog/product/view/id/7330/s/caviwipes-regular-6-x-6-3-4-160-can/""}, {""name"": ""saliva ejectors clear body with blue tip 100/bag"", ""url"": ""https://www.safcodental.com/catalog/product/view/id/25393/s/saliva-ejectors-clear-body-with-blue-tip-100-bag/""}, {""name"": ""Safco lidocaine 2% and epinephrine 1:100,000 (red) 50/box"", ""url"": ""https://www.safcodental.com/catalog/product/view/id/61/s/safco-lidocaine-2-and-epinephrine-1-100-000-red-50-box/""}, {""name"": ""saliva ejectors white body with white tip 100/bag"", ""url"": ""https://www.safcodental.com/catalog/product/view/id/25396/s/saliva-ejectors-white-body-with-white-tip-100-bag/""}, {""name"": ""Safco DuraSoft latex gloves small 100/box"", ""url"": ""https://www.safcodental.com/catalog/product/view/id/50917/s/safco-durasoft-latex-gloves-small-100-box/""}, {""name"": ""Safco oral evacuators white 50/bag"", ""url"": ""https://www.safcodental.com/catalog/product/view/id/7198/s/safco-oral-evacuators-white-50-bag/""}, {""name"": ""Nitrilex Surpass nitrile gloves small 300/box"", ""url"": ""https://www.safcodental.com/catalog/product/view/id/56422/s/nitrilex-surpass-nitrile-gloves-small-300-box/""}, {""name"": ""Safco DuraSoft latex gloves medium 100/box"", ""url"": ""https://www.safcodental.com/catalog/product/view/id/50920/s/safco-durasoft-latex-gloves-medium-100-box/""}, {""name"": ""Pure 100% cotton non-woven sponges 2\"" x 2\"", sleeve of 200"", ""url"": ""https://www.safcodental.com/catalog/product/view/id/42178/s/pure-100-cotton-non-woven-sponges-2-x-2-sleeve-of-200/""}, {""name"": ""Nitrilex Surpass nitrile gloves medium 300/box"", ""url"": ""https://www.safcodental.com/catalog/product/view/id/56425/s/nitrilex-surpass-nitrile-gloves-medium-300-box/""}]","EXAM,FREE,GLOVES,LATEX,NON,PPE,PPE25,CR3115,CR3116,CR3117,CR3118",95845,No,2026-04-30T02:15:18.898683+00:00,selectors
115,Contour Plus,Cranberry,"DRCAW, 4710324, 471-0324, 4710332, 471-0332, 4710347, 471-0347, 4710355, 471-0355",Dental Exam Gloves,Nitrile gloves,https://www.safcodental.com/product/contour-plus-trade,$12.49,12.49,,In stock,,,"https://www.safcodental.com/media/catalog/product/d/r/drcaw_2.jpg?width=265&height=265&canvas=265,265&optimize=medium&fit=bounds","[""https://www.safcodental.com/media/catalog/product/d/r/drcaw_2.jpg?optimize=medium&fit=bounds&height=700&width=700&canvas=700:700"", ""https://www.safcodental.com/media/catalog/product/d/r/drcaw_2.jpg?optimize=medium&fit=bounds&height=700&width=700&canvas=700:700""]","[{""name"": ""CaviWipes regular 6\"" x 6-3/4\"" 160/can"", ""url"": ""https://www.safcodental.com/catalog/product/view/id/7330/s/caviwipes-regular-6-x-6-3-4-160-can/""}, {""name"": ""saliva ejectors clear body with blue tip 100/bag"", ""url"": ""https://www.safcodental.com/catalog/product/view/id/25393/s/saliva-ejectors-clear-body-with-blue-tip-100-bag/""}, {""name"": ""Safco lidocaine 2% and epinephrine 1:100,000 (red) 50/box"", ""url"": ""https://www.safcodental.com/catalog/product/view/id/61/s/safco-lidocaine-2-and-epinephrine-1-100-000-red-50-box/""}, {""name"": ""saliva ejectors white body with white tip 100/bag"", ""url"": ""https://www.safcodental.com/catalog/product/view/id/25396/s/saliva-ejectors-white-body-with-white-tip-100-bag/""}, {""name"": ""Safco DuraSoft latex gloves small 100/box"", ""url"": ""https://www.safcodental.com/catalog/product/view/id/50917/s/safco-durasoft-latex-gloves-small-100-box/""}, {""name"": ""Safco oral evacuators white 50/bag"", ""url"": ""https://www.safcodental.com/catalog/product/view/id/7198/s/safco-oral-evacuators-white-50-bag/""}, {""name"": ""Nitrilex Surpass nitrile gloves small 300/box"", ""url"": ""https://www.safcodental.com/catalog/product/view/id/56422/s/nitrilex-surpass-nitrile-gloves-small-300-box/""}, {""name"": ""Safco DuraSoft latex gloves medium 100/box"", ""url"": ""https://www.safcodental.com/catalog/product/view/id/50920/s/safco-durasoft-latex-gloves-medium-100-box/""}, {""name"": ""Pure 100% cotton non-woven sponges 2\"" x 2\"", sleeve of 200"", ""url"": ""https://www.safcodental.com/catalog/product/view/id/42178/s/pure-100-cotton-non-woven-sponges-2-x-2-sleeve-of-200/""}, {""name"": ""Nitrilex Surpass nitrile gloves medium 300/box"", ""url"": ""https://www.safcodental.com/catalog/product/view/id/56425/s/nitrilex-surpass-nitrile-gloves-medium-300-box/""}]","EXAM,FREE,GLOVES,LATEX,NON,PPE,PPE25,CR3225,CR3226,CR3227,CR3228",95842,No,2026-04-30T02:15:27.762300+00:00,selectors
116,Aurelia Protege,Supermax,"DRCAI, 4870458, 487-0458, 4870460, 487-0460",Dental Exam Gloves,Nitrile gloves,https://www.safcodental.com/product/aurelia-sup-reg-sup-prot-eacute-g-eacute-sup-reg-sup,$7.49,7.49,,In stock,,,"https://www.safcodental.com/media/catalog/product/d/r/drcai.jpg?width=265&height=265&canvas=265,265&optimize=medium&fit=bounds","[""https://www.safcodental.com/media/catalog/product/d/r/drcai.jpg?optimize=medium&fit=bounds&height=700&width=700&canvas=700:700"", ""https://www.safcodental.com/media/catalog/product/d/r/drcai.jpg?optimize=medium&fit=bounds&height=700&width=700&canvas=700:700""]","[{""name"": ""CaviWipes regular 6\"" x 6-3/4\"" 160/can"", ""url"": ""https://www.safcodental.com/catalog/product/view/id/7330/s/caviwipes-regular-6-x-6-3-4-160-can/""}, {""name"": ""saliva ejectors clear body with blue tip 100/bag"", ""url"": ""https://www.safcodental.com/catalog/product/view/id/25393/s/saliva-ejectors-clear-body-with-blue-tip-100-bag/""}, {""name"": ""Safco lidocaine 2% and epinephrine 1:100,000 (red) 50/box"", ""url"": ""https://www.safcodental.com/catalog/product/view/id/61/s/safco-lidocaine-2-and-epinephrine-1-100-000-red-50-box/""}, {""name"": ""saliva ejectors white body with white tip 100/bag"", ""url"": ""https://www.safcodental.com/catalog/product/view/id/25396/s/saliva-ejectors-white-body-with-white-tip-100-bag/""}, {""name"": ""Safco DuraSoft latex gloves small 100/box"", ""url"": ""https://www.safcodental.com/catalog/product/view/id/50917/s/safco-durasoft-latex-gloves-small-100-box/""}, {""name"": ""Safco oral evacuators white 50/bag"", ""url"": ""https://www.safcodental.com/catalog/product/view/id/7198/s/safco-oral-evacuators-white-50-bag/""}, {""name"": ""Nitrilex Surpass nitrile gloves small 300/box"", ""url"": ""https://www.safcodental.com/catalog/product/view/id/56422/s/nitrilex-surpass-nitrile-gloves-small-300-box/""}, {""name"": ""Safco DuraSoft latex gloves medium 100/box"", ""url"": ""https://www.safcodental.com/catalog/product/view/id/50920/s/safco-durasoft-latex-gloves-medium-100-box/""}, {""name"": ""Pure 100% cotton non-woven sponges 2\"" x 2\"", sleeve of 200"", ""url"": ""https://www.safcodental.com/catalog/product/view/id/42178/s/pure-100-cotton-non-woven-sponges-2-x-2-sleeve-of-200/""}, {""name"": ""Nitrilex Surpass nitrile gloves medium 300/box"", ""url"": ""https://www.safcodental.com/catalog/product/view/id/56425/s/nitrilex-surpass-nitrile-gloves-medium-300-box/""}]","EXAM,FREE,GLOVES,LATEX,NON,PPE,PPE25,93998,EXAM,GLOVES,PPE,PPE25,93999",95815,No,2026-04-30T02:15:36.165793+00:00,selectors
117,Essential Textured,Quantum,"DRBBP, 8100008, 810-0008",Dental Exam Gloves,Latex gloves,https://www.safcodental.com/product/essential-textured,$15.97,15.97,,In stock,,,"https://www.safcodental.com/media/catalog/product/d/r/drbbp.jpg?width=265&height=265&canvas=265,265&optimize=medium&fit=bounds","[""https://www.safcodental.com/media/catalog/product/d/r/drbbp.jpg?optimize=medium&fit=bounds&height=700&width=700&canvas=700:700"", ""https://www.safcodental.com/media/catalog/product/d/r/drbbp.jpg?optimize=medium&fit=bounds&height=700&width=700&canvas=700:700""]","[{""name"": ""CaviWipes regular 6\"" x 6-3/4\"" 160/can"", ""url"": ""https://www.safcodental.com/catalog/product/view/id/7330/s/caviwipes-regular-6-x-6-3-4-160-can/""}, {""name"": ""saliva ejectors clear body with blue tip 100/bag"", ""url"": ""https://www.safcodental.com/catalog/product/view/id/25393/s/saliva-ejectors-clear-body-with-blue-tip-100-bag/""}, {""name"": ""Safco lidocaine 2% and epinephrine 1:100,000 (red) 50/box"", ""url"": ""https://www.safcodental.com/catalog/product/view/id/61/s/safco-lidocaine-2-and-epinephrine-1-100-000-red-50-box/""}, {""name"": ""saliva ejectors white body with white tip 100/bag"", ""url"": ""https://www.safcodental.com/catalog/product/view/id/25396/s/saliva-ejectors-white-body-with-white-tip-100-bag/""}, {""name"": ""Safco DuraSoft latex gloves small 100/box"", ""url"": ""https://www.safcodental.com/catalog/product/view/id/50917/s/safco-durasoft-latex-gloves-small-100-box/""}, {""name"": ""Safco oral evacuators white 50/bag"", ""url"": ""https://www.safcodental.com/catalog/product/view/id/7198/s/safco-oral-evacuators-white-50-bag/""}, {""name"": ""Nitrilex Surpass nitrile gloves small 300/box"", ""url"": ""https://www.safcodental.com/catalog/product/view/id/56422/s/nitrilex-surpass-nitrile-gloves-small-300-box/""}, {""name"": ""Safco DuraSoft latex gloves medium 100/box"", ""url"": ""https://www.safcodental.com/catalog/product/view/id/50920/s/safco-durasoft-latex-gloves-medium-100-box/""}, {""name"": ""Pure 100% cotton non-woven sponges 2\"" x 2\"", sleeve of 200"", ""url"": ""https://www.safcodental.com/catalog/product/view/id/42178/s/pure-100-cotton-non-woven-sponges-2-x-2-sleeve-of-200/""}, {""name"": ""Nitrilex Surpass nitrile gloves medium 300/box"", ""url"": ""https://www.safcodental.com/catalog/product/view/id/56425/s/nitrilex-surpass-nitrile-gloves-medium-300-box/""}]","PPE25,TPFM",95797,No,2026-04-30T02:15:44.661370+00:00,selectors
118,Aurelia Distinct,Supermax,"DRBBA, 4870529, 487-0529, 4870534, 487-0534, 4870547, 487-0547, 4870551, 487-0551",Dental Exam Gloves,Latex gloves,https://www.safcodental.com/product/aurelia-reg-distinct-reg,$8.79,8.79,,In stock,,,"https://www.safcodental.com/media/catalog/product/d/r/drbba.jpg?width=265&height=265&canvas=265,265&optimize=medium&fit=bounds","[""https://www.safcodental.com/media/catalog/product/d/r/drbba.jpg?optimize=medium&fit=bounds&height=700&width=700&canvas=700:700"", ""https://www.safcodental.com/media/catalog/product/d/r/drbba.jpg?optimize=medium&fit=bounds&height=700&width=700&canvas=700:700""]","[{""name"": ""CaviWipes regular 6\"" x 6-3/4\"" 160/can"", ""url"": ""https://www.safcodental.com/catalog/product/view/id/7330/s/caviwipes-regular-6-x-6-3-4-160-can/""}, {""name"": ""saliva ejectors clear body with blue tip 100/bag"", ""url"": ""https://www.safcodental.com/catalog/product/view/id/25393/s/saliva-ejectors-clear-body-with-blue-tip-100-bag/""}, {""name"": ""Safco lidocaine 2% and epinephrine 1:100,000 (red) 50/box"", ""url"": ""https://www.safcodental.com/catalog/product/view/id/61/s/safco-lidocaine-2-and-epinephrine-1-100-000-red-50-box/""}, {""name"": ""saliva ejectors white body with white tip 100/bag"", ""url"": ""https://www.safcodental.com/catalog/product/view/id/25396/s/saliva-ejectors-white-body-with-white-tip-100-bag/""}, {""name"": ""Safco DuraSoft latex gloves small 100/box"", ""url"": ""https://www.safcodental.com/catalog/product/view/id/50917/s/safco-durasoft-latex-gloves-small-100-box/""}, {""name"": ""Safco oral evacuators white 50/bag"", ""url"": ""https://www.safcodental.com/catalog/product/view/id/7198/s/safco-oral-evacuators-white-50-bag/""}, {""name"": ""Nitrilex Surpass nitrile gloves small 300/box"", ""url"": ""https://www.safcodental.com/catalog/product/view/id/56422/s/nitrilex-surpass-nitrile-gloves-small-300-box/""}, {""name"": ""Safco DuraSoft latex gloves medium 100/box"", ""url"": ""https://www.safcodental.com/catalog/product/view/id/50920/s/safco-durasoft-latex-gloves-medium-100-box/""}, {""name"": ""Pure 100% cotton non-woven sponges 2\"" x 2\"", sleeve of 200"", ""url"": ""https://www.safcodental.com/catalog/product/view/id/42178/s/pure-100-cotton-non-woven-sponges-2-x-2-sleeve-of-200/""}, {""name"": ""Nitrilex Surpass nitrile gloves medium 300/box"", ""url"": ""https://www.safcodental.com/catalog/product/view/id/56425/s/nitrilex-surpass-nitrile-gloves-medium-300-box/""}]","EXAM,GLOVES,PPE25,29225,29226,29227,29228",95770,No,2026-04-30T02:15:53.328529+00:00,selectors
119,Cyntek,Cranberry,"DRBAX, 4710407, 471-0407, 4710418, 471-0418, 4710426, 471-0426, 4710432, 471-0432, 4710433, 471-0433",Dental Exam Gloves,Latex gloves,https://www.safcodental.com/product/cyntek-reg,$16.49,16.49,,In stock,,,"https://www.safcodental.com/media/catalog/product/d/r/drbax_2.jpg?width=265&height=265&canvas=265,265&optimize=medium&fit=bounds","[""https://www.safcodental.com/media/catalog/product/d/r/drbax_2.jpg?optimize=medium&fit=bounds&height=700&width=700&canvas=700:700"", ""https://www.safcodental.com/media/catalog/product/d/r/drbax_2.jpg?optimize=medium&fit=bounds&height=700&width=700&canvas=700:700""]","[{""name"": ""CaviWipes regular 6\"" x 6-3/4\"" 160/can"", ""url"": ""https://www.safcodental.com/catalog/product/view/id/7330/s/caviwipes-regular-6-x-6-3-4-160-can/""}, {""name"": ""saliva ejectors clear body with blue tip 100/bag"", ""url"": ""https://www.safcodental.com/catalog/product/view/id/25393/s/saliva-ejectors-clear-body-with-blue-tip-100-bag/""}, {""name"": ""Safco lidocaine 2% and epinephrine 1:100,000 (red) 50/box"", ""url"": ""https://www.safcodental.com/catalog/product/view/id/61/s/safco-lidocaine-2-and-epinephrine-1-100-000-red-50-box/""}, {""name"": ""saliva ejectors white body with white tip 100/bag"", ""url"": ""https://www.safcodental.com/catalog/product/view/id/25396/s/saliva-ejectors-white-body-with-white-tip-100-bag/""}, {""name"": ""Safco DuraSoft latex gloves small 100/box"", ""url"": ""https://www.safcodental.com/catalog/product/view/id/50917/s/safco-durasoft-latex-gloves-small-100-box/""}, {""name"": ""Safco oral evacuators white 50/bag"", ""url"": ""https://www.safcodental.com/catalog/product/view/id/7198/s/safco-oral-evacuators-white-50-bag/""}, {""name"": ""Nitrilex Surpass nitrile gloves small 300/box"", ""url"": ""https://www.safcodental.com/catalog/product/view/id/56422/s/nitrilex-surpass-nitrile-gloves-small-300-box/""}, {""name"": ""Safco DuraSoft latex gloves medium 100/box"", ""url"": ""https://www.safcodental.com/catalog/product/view/id/50920/s/safco-durasoft-latex-gloves-medium-100-box/""}, {""name"": ""Pure 100% cotton non-woven sponges 2\"" x 2\"", sleeve of 200"", ""url"": ""https://www.safcodental.com/catalog/product/view/id/42178/s/pure-100-cotton-non-woven-sponges-2-x-2-sleeve-of-200/""}, {""name"": ""Nitrilex Surpass nitrile gloves medium 300/box"", ""url"": ""https://www.safcodental.com/catalog/product/view/id/56425/s/nitrilex-surpass-nitrile-gloves-medium-300-box/""}]","EXAM,GLOVES,PPE25,CR7835,CR7836,CR7837,CR7838,CR7839",95764,No,2026-04-30T02:16:02.350440+00:00,selectors
120,Sigma,Cranberry,"DRBAR, 4710224, 471-0224, 4710235, 471-0235, 4710246, 471-0246, 4710257, 471-0257, 4710263, 471-0263",Dental Exam Gloves,Latex gloves,https://www.safcodental.com/product/sigma-reg,$11.99,11.99,,In stock,,,"https://www.safcodental.com/media/catalog/product/d/r/drbar_2.jpg?width=265&height=265&canvas=265,265&optimize=medium&fit=bounds","[""https://www.safcodental.com/media/catalog/product/d/r/drbar_2.jpg?optimize=medium&fit=bounds&height=700&width=700&canvas=700:700"", ""https://www.safcodental.com/media/catalog/product/d/r/drbar_2.jpg?optimize=medium&fit=bounds&height=700&width=700&canvas=700:700""]","[{""name"": ""CaviWipes regular 6\"" x 6-3/4\"" 160/can"", ""url"": ""https://www.safcodental.com/catalog/product/view/id/7330/s/caviwipes-regular-6-x-6-3-4-160-can/""}, {""name"": ""saliva ejectors clear body with blue tip 100/bag"", ""url"": ""https://www.safcodental.com/catalog/product/view/id/25393/s/saliva-ejectors-clear-body-with-blue-tip-100-bag/""}, {""name"": ""Safco lidocaine 2% and epinephrine 1:100,000 (red) 50/box"", ""url"": ""https://www.safcodental.com/catalog/product/view/id/61/s/safco-lidocaine-2-and-epinephrine-1-100-000-red-50-box/""}, {""name"": ""saliva ejectors white body with white tip 100/bag"", ""url"": ""https://www.safcodental.com/catalog/product/view/id/25396/s/saliva-ejectors-white-body-with-white-tip-100-bag/""}, {""name"": ""Safco DuraSoft latex gloves small 100/box"", ""url"": ""https://www.safcodental.com/catalog/product/view/id/50917/s/safco-durasoft-latex-gloves-small-100-box/""}, {""name"": ""Safco oral evacuators white 50/bag"", ""url"": ""https://www.safcodental.com/catalog/product/view/id/7198/s/safco-oral-evacuators-white-50-bag/""}, {""name"": ""Nitrilex Surpass nitrile gloves small 300/box"", ""url"": ""https://www.safcodental.com/catalog/product/view/id/56422/s/nitrilex-surpass-nitrile-gloves-small-300-box/""}, {""name"": ""Safco DuraSoft latex gloves medium 100/box"", ""url"": ""https://www.safcodental.com/catalog/product/view/id/50920/s/safco-durasoft-latex-gloves-medium-100-box/""}, {""name"": ""Pure 100% cotton non-woven sponges 2\"" x 2\"", sleeve of 200"", ""url"": ""https://www.safcodental.com/catalog/product/view/id/42178/s/pure-100-cotton-non-woven-sponges-2-x-2-sleeve-of-200/""}, {""name"": ""Nitrilex Surpass nitrile gloves medium 300/box"", ""url"": ""https://www.safcodental.com/catalog/product/view/id/56425/s/nitrilex-surpass-nitrile-gloves-medium-300-box/""}]","EXAM,GLOVES,PPE25,CR5815,CR5816,CR5817,CR5818,CR5819",95749,No,2026-04-30T02:16:11.448225+00:00,selectors
121,Aurelia Refresh,Supermax,"DRBAO, 4870019, 487-0019, 4870024, 487-0024, 4870035, 487-0035, 4870046, 487-0046, 4870048, 487-0048",Dental Exam Gloves,Latex gloves,https://www.safcodental.com/product/aurelia-reg-refresh-reg,$10.49,10.49,,In stock,,,"https://www.safcodental.com/media/catalog/product/d/r/drbao.jpg?width=265&height=265&canvas=265,265&optimize=medium&fit=bounds","[""https://www.safcodental.com/media/catalog/product/d/r/drbao.jpg?optimize=medium&fit=bounds&height=700&width=700&canvas=700:700"", ""https://www.safcodental.com/media/catalog/product/d/r/drbao.jpg?optimize=medium&fit=bounds&height=700&width=700&canvas=700:700""]","[{""name"": ""CaviWipes regular 6\"" x 6-3/4\"" 160/can"", ""url"": ""https://www.safcodental.com/catalog/product/view/id/7330/s/caviwipes-regular-6-x-6-3-4-160-can/""}, {""name"": ""saliva ejectors clear body with blue tip 100/bag"", ""url"": ""https://www.safcodental.com/catalog/product/view/id/25393/s/saliva-ejectors-clear-body-with-blue-tip-100-bag/""}, {""name"": ""Safco lidocaine 2% and epinephrine 1:100,000 (red) 50/box"", ""url"": ""https://www.safcodental.com/catalog/product/view/id/61/s/safco-lidocaine-2-and-epinephrine-1-100-000-red-50-box/""}, {""name"": ""saliva ejectors white body with white tip 100/bag"", ""url"": ""https://www.safcodental.com/catalog/product/view/id/25396/s/saliva-ejectors-white-body-with-white-tip-100-bag/""}, {""name"": ""Safco DuraSoft latex gloves small 100/box"", ""url"": ""https://www.safcodental.com/catalog/product/view/id/50917/s/safco-durasoft-latex-gloves-small-100-box/""}, {""name"": ""Safco oral evacuators white 50/bag"", ""url"": ""https://www.safcodental.com/catalog/product/view/id/7198/s/safco-oral-evacuators-white-50-bag/""}, {""name"": ""Nitrilex Surpass nitrile gloves small 300/box"", ""url"": ""https://www.safcodental.com/catalog/product/view/id/56422/s/nitrilex-surpass-nitrile-gloves-small-300-box/""}, {""name"": ""Safco DuraSoft latex gloves medium 100/box"", ""url"": ""https://www.safcodental.com/catalog/product/view/id/50920/s/safco-durasoft-latex-gloves-medium-100-box/""}, {""name"": ""Pure 100% cotton non-woven sponges 2\"" x 2\"", sleeve of 200"", ""url"": ""https://www.safcodental.com/catalog/product/view/id/42178/s/pure-100-cotton-non-woven-sponges-2-x-2-sleeve-of-200/""}, {""name"": ""Nitrilex Surpass nitrile gloves medium 300/box"", ""url"": ""https://www.safcodental.com/catalog/product/view/id/56425/s/nitrilex-surpass-nitrile-gloves-medium-300-box/""}]","EXAM,GLOVES,PPE25,99225,99226,99227,99228,99229",95746,No,2026-04-30T02:16:19.965606+00:00,selectors
122,Microflex Diamond Grip Plus,Ansell,"4750732, 4750746, 4750751, 4750760, 4750777",Dental Exam Gloves,Latex gloves,https://www.safcodental.com/product/microflex-reg-diamond-grip-plus-trade,$14.49,14.49,,In stock,,,"https://www.safcodental.com/media/catalog/product/d/r/drbai.jpg?width=265&height=265&canvas=265,265&optimize=medium&fit=bounds","[""https://www.safcodental.com/media/catalog/product/d/r/drbai.jpg?optimize=medium&fit=bounds&height=700&width=700&canvas=700:700"", ""https://www.safcodental.com/media/catalog/product/d/r/drbai.jpg?optimize=medium&fit=bounds&height=700&width=700&canvas=700:700""]","[{""name"": ""CaviWipes regular 6\"" x 6-3/4\"" 160/can"", ""url"": ""https://www.safcodental.com/catalog/product/view/id/7330/s/caviwipes-regular-6-x-6-3-4-160-can/""}, {""name"": ""saliva ejectors clear body with blue tip 100/bag"", ""url"": ""https://www.safcodental.com/catalog/product/view/id/25393/s/saliva-ejectors-clear-body-with-blue-tip-100-bag/""}, {""name"": ""Safco lidocaine 2% and epinephrine 1:100,000 (red) 50/box"", ""url"": ""https://www.safcodental.com/catalog/product/view/id/61/s/safco-lidocaine-2-and-epinephrine-1-100-000-red-50-box/""}, {""name"": ""saliva ejectors white body with white tip 100/bag"", ""url"": ""https://www.safcodental.com/catalog/product/view/id/25396/s/saliva-ejectors-white-body-with-white-tip-100-bag/""}, {""name"": ""Safco DuraSoft latex gloves small 100/box"", ""url"": ""https://www.safcodental.com/catalog/product/view/id/50917/s/safco-durasoft-latex-gloves-small-100-box/""}, {""name"": ""Safco oral evacuators white 50/bag"", ""url"": ""https://www.safcodental.com/catalog/product/view/id/7198/s/safco-oral-evacuators-white-50-bag/""}, {""name"": ""Nitrilex Surpass nitrile gloves small 300/box"", ""url"": ""https://www.safcodental.com/catalog/product/view/id/56422/s/nitrilex-surpass-nitrile-gloves-small-300-box/""}, {""name"": ""Safco DuraSoft latex gloves medium 100/box"", ""url"": ""https://www.safcodental.com/catalog/product/view/id/50920/s/safco-durasoft-latex-gloves-medium-100-box/""}, {""name"": ""Pure 100% cotton non-woven sponges 2\"" x 2\"", sleeve of 200"", ""url"": ""https://www.safcodental.com/catalog/product/view/id/42178/s/pure-100-cotton-non-woven-sponges-2-x-2-sleeve-of-200/""}, {""name"": ""Nitrilex Surpass nitrile gloves medium 300/box"", ""url"": ""https://www.safcodental.com/catalog/product/view/id/56425/s/nitrilex-surpass-nitrile-gloves-medium-300-box/""}]","EXAM,GLOVES,PLUS,PPE25,DGP-350-XS,DGP-350-S,DGP-350-M,DGP-350-L,DGP-350-XL",95743,No,2026-04-30T02:16:29.208737+00:00,selectors
123,Silkcare,Cranberry,"DRBAC, 4710010, 471-0010, 4710018, 471-0018, 4710024, 471-0024, 4710036, 471-0036",Dental Exam Gloves,Latex gloves,https://www.safcodental.com/product/silkcare-reg,$16.49,16.49,,In stock,,,"https://www.safcodental.com/media/catalog/product/d/r/drbac_2.jpg?width=265&height=265&canvas=265,265&optimize=medium&fit=bounds","[""https://www.safcodental.com/media/catalog/product/d/r/drbac_2.jpg?optimize=medium&fit=bounds&height=700&width=700&canvas=700:700"", ""https://www.safcodental.com/media/catalog/product/d/r/drbac_2.jpg?optimize=medium&fit=bounds&height=700&width=700&canvas=700:700""]","[{""name"": ""CaviWipes regular 6\"" x 6-3/4\"" 160/can"", ""url"": ""https://www.safcodental.com/catalog/product/view/id/7330/s/caviwipes-regular-6-x-6-3-4-160-can/""}, {""name"": ""saliva ejectors clear body with blue tip 100/bag"", ""url"": ""https://www.safcodental.com/catalog/product/view/id/25393/s/saliva-ejectors-clear-body-with-blue-tip-100-bag/""}, {""name"": ""Safco lidocaine 2% and epinephrine 1:100,000 (red) 50/box"", ""url"": ""https://www.safcodental.com/catalog/product/view/id/61/s/safco-lidocaine-2-and-epinephrine-1-100-000-red-50-box/""}, {""name"": ""saliva ejectors white body with white tip 100/bag"", ""url"": ""https://www.safcodental.com/catalog/product/view/id/25396/s/saliva-ejectors-white-body-with-white-tip-100-bag/""}, {""name"": ""Safco DuraSoft latex gloves small 100/box"", ""url"": ""https://www.safcodental.com/catalog/product/view/id/50917/s/safco-durasoft-latex-gloves-small-100-box/""}, {""name"": ""Safco oral evacuators white 50/bag"", ""url"": ""https://www.safcodental.com/catalog/product/view/id/7198/s/safco-oral-evacuators-white-50-bag/""}, {""name"": ""Nitrilex Surpass nitrile gloves small 300/box"", ""url"": ""https://www.safcodental.com/catalog/product/view/id/56422/s/nitrilex-surpass-nitrile-gloves-small-300-box/""}, {""name"": ""Safco DuraSoft latex gloves medium 100/box"", ""url"": ""https://www.safcodental.com/catalog/product/view/id/50920/s/safco-durasoft-latex-gloves-medium-100-box/""}, {""name"": ""Pure 100% cotton non-woven sponges 2\"" x 2\"", sleeve of 200"", ""url"": ""https://www.safcodental.com/catalog/product/view/id/42178/s/pure-100-cotton-non-woven-sponges-2-x-2-sleeve-of-200/""}, {""name"": ""Nitrilex Surpass nitrile gloves medium 300/box"", ""url"": ""https://www.safcodental.com/catalog/product/view/id/56425/s/nitrilex-surpass-nitrile-gloves-medium-300-box/""}]","EXAM,GLOVES,PPE25,CR7815,CR7816,CR7817,CR7818",95734,No,2026-04-30T02:16:38.229673+00:00,selectors
124,Nuvo,Dash,"DRuII-lc, 4680227, 468-0227, 4680235, 468-0235, 4680243, 468-0243, 4680251, 468-0251",Dental Exam Gloves,Vinyl gloves,https://www.safcodental.com/product/nuvo-trade,$7.49,7.49,,In stock,,,"https://www.safcodental.com/media/catalog/product/d/r/druii_lc.jpg?width=265&height=265&canvas=265,265&optimize=medium&fit=bounds","[""https://www.safcodental.com/media/catalog/product/d/r/druii_lc.jpg?optimize=medium&fit=bounds&height=700&width=700&canvas=700:700"", ""https://www.safcodental.com/media/catalog/product/d/r/druii_lc.jpg?optimize=medium&fit=bounds&height=700&width=700&canvas=700:700""]","[{""name"": ""CaviWipes regular 6\"" x 6-3/4\"" 160/can"", ""url"": ""https://www.safcodental.com/catalog/product/view/id/7330/s/caviwipes-regular-6-x-6-3-4-160-can/""}, {""name"": ""saliva ejectors clear body with blue tip 100/bag"", ""url"": ""https://www.safcodental.com/catalog/product/view/id/25393/s/saliva-ejectors-clear-body-with-blue-tip-100-bag/""}, {""name"": ""Safco lidocaine 2% and epinephrine 1:100,000 (red) 50/box"", ""url"": ""https://www.safcodental.com/catalog/product/view/id/61/s/safco-lidocaine-2-and-epinephrine-1-100-000-red-50-box/""}, {""name"": ""saliva ejectors white body with white tip 100/bag"", ""url"": ""https://www.safcodental.com/catalog/product/view/id/25396/s/saliva-ejectors-white-body-with-white-tip-100-bag/""}, {""name"": ""Safco DuraSoft latex gloves small 100/box"", ""url"": ""https://www.safcodental.com/catalog/product/view/id/50917/s/safco-durasoft-latex-gloves-small-100-box/""}, {""name"": ""Safco oral evacuators white 50/bag"", ""url"": ""https://www.safcodental.com/catalog/product/view/id/7198/s/safco-oral-evacuators-white-50-bag/""}, {""name"": ""Nitrilex Surpass nitrile gloves small 300/box"", ""url"": ""https://www.safcodental.com/catalog/product/view/id/56422/s/nitrilex-surpass-nitrile-gloves-small-300-box/""}, {""name"": ""Safco DuraSoft latex gloves medium 100/box"", ""url"": ""https://www.safcodental.com/catalog/product/view/id/50920/s/safco-durasoft-latex-gloves-medium-100-box/""}, {""name"": ""Pure 100% cotton non-woven sponges 2\"" x 2\"", sleeve of 200"", ""url"": ""https://www.safcodental.com/catalog/product/view/id/42178/s/pure-100-cotton-non-woven-sponges-2-x-2-sleeve-of-200/""}, {""name"": ""Nitrilex Surpass nitrile gloves medium 300/box"", ""url"": ""https://www.safcodental.com/catalog/product/view/id/56425/s/nitrilex-surpass-nitrile-gloves-medium-300-box/""}]","PPE,PPE25,NV100S,NV100M,NV100L,NV100XL",95713,No,2026-04-30T02:16:45.859607+00:00,selectors
125,NitriDerm nitrile surgical gloves,Innovative Healthcare,"5380350, 5380352, 5380354, 5380356, 5380358, 5380361, 5380363",Dental Exam Gloves,Surgical gloves,https://www.safcodental.com/product/nitriderm-sup-reg-sup-nbsp-nitrile-surgical-gloves,$61.99,61.99,,In stock,,,"https://www.safcodental.com/media/catalog/product/d/r/drecm.jpg?width=265&height=265&canvas=265,265&optimize=medium&fit=bounds","[""https://www.safcodental.com/media/catalog/product/d/r/drecm.jpg?optimize=medium&fit=bounds&height=700&width=700&canvas=700:700"", ""https://www.safcodental.com/media/catalog/product/d/r/drecm.jpg?optimize=medium&fit=bounds&height=700&width=700&canvas=700:700""]","[{""name"": ""CaviWipes regular 6\"" x 6-3/4\"" 160/can"", ""url"": ""https://www.safcodental.com/catalog/product/view/id/7330/s/caviwipes-regular-6-x-6-3-4-160-can/""}, {""name"": ""saliva ejectors clear body with blue tip 100/bag"", ""url"": ""https://www.safcodental.com/catalog/product/view/id/25393/s/saliva-ejectors-clear-body-with-blue-tip-100-bag/""}, {""name"": ""Safco lidocaine 2% and epinephrine 1:100,000 (red) 50/box"", ""url"": ""https://www.safcodental.com/catalog/product/view/id/61/s/safco-lidocaine-2-and-epinephrine-1-100-000-red-50-box/""}, {""name"": ""saliva ejectors white body with white tip 100/bag"", ""url"": ""https://www.safcodental.com/catalog/product/view/id/25396/s/saliva-ejectors-white-body-with-white-tip-100-bag/""}, {""name"": ""Safco DuraSoft latex gloves small 100/box"", ""url"": ""https://www.safcodental.com/catalog/product/view/id/50917/s/safco-durasoft-latex-gloves-small-100-box/""}, {""name"": ""Safco oral evacuators white 50/bag"", ""url"": ""https://www.safcodental.com/catalog/product/view/id/7198/s/safco-oral-evacuators-white-50-bag/""}, {""name"": ""Nitrilex Surpass nitrile gloves small 300/box"", ""url"": ""https://www.safcodental.com/catalog/product/view/id/56422/s/nitrilex-surpass-nitrile-gloves-small-300-box/""}, {""name"": ""Safco DuraSoft latex gloves medium 100/box"", ""url"": ""https://www.safcodental.com/catalog/product/view/id/50920/s/safco-durasoft-latex-gloves-medium-100-box/""}, {""name"": ""Pure 100% cotton non-woven sponges 2\"" x 2\"", sleeve of 200"", ""url"": ""https://www.safcodental.com/catalog/product/view/id/42178/s/pure-100-cotton-non-woven-sponges-2-x-2-sleeve-of-200/""}, {""name"": ""Nitrilex Surpass nitrile gloves medium 300/box"", ""url"": ""https://www.safcodental.com/catalog/product/view/id/56425/s/nitrilex-surpass-nitrile-gloves-medium-300-box/""}]","EXAM,GLOVE,GLOVES,PPE,PPE25,STERILE,135260,135265,135270,135275,135280,135285,135290",96058,,2026-04-30T02:16:54.689164+00:00,selectors
126,DermAssist latex surgical gloves,Innovative Healthcare,"5380320, 5380323, 5380326, 5380329, 5380331, 5380334, 5380337, 5380342",Dental Exam Gloves,Surgical gloves,https://www.safcodental.com/product/dermassist-sup-reg-sup-latex-surgical-gloves,$42.99,42.99,,In stock,,,"https://www.safcodental.com/media/catalog/product/d/r/drecl.jpg?width=265&height=265&canvas=265,265&optimize=medium&fit=bounds","[""https://www.safcodental.com/media/catalog/product/d/r/drecl.jpg?optimize=medium&fit=bounds&height=700&width=700&canvas=700:700"", ""https://www.safcodental.com/media/catalog/product/d/r/drecl.jpg?optimize=medium&fit=bounds&height=700&width=700&canvas=700:700""]","[{""name"": ""CaviWipes regular 6\"" x 6-3/4\"" 160/can"", ""url"": ""https://www.safcodental.com/catalog/product/view/id/7330/s/caviwipes-regular-6-x-6-3-4-160-can/""}, {""name"": ""saliva ejectors clear body with blue tip 100/bag"", ""url"": ""https://www.safcodental.com/catalog/product/view/id/25393/s/saliva-ejectors-clear-body-with-blue-tip-100-bag/""}, {""name"": ""Safco lidocaine 2% and epinephrine 1:100,000 (red) 50/box"", ""url"": ""https://www.safcodental.com/catalog/product/view/id/61/s/safco-lidocaine-2-and-epinephrine-1-100-000-red-50-box/""}, {""name"": ""saliva ejectors white body with white tip 100/bag"", ""url"": ""https://www.safcodental.com/catalog/product/view/id/25396/s/saliva-ejectors-white-body-with-white-tip-100-bag/""}, {""name"": ""Safco DuraSoft latex gloves small 100/box"", ""url"": ""https://www.safcodental.com/catalog/product/view/id/50917/s/safco-durasoft-latex-gloves-small-100-box/""}, {""name"": ""Safco oral evacuators white 50/bag"", ""url"": ""https://www.safcodental.com/catalog/product/view/id/7198/s/safco-oral-evacuators-white-50-bag/""}, {""name"": ""Nitrilex Surpass nitrile gloves small 300/box"", ""url"": ""https://www.safcodental.com/catalog/product/view/id/56422/s/nitrilex-surpass-nitrile-gloves-small-300-box/""}, {""name"": ""Safco DuraSoft latex gloves medium 100/box"", ""url"": ""https://www.safcodental.com/catalog/product/view/id/50920/s/safco-durasoft-latex-gloves-medium-100-box/""}, {""name"": ""Pure 100% cotton non-woven sponges 2\"" x 2\"", sleeve of 200"", ""url"": ""https://www.safcodental.com/catalog/product/view/id/42178/s/pure-100-cotton-non-woven-sponges-2-x-2-sleeve-of-200/""}, {""name"": ""Nitrilex Surpass nitrile gloves medium 300/box"", ""url"": ""https://www.safcodental.com/catalog/product/view/id/56425/s/nitrilex-surpass-nitrile-gloves-medium-300-box/""}]","EXAM,GLOVE,GLOVES,PPE,PPE25,STERILE,133550,133600,133650,133700,133750,133800,133850,133900",96055,,2026-04-30T02:17:03.372475+00:00,selectors
127,Encore Sensi-Touch PF,Ansell,"3890072, 3890074, 3890076, 3890078, 3890080, 3890082",Dental Exam Gloves,Surgical gloves,https://www.safcodental.com/product/encore-reg-sensi-touch-reg-pf,$56.49,56.49,,In stock,,,"https://www.safcodental.com/media/catalog/product/d/r/drebh.jpg?width=265&height=265&canvas=265,265&optimize=medium&fit=bounds","[""https://www.safcodental.com/media/catalog/product/d/r/drebh.jpg?optimize=medium&fit=bounds&height=700&width=700&canvas=700:700"", ""https://www.safcodental.com/media/catalog/product/d/r/drebh.jpg?optimize=medium&fit=bounds&height=700&width=700&canvas=700:700""]","[{""name"": ""CaviWipes regular 6\"" x 6-3/4\"" 160/can"", ""url"": ""https://www.safcodental.com/catalog/product/view/id/7330/s/caviwipes-regular-6-x-6-3-4-160-can/""}, {""name"": ""saliva ejectors clear body with blue tip 100/bag"", ""url"": ""https://www.safcodental.com/catalog/product/view/id/25393/s/saliva-ejectors-clear-body-with-blue-tip-100-bag/""}, {""name"": ""Safco lidocaine 2% and epinephrine 1:100,000 (red) 50/box"", ""url"": ""https://www.safcodental.com/catalog/product/view/id/61/s/safco-lidocaine-2-and-epinephrine-1-100-000-red-50-box/""}, {""name"": ""saliva ejectors white body with white tip 100/bag"", ""url"": ""https://www.safcodental.com/catalog/product/view/id/25396/s/saliva-ejectors-white-body-with-white-tip-100-bag/""}, {""name"": ""Safco DuraSoft latex gloves small 100/box"", ""url"": ""https://www.safcodental.com/catalog/product/view/id/50917/s/safco-durasoft-latex-gloves-small-100-box/""}, {""name"": ""Safco oral evacuators white 50/bag"", ""url"": ""https://www.safcodental.com/catalog/product/view/id/7198/s/safco-oral-evacuators-white-50-bag/""}, {""name"": ""Nitrilex Surpass nitrile gloves small 300/box"", ""url"": ""https://www.safcodental.com/catalog/product/view/id/56422/s/nitrilex-surpass-nitrile-gloves-small-300-box/""}, {""name"": ""Safco DuraSoft latex gloves medium 100/box"", ""url"": ""https://www.safcodental.com/catalog/product/view/id/50920/s/safco-durasoft-latex-gloves-medium-100-box/""}, {""name"": ""Pure 100% cotton non-woven sponges 2\"" x 2\"", sleeve of 200"", ""url"": ""https://www.safcodental.com/catalog/product/view/id/42178/s/pure-100-cotton-non-woven-sponges-2-x-2-sleeve-of-200/""}, {""name"": ""Nitrilex Surpass nitrile gloves medium 300/box"", ""url"": ""https://www.safcodental.com/catalog/product/view/id/56425/s/nitrilex-surpass-nitrile-gloves-medium-300-box/""}]","EXAM,GLOVE,GLOVES,PPE,PPE25,STERILE,7822PF,7823PF,7824PF,7825PF,7826PF,7827PF",96052,,2026-04-30T02:17:12.211652+00:00,selectors
128,Microflex NeoSoft,Ansell,"DRDAN, 3890004, 389-0004, 3890007, 389-0007, 3890010, 389-0010, 3890013, 389-0013, 3890015, 389-0015",Dental Exam Gloves,Chloroprene gloves,https://www.safcodental.com/product/microflex-sup-reg-sup-neosoft-trade,$18.49,18.49,,In stock,,,"https://www.safcodental.com/media/catalog/product/d/r/drdan.jpg?width=265&height=265&canvas=265,265&optimize=medium&fit=bounds","[""https://www.safcodental.com/media/catalog/product/d/r/drdan.jpg?optimize=medium&fit=bounds&height=700&width=700&canvas=700:700"", ""https://www.safcodental.com/media/catalog/product/d/r/drdan.jpg?optimize=medium&fit=bounds&height=700&width=700&canvas=700:700""]","[{""name"": ""CaviWipes regular 6\"" x 6-3/4\"" 160/can"", ""url"": ""https://www.safcodental.com/catalog/product/view/id/7330/s/caviwipes-regular-6-x-6-3-4-160-can/""}, {""name"": ""saliva ejectors clear body with blue tip 100/bag"", ""url"": ""https://www.safcodental.com/catalog/product/view/id/25393/s/saliva-ejectors-clear-body-with-blue-tip-100-bag/""}, {""name"": ""Safco lidocaine 2% and epinephrine 1:100,000 (red) 50/box"", ""url"": ""https://www.safcodental.com/catalog/product/view/id/61/s/safco-lidocaine-2-and-epinephrine-1-100-000-red-50-box/""}, {""name"": ""saliva ejectors white body with white tip 100/bag"", ""url"": ""https://www.safcodental.com/catalog/product/view/id/25396/s/saliva-ejectors-white-body-with-white-tip-100-bag/""}, {""name"": ""Safco DuraSoft latex gloves small 100/box"", ""url"": ""https://www.safcodental.com/catalog/product/view/id/50917/s/safco-durasoft-latex-gloves-small-100-box/""}, {""name"": ""Safco oral evacuators white 50/bag"", ""url"": ""https://www.safcodental.com/catalog/product/view/id/7198/s/safco-oral-evacuators-white-50-bag/""}, {""name"": ""Nitrilex Surpass nitrile gloves small 300/box"", ""url"": ""https://www.safcodental.com/catalog/product/view/id/56422/s/nitrilex-surpass-nitrile-gloves-small-300-box/""}, {""name"": ""Safco DuraSoft latex gloves medium 100/box"", ""url"": ""https://www.safcodental.com/catalog/product/view/id/50920/s/safco-durasoft-latex-gloves-medium-100-box/""}, {""name"": ""Pure 100% cotton non-woven sponges 2\"" x 2\"", sleeve of 200"", ""url"": ""https://www.safcodental.com/catalog/product/view/id/42178/s/pure-100-cotton-non-woven-sponges-2-x-2-sleeve-of-200/""}, {""name"": ""Nitrilex Surpass nitrile gloves medium 300/box"", ""url"": ""https://www.safcodental.com/catalog/product/view/id/56425/s/nitrilex-surpass-nitrile-gloves-medium-300-box/""}]","EXAM,EXAME,GLOVES,PPE,PPE25,73837060,73837070,73837080,73837090,73837100",96037,,2026-04-30T02:17:21.093857+00:00,selectors
129,Flexaprene Green,Halyard,"DRDAI, 3021406, 302-1406, 3021408, 302-1408",Dental Exam Gloves,Chloroprene gloves,https://www.safcodental.com/product/flexaprene-green,$28.59,28.59,,In stock,,,"https://www.safcodental.com/media/catalog/product/d/r/drdai.jpg?width=265&height=265&canvas=265,265&optimize=medium&fit=bounds","[""https://www.safcodental.com/media/catalog/product/d/r/drdai.jpg?optimize=medium&fit=bounds&height=700&width=700&canvas=700:700"", ""https://www.safcodental.com/media/catalog/product/d/r/drdai.jpg?optimize=medium&fit=bounds&height=700&width=700&canvas=700:700""]","[{""name"": ""CaviWipes regular 6\"" x 6-3/4\"" 160/can"", ""url"": ""https://www.safcodental.com/catalog/product/view/id/7330/s/caviwipes-regular-6-x-6-3-4-160-can/""}, {""name"": ""saliva ejectors clear body with blue tip 100/bag"", ""url"": ""https://www.safcodental.com/catalog/product/view/id/25393/s/saliva-ejectors-clear-body-with-blue-tip-100-bag/""}, {""name"": ""Safco lidocaine 2% and epinephrine 1:100,000 (red) 50/box"", ""url"": ""https://www.safcodental.com/catalog/product/view/id/61/s/safco-lidocaine-2-and-epinephrine-1-100-000-red-50-box/""}, {""name"": ""saliva ejectors white body with white tip 100/bag"", ""url"": ""https://www.safcodental.com/catalog/product/view/id/25396/s/saliva-ejectors-white-body-with-white-tip-100-bag/""}, {""name"": ""Safco DuraSoft latex gloves small 100/box"", ""url"": ""https://www.safcodental.com/catalog/product/view/id/50917/s/safco-durasoft-latex-gloves-small-100-box/""}, {""name"": ""Safco oral evacuators white 50/bag"", ""url"": ""https://www.safcodental.com/catalog/product/view/id/7198/s/safco-oral-evacuators-white-50-bag/""}, {""name"": ""Nitrilex Surpass nitrile gloves small 300/box"", ""url"": ""https://www.safcodental.com/catalog/product/view/id/56422/s/nitrilex-surpass-nitrile-gloves-small-300-box/""}, {""name"": ""Safco DuraSoft latex gloves medium 100/box"", ""url"": ""https://www.safcodental.com/catalog/product/view/id/50920/s/safco-durasoft-latex-gloves-medium-100-box/""}, {""name"": ""Pure 100% cotton non-woven sponges 2\"" x 2\"", sleeve of 200"", ""url"": ""https://www.safcodental.com/catalog/product/view/id/42178/s/pure-100-cotton-non-woven-sponges-2-x-2-sleeve-of-200/""}, {""name"": ""Nitrilex Surpass nitrile gloves medium 300/box"", ""url"": ""https://www.safcodental.com/catalog/product/view/id/56425/s/nitrilex-surpass-nitrile-gloves-medium-300-box/""}]","EXAM,EXAME,GLOVES,PPE,PPE25,44794,44795",96031,,2026-04-30T02:17:29.987315+00:00,selectors
130,Micro-Touch Affinity,Ansell,"3890902, 3890905, 3890908, 3890911, 3890915",Dental Exam Gloves,Chloroprene gloves,https://www.safcodental.com/product/micro-touch-sup-reg-sup-affinity-sup-reg-sup,$23.49,23.49,,In stock,,,"https://www.safcodental.com/media/catalog/product/d/r/drdag.jpg?width=265&height=265&canvas=265,265&optimize=medium&fit=bounds","[""https://www.safcodental.com/media/catalog/product/d/r/drdag.jpg?optimize=medium&fit=bounds&height=700&width=700&canvas=700:700"", ""https://www.safcodental.com/media/catalog/product/d/r/drdag.jpg?optimize=medium&fit=bounds&height=700&width=700&canvas=700:700""]","[{""name"": ""CaviWipes regular 6\"" x 6-3/4\"" 160/can"", ""url"": ""https://www.safcodental.com/catalog/product/view/id/7330/s/caviwipes-regular-6-x-6-3-4-160-can/""}, {""name"": ""saliva ejectors clear body with blue tip 100/bag"", ""url"": ""https://www.safcodental.com/catalog/product/view/id/25393/s/saliva-ejectors-clear-body-with-blue-tip-100-bag/""}, {""name"": ""Safco lidocaine 2% and epinephrine 1:100,000 (red) 50/box"", ""url"": ""https://www.safcodental.com/catalog/product/view/id/61/s/safco-lidocaine-2-and-epinephrine-1-100-000-red-50-box/""}, {""name"": ""saliva ejectors white body with white tip 100/bag"", ""url"": ""https://www.safcodental.com/catalog/product/view/id/25396/s/saliva-ejectors-white-body-with-white-tip-100-bag/""}, {""name"": ""Safco DuraSoft latex gloves small 100/box"", ""url"": ""https://www.safcodental.com/catalog/product/view/id/50917/s/safco-durasoft-latex-gloves-small-100-box/""}, {""name"": ""Safco oral evacuators white 50/bag"", ""url"": ""https://www.safcodental.com/catalog/product/view/id/7198/s/safco-oral-evacuators-white-50-bag/""}, {""name"": ""Nitrilex Surpass nitrile gloves small 300/box"", ""url"": ""https://www.safcodental.com/catalog/product/view/id/56422/s/nitrilex-surpass-nitrile-gloves-small-300-box/""}, {""name"": ""Safco DuraSoft latex gloves medium 100/box"", ""url"": ""https://www.safcodental.com/catalog/product/view/id/50920/s/safco-durasoft-latex-gloves-medium-100-box/""}, {""name"": ""Pure 100% cotton non-woven sponges 2\"" x 2\"", sleeve of 200"", ""url"": ""https://www.safcodental.com/catalog/product/view/id/42178/s/pure-100-cotton-non-woven-sponges-2-x-2-sleeve-of-200/""}, {""name"": ""Nitrilex Surpass nitrile gloves medium 300/box"", ""url"": ""https://www.safcodental.com/catalog/product/view/id/56425/s/nitrilex-surpass-nitrile-gloves-medium-300-box/""}]","EXAM,EXAME,GLOVES,PPE,PPE25,3770,3771,3772,3773,3774",96025,,2026-04-30T02:17:38.530548+00:00,selectors
131,Microflex NeoPro,Ansell,"DRDAC, 4750614, 475-0614, 4750620, 475-0620, 4750633, 475-0633, 4750642, 475-0642",Dental Exam Gloves,Chloroprene gloves,https://www.safcodental.com/product/microflex-sup-reg-sup-neopro-sup-reg-sup,$24.99,24.99,,In stock,,,"https://www.safcodental.com/media/catalog/product/d/r/drdac.jpg?width=265&height=265&canvas=265,265&optimize=medium&fit=bounds","[""https://www.safcodental.com/media/catalog/product/d/r/drdac.jpg?optimize=medium&fit=bounds&height=700&width=700&canvas=700:700"", ""https://www.safcodental.com/media/catalog/product/d/r/drdac.jpg?optimize=medium&fit=bounds&height=700&width=700&canvas=700:700""]","[{""name"": ""CaviWipes regular 6\"" x 6-3/4\"" 160/can"", ""url"": ""https://www.safcodental.com/catalog/product/view/id/7330/s/caviwipes-regular-6-x-6-3-4-160-can/""}, {""name"": ""saliva ejectors clear body with blue tip 100/bag"", ""url"": ""https://www.safcodental.com/catalog/product/view/id/25393/s/saliva-ejectors-clear-body-with-blue-tip-100-bag/""}, {""name"": ""Safco lidocaine 2% and epinephrine 1:100,000 (red) 50/box"", ""url"": ""https://www.safcodental.com/catalog/product/view/id/61/s/safco-lidocaine-2-and-epinephrine-1-100-000-red-50-box/""}, {""name"": ""saliva ejectors white body with white tip 100/bag"", ""url"": ""https://www.safcodental.com/catalog/product/view/id/25396/s/saliva-ejectors-white-body-with-white-tip-100-bag/""}, {""name"": ""Safco DuraSoft latex gloves small 100/box"", ""url"": ""https://www.safcodental.com/catalog/product/view/id/50917/s/safco-durasoft-latex-gloves-small-100-box/""}, {""name"": ""Safco oral evacuators white 50/bag"", ""url"": ""https://www.safcodental.com/catalog/product/view/id/7198/s/safco-oral-evacuators-white-50-bag/""}, {""name"": ""Nitrilex Surpass nitrile gloves small 300/box"", ""url"": ""https://www.safcodental.com/catalog/product/view/id/56422/s/nitrilex-surpass-nitrile-gloves-small-300-box/""}, {""name"": ""Safco DuraSoft latex gloves medium 100/box"", ""url"": ""https://www.safcodental.com/catalog/product/view/id/50920/s/safco-durasoft-latex-gloves-medium-100-box/""}, {""name"": ""Pure 100% cotton non-woven sponges 2\"" x 2\"", sleeve of 200"", ""url"": ""https://www.safcodental.com/catalog/product/view/id/42178/s/pure-100-cotton-non-woven-sponges-2-x-2-sleeve-of-200/""}, {""name"": ""Nitrilex Surpass nitrile gloves medium 300/box"", ""url"": ""https://www.safcodental.com/catalog/product/view/id/56425/s/nitrilex-surpass-nitrile-gloves-medium-300-box/""}]","EXAM,EXAME,GLOVES,PPE,PPE25,NPG-888-XS,NPG-888-S,NPG-888-M,NPG-888-L",96016,,2026-04-30T02:17:47.356130+00:00,selectors
132,PowerForm Black,SW Safety,"DRCDD, 8100014, 810-0014, 8100015, 810-0015, 8100016, 810-0016, 8100017, 810-0017, 8100018, 810-0018",Dental Exam Gloves,Nitrile gloves,https://www.safcodental.com/product/powerform-black,$15.99,15.99,,In stock,,,"https://www.safcodental.com/media/catalog/product/d/r/drcdd.jpg?width=265&height=265&canvas=265,265&optimize=medium&fit=bounds","[""https://www.safcodental.com/media/catalog/product/d/r/drcdd.jpg?optimize=medium&fit=bounds&height=700&width=700&canvas=700:700"", ""https://www.safcodental.com/media/catalog/product/d/r/drcdd.jpg?optimize=medium&fit=bounds&height=700&width=700&canvas=700:700""]","[{""name"": ""CaviWipes regular 6\"" x 6-3/4\"" 160/can"", ""url"": ""https://www.safcodental.com/catalog/product/view/id/7330/s/caviwipes-regular-6-x-6-3-4-160-can/""}, {""name"": ""saliva ejectors clear body with blue tip 100/bag"", ""url"": ""https://www.safcodental.com/catalog/product/view/id/25393/s/saliva-ejectors-clear-body-with-blue-tip-100-bag/""}, {""name"": ""Safco lidocaine 2% and epinephrine 1:100,000 (red) 50/box"", ""url"": ""https://www.safcodental.com/catalog/product/view/id/61/s/safco-lidocaine-2-and-epinephrine-1-100-000-red-50-box/""}, {""name"": ""saliva ejectors white body with white tip 100/bag"", ""url"": ""https://www.safcodental.com/catalog/product/view/id/25396/s/saliva-ejectors-white-body-with-white-tip-100-bag/""}, {""name"": ""Safco DuraSoft latex gloves small 100/box"", ""url"": ""https://www.safcodental.com/catalog/product/view/id/50917/s/safco-durasoft-latex-gloves-small-100-box/""}, {""name"": ""Safco oral evacuators white 50/bag"", ""url"": ""https://www.safcodental.com/catalog/product/view/id/7198/s/safco-oral-evacuators-white-50-bag/""}, {""name"": ""Nitrilex Surpass nitrile gloves small 300/box"", ""url"": ""https://www.safcodental.com/catalog/product/view/id/56422/s/nitrilex-surpass-nitrile-gloves-small-300-box/""}, {""name"": ""Safco DuraSoft latex gloves medium 100/box"", ""url"": ""https://www.safcodental.com/catalog/product/view/id/50920/s/safco-durasoft-latex-gloves-medium-100-box/""}, {""name"": ""Pure 100% cotton non-woven sponges 2\"" x 2\"", sleeve of 200"", ""url"": ""https://www.safcodental.com/catalog/product/view/id/42178/s/pure-100-cotton-non-woven-sponges-2-x-2-sleeve-of-200/""}, {""name"": ""Nitrilex Surpass nitrile gloves medium 300/box"", ""url"": ""https://www.safcodental.com/catalog/product/view/id/56425/s/nitrilex-surpass-nitrile-gloves-medium-300-box/""}]","ECOFRIENDLY,PPE,PPE25,N716882,N716883,N716884,N716885,N716886",95995,,2026-04-30T02:17:56.175390+00:00,selectors
133,Micro-Touch NitraFree Blue,Ansell,"3890050, 3890052, 3890054, 3890056, 3890058",Dental Exam Gloves,Nitrile gloves,https://www.safcodental.com/product/micro-touch-reg-nitrafree-trade-blue,$19.99,19.99,,In stock,,,"https://www.safcodental.com/media/catalog/product/d/r/drccz.jpg?width=265&height=265&canvas=265,265&optimize=medium&fit=bounds","[""https://www.safcodental.com/media/catalog/product/d/r/drccz.jpg?optimize=medium&fit=bounds&height=700&width=700&canvas=700:700"", ""https://www.safcodental.com/media/catalog/product/d/r/drccz.jpg?optimize=medium&fit=bounds&height=700&width=700&canvas=700:700""]","[{""name"": ""CaviWipes regular 6\"" x 6-3/4\"" 160/can"", ""url"": ""https://www.safcodental.com/catalog/product/view/id/7330/s/caviwipes-regular-6-x-6-3-4-160-can/""}, {""name"": ""saliva ejectors clear body with blue tip 100/bag"", ""url"": ""https://www.safcodental.com/catalog/product/view/id/25393/s/saliva-ejectors-clear-body-with-blue-tip-100-bag/""}, {""name"": ""Safco lidocaine 2% and epinephrine 1:100,000 (red) 50/box"", ""url"": ""https://www.safcodental.com/catalog/product/view/id/61/s/safco-lidocaine-2-and-epinephrine-1-100-000-red-50-box/""}, {""name"": ""saliva ejectors white body with white tip 100/bag"", ""url"": ""https://www.safcodental.com/catalog/product/view/id/25396/s/saliva-ejectors-white-body-with-white-tip-100-bag/""}, {""name"": ""Safco DuraSoft latex gloves small 100/box"", ""url"": ""https://www.safcodental.com/catalog/product/view/id/50917/s/safco-durasoft-latex-gloves-small-100-box/""}, {""name"": ""Safco oral evacuators white 50/bag"", ""url"": ""https://www.safcodental.com/catalog/product/view/id/7198/s/safco-oral-evacuators-white-50-bag/""}, {""name"": ""Nitrilex Surpass nitrile gloves small 300/box"", ""url"": ""https://www.safcodental.com/catalog/product/view/id/56422/s/nitrilex-surpass-nitrile-gloves-small-300-box/""}, {""name"": ""Safco DuraSoft latex gloves medium 100/box"", ""url"": ""https://www.safcodental.com/catalog/product/view/id/50920/s/safco-durasoft-latex-gloves-medium-100-box/""}, {""name"": ""Pure 100% cotton non-woven sponges 2\"" x 2\"", sleeve of 200"", ""url"": ""https://www.safcodental.com/catalog/product/view/id/42178/s/pure-100-cotton-non-woven-sponges-2-x-2-sleeve-of-200/""}, {""name"": ""Nitrilex Surpass nitrile gloves medium 300/box"", ""url"": ""https://www.safcodental.com/catalog/product/view/id/56425/s/nitrilex-surpass-nitrile-gloves-medium-300-box/""}]","EXAM,GLOVES,PPE,PPE25,313028060,313028070,313028080,313028090,313028100",95983,,2026-04-30T02:18:04.855760+00:00,selectors
134,Microflex 92-134,Ansell,"3891043, 3891046, 3891049, 3891052, 3891086",Dental Exam Gloves,Nitrile gloves,https://www.safcodental.com/product/microflex-reg-92-134,$8.99,8.99,,In stock,,,"https://www.safcodental.com/media/catalog/product/d/r/drcct.jpg?width=265&height=265&canvas=265,265&optimize=medium&fit=bounds","[""https://www.safcodental.com/media/catalog/product/d/r/drcct.jpg?optimize=medium&fit=bounds&height=700&width=700&canvas=700:700"", ""https://www.safcodental.com/media/catalog/product/d/r/drcct.jpg?optimize=medium&fit=bounds&height=700&width=700&canvas=700:700""]","[{""name"": ""CaviWipes regular 6\"" x 6-3/4\"" 160/can"", ""url"": ""https://www.safcodental.com/catalog/product/view/id/7330/s/caviwipes-regular-6-x-6-3-4-160-can/""}, {""name"": ""saliva ejectors clear body with blue tip 100/bag"", ""url"": ""https://www.safcodental.com/catalog/product/view/id/25393/s/saliva-ejectors-clear-body-with-blue-tip-100-bag/""}, {""name"": ""Safco lidocaine 2% and epinephrine 1:100,000 (red) 50/box"", ""url"": ""https://www.safcodental.com/catalog/product/view/id/61/s/safco-lidocaine-2-and-epinephrine-1-100-000-red-50-box/""}, {""name"": ""saliva ejectors white body with white tip 100/bag"", ""url"": ""https://www.safcodental.com/catalog/product/view/id/25396/s/saliva-ejectors-white-body-with-white-tip-100-bag/""}, {""name"": ""Safco DuraSoft latex gloves small 100/box"", ""url"": ""https://www.safcodental.com/catalog/product/view/id/50917/s/safco-durasoft-latex-gloves-small-100-box/""}, {""name"": ""Safco oral evacuators white 50/bag"", ""url"": ""https://www.safcodental.com/catalog/product/view/id/7198/s/safco-oral-evacuators-white-50-bag/""}, {""name"": ""Nitrilex Surpass nitrile gloves small 300/box"", ""url"": ""https://www.safcodental.com/catalog/product/view/id/56422/s/nitrilex-surpass-nitrile-gloves-small-300-box/""}, {""name"": ""Safco DuraSoft latex gloves medium 100/box"", ""url"": ""https://www.safcodental.com/catalog/product/view/id/50920/s/safco-durasoft-latex-gloves-medium-100-box/""}, {""name"": ""Pure 100% cotton non-woven sponges 2\"" x 2\"", sleeve of 200"", ""url"": ""https://www.safcodental.com/catalog/product/view/id/42178/s/pure-100-cotton-non-woven-sponges-2-x-2-sleeve-of-200/""}, {""name"": ""Nitrilex Surpass nitrile gloves medium 300/box"", ""url"": ""https://www.safcodental.com/catalog/product/view/id/56425/s/nitrilex-surpass-nitrile-gloves-medium-300-box/""}]","EXAM,GLOVES,PPE,PPE25,92134070,92134080,92134090,92134100,PPE,PPE25,92134060",95965,,2026-04-30T02:18:13.564857+00:00,selectors
135,Pulse LOGIC,Innovative Healthcare,"DRCCF, 5380301, 538-0301, 5380303, 538-0303, 5380305, 538-0305, 5380307, 538-0307",Dental Exam Gloves,Nitrile gloves,https://www.safcodental.com/product/pulse-reg-logic-trade,$17.49,17.49,,In stock,,,"https://www.safcodental.com/media/catalog/product/d/r/drccf.jpg?width=265&height=265&canvas=265,265&optimize=medium&fit=bounds","[""https://www.safcodental.com/media/catalog/product/d/r/drccf.jpg?optimize=medium&fit=bounds&height=700&width=700&canvas=700:700"", ""https://www.safcodental.com/media/catalog/product/d/r/drccf.jpg?optimize=medium&fit=bounds&height=700&width=700&canvas=700:700""]","[{""name"": ""CaviWipes regular 6\"" x 6-3/4\"" 160/can"", ""url"": ""https://www.safcodental.com/catalog/product/view/id/7330/s/caviwipes-regular-6-x-6-3-4-160-can/""}, {""name"": ""saliva ejectors clear body with blue tip 100/bag"", ""url"": ""https://www.safcodental.com/catalog/product/view/id/25393/s/saliva-ejectors-clear-body-with-blue-tip-100-bag/""}, {""name"": ""Safco lidocaine 2% and epinephrine 1:100,000 (red) 50/box"", ""url"": ""https://www.safcodental.com/catalog/product/view/id/61/s/safco-lidocaine-2-and-epinephrine-1-100-000-red-50-box/""}, {""name"": ""saliva ejectors white body with white tip 100/bag"", ""url"": ""https://www.safcodental.com/catalog/product/view/id/25396/s/saliva-ejectors-white-body-with-white-tip-100-bag/""}, {""name"": ""Safco DuraSoft latex gloves small 100/box"", ""url"": ""https://www.safcodental.com/catalog/product/view/id/50917/s/safco-durasoft-latex-gloves-small-100-box/""}, {""name"": ""Safco oral evacuators white 50/bag"", ""url"": ""https://www.safcodental.com/catalog/product/view/id/7198/s/safco-oral-evacuators-white-50-bag/""}, {""name"": ""Nitrilex Surpass nitrile gloves small 300/box"", ""url"": ""https://www.safcodental.com/catalog/product/view/id/56422/s/nitrilex-surpass-nitrile-gloves-small-300-box/""}, {""name"": ""Safco DuraSoft latex gloves medium 100/box"", ""url"": ""https://www.safcodental.com/catalog/product/view/id/50920/s/safco-durasoft-latex-gloves-medium-100-box/""}, {""name"": ""Pure 100% cotton non-woven sponges 2\"" x 2\"", sleeve of 200"", ""url"": ""https://www.safcodental.com/catalog/product/view/id/42178/s/pure-100-cotton-non-woven-sponges-2-x-2-sleeve-of-200/""}, {""name"": ""Nitrilex Surpass nitrile gloves medium 300/box"", ""url"": ""https://www.safcodental.com/catalog/product/view/id/56425/s/nitrilex-surpass-nitrile-gloves-medium-300-box/""}]","EXAM,GLOVES,PPE,PPE25,173050,173100,173200,173300",95926,,2026-04-30T02:18:21.957554+00:00,selectors
136,Microflex MidKnight,Ansell,"DRCBZ, 4751301, 475-1301, 4751305, 475-1305, 4751307, 475-1307",Dental Exam Gloves,Nitrile gloves,https://www.safcodental.com/product/microflex-reg-midknight-reg,$17.99,17.99,,In stock,,,"https://www.safcodental.com/media/catalog/product/d/r/drcbz.jpg?width=265&height=265&canvas=265,265&optimize=medium&fit=bounds","[""https://www.safcodental.com/media/catalog/product/d/r/drcbz.jpg?optimize=medium&fit=bounds&height=700&width=700&canvas=700:700"", ""https://www.safcodental.com/media/catalog/product/d/r/drcbz.jpg?optimize=medium&fit=bounds&height=700&width=700&canvas=700:700""]","[{""name"": ""CaviWipes regular 6\"" x 6-3/4\"" 160/can"", ""url"": ""https://www.safcodental.com/catalog/product/view/id/7330/s/caviwipes-regular-6-x-6-3-4-160-can/""}, {""name"": ""saliva ejectors clear body with blue tip 100/bag"", ""url"": ""https://www.safcodental.com/catalog/product/view/id/25393/s/saliva-ejectors-clear-body-with-blue-tip-100-bag/""}, {""name"": ""Safco lidocaine 2% and epinephrine 1:100,000 (red) 50/box"", ""url"": ""https://www.safcodental.com/catalog/product/view/id/61/s/safco-lidocaine-2-and-epinephrine-1-100-000-red-50-box/""}, {""name"": ""saliva ejectors white body with white tip 100/bag"", ""url"": ""https://www.safcodental.com/catalog/product/view/id/25396/s/saliva-ejectors-white-body-with-white-tip-100-bag/""}, {""name"": ""Safco DuraSoft latex gloves small 100/box"", ""url"": ""https://www.safcodental.com/catalog/product/view/id/50917/s/safco-durasoft-latex-gloves-small-100-box/""}, {""name"": ""Safco oral evacuators white 50/bag"", ""url"": ""https://www.safcodental.com/catalog/product/view/id/7198/s/safco-oral-evacuators-white-50-bag/""}, {""name"": ""Nitrilex Surpass nitrile gloves small 300/box"", ""url"": ""https://www.safcodental.com/catalog/product/view/id/56422/s/nitrilex-surpass-nitrile-gloves-small-300-box/""}, {""name"": ""Safco DuraSoft latex gloves medium 100/box"", ""url"": ""https://www.safcodental.com/catalog/product/view/id/50920/s/safco-durasoft-latex-gloves-medium-100-box/""}, {""name"": ""Pure 100% cotton non-woven sponges 2\"" x 2\"", sleeve of 200"", ""url"": ""https://www.safcodental.com/catalog/product/view/id/42178/s/pure-100-cotton-non-woven-sponges-2-x-2-sleeve-of-200/""}, {""name"": ""Nitrilex Surpass nitrile gloves medium 300/box"", ""url"": ""https://www.safcodental.com/catalog/product/view/id/56425/s/nitrilex-surpass-nitrile-gloves-medium-300-box/""}]","BLACK,EXAM,GLOVES,PPE,PPE25,MK-296-XS,MK-296-M,MK-296-L",95914,,2026-04-30T02:18:30.681026+00:00,selectors
137,Pulse Nitrile,Innovative Healthcare,"DRCBQ, 5380202, 538-0202, 5380204, 538-0204, 5380206, 538-0206, 5380208, 538-0208, 5380210, 538-0210",Dental Exam Gloves,Nitrile gloves,https://www.safcodental.com/product/pulse-nitrile,$13.99,13.99,,In stock,Powder-free nitrile exam gloves.,,"https://www.safcodental.com/media/catalog/product/d/r/drcbq.jpg?width=265&height=265&canvas=265,265&optimize=medium&fit=bounds","[""https://www.safcodental.com/media/catalog/product/d/r/drcbq.jpg?width=265&height=265&canvas=265,265&optimize=medium&fit=bounds"", ""https://www.safcodental.com/media/catalog/product/d/r/drcbq.jpg?width=75&height=75&canvas=75,75&optimize=medium&fit=bounds""]","[{""name"": ""CaviWipes regular 6\"" x 6-3/4\"" 160/can"", ""url"": ""https://www.safcodental.com/catalog/product/view/id/7330/s/caviwipes-regular-6-x-6-3-4-160-can/""}, {""name"": ""saliva ejectors clear body with blue tip 100/bag"", ""url"": ""https://www.safcodental.com/catalog/product/view/id/25393/s/saliva-ejectors-clear-body-with-blue-tip-100-bag/""}, {""name"": ""Safco lidocaine 2% and epinephrine 1:100,000 (red) 50/box"", ""url"": ""https://www.safcodental.com/catalog/product/view/id/61/s/safco-lidocaine-2-and-epinephrine-1-100-000-red-50-box/""}, {""name"": ""saliva ejectors white body with white tip 100/bag"", ""url"": ""https://www.safcodental.com/catalog/product/view/id/25396/s/saliva-ejectors-white-body-with-white-tip-100-bag/""}, {""name"": ""Safco DuraSoft latex gloves small 100/box"", ""url"": ""https://www.safcodental.com/catalog/product/view/id/50917/s/safco-durasoft-latex-gloves-small-100-box/""}, {""name"": ""Safco oral evacuators white 50/bag"", ""url"": ""https://www.safcodental.com/catalog/product/view/id/7198/s/safco-oral-evacuators-white-50-bag/""}, {""name"": ""Nitrilex Surpass nitrile gloves small 300/box"", ""url"": ""https://www.safcodental.com/catalog/product/view/id/56422/s/nitrilex-surpass-nitrile-gloves-small-300-box/""}, {""name"": ""Safco DuraSoft latex gloves medium 100/box"", ""url"": ""https://www.safcodental.com/catalog/product/view/id/50920/s/safco-durasoft-latex-gloves-medium-100-box/""}, {""name"": ""Pure 100% cotton non-woven sponges 2\"" x 2\"", sleeve of 200"", ""url"": ""https://www.safcodental.com/catalog/product/view/id/42178/s/pure-100-cotton-non-woven-sponges-2-x-2-sleeve-of-200/""}, {""name"": ""Nitrilex Surpass nitrile gloves medium 300/box"", ""url"": ""https://www.safcodental.com/catalog/product/view/id/56425/s/nitrilex-surpass-nitrile-gloves-medium-300-box/""}]","EXAM,GLOVES,PPE,PPE25,177052,177102,177202,177302,177352",95890,,2026-04-30T04:32:52.440669+00:00,selectors
138,Halo,Dash,"DRCBK, 4681005, 468-1005, 4681008, 468-1008, 4681012, 468-1012",Dental Exam Gloves,Nitrile gloves,https://www.safcodental.com/product/halo-trade,$11.49,11.49,,In stock,Powder-free nitrile exam gloves.,,"https://www.safcodental.com/media/catalog/product/d/r/drcbk.jpg?width=265&height=265&canvas=265,265&optimize=medium&fit=bounds","[""https://www.safcodental.com/media/catalog/product/d/r/drcbk.jpg?width=265&height=265&canvas=265,265&optimize=medium&fit=bounds"", ""https://www.safcodental.com/media/catalog/product/d/r/drcbk.jpg?width=75&height=75&canvas=75,75&optimize=medium&fit=bounds""]","[{""name"": ""CaviWipes regular 6\"" x 6-3/4\"" 160/can"", ""url"": ""https://www.safcodental.com/catalog/product/view/id/7330/s/caviwipes-regular-6-x-6-3-4-160-can/""}, {""name"": ""saliva ejectors clear body with blue tip 100/bag"", ""url"": ""https://www.safcodental.com/catalog/product/view/id/25393/s/saliva-ejectors-clear-body-with-blue-tip-100-bag/""}, {""name"": ""Safco lidocaine 2% and epinephrine 1:100,000 (red) 50/box"", ""url"": ""https://www.safcodental.com/catalog/product/view/id/61/s/safco-lidocaine-2-and-epinephrine-1-100-000-red-50-box/""}, {""name"": ""saliva ejectors white body with white tip 100/bag"", ""url"": ""https://www.safcodental.com/catalog/product/view/id/25396/s/saliva-ejectors-white-body-with-white-tip-100-bag/""}, {""name"": ""Safco DuraSoft latex gloves small 100/box"", ""url"": ""https://www.safcodental.com/catalog/product/view/id/50917/s/safco-durasoft-latex-gloves-small-100-box/""}, {""name"": ""Safco oral evacuators white 50/bag"", ""url"": ""https://www.safcodental.com/catalog/product/view/id/7198/s/safco-oral-evacuators-white-50-bag/""}, {""name"": ""Nitrilex Surpass nitrile gloves small 300/box"", ""url"": ""https://www.safcodental.com/catalog/product/view/id/56422/s/nitrilex-surpass-nitrile-gloves-small-300-box/""}, {""name"": ""Safco DuraSoft latex gloves medium 100/box"", ""url"": ""https://www.safcodental.com/catalog/product/view/id/50920/s/safco-durasoft-latex-gloves-medium-100-box/""}, {""name"": ""Pure 100% cotton non-woven sponges 2\"" x 2\"", sleeve of 200"", ""url"": ""https://www.safcodental.com/catalog/product/view/id/42178/s/pure-100-cotton-non-woven-sponges-2-x-2-sleeve-of-200/""}, {""name"": ""Nitrilex Surpass nitrile gloves medium 300/box"", ""url"": ""https://www.safcodental.com/catalog/product/view/id/56425/s/nitrilex-surpass-nitrile-gloves-medium-300-box/""}]","EXAM,FREE,GLOVES,LATEX,NON,PPE,PPE25,HAL100S,HAL100M,HAL100L",95875,,2026-04-30T04:32:56.627974+00:00,selectors
139,Alasta White,Dash,"DRCBH, 4680902, 468-0902, 4680907, 468-0907, 4680911, 468-0911, 4680915, 468-0915",Dental Exam Gloves,Nitrile gloves,https://www.safcodental.com/product/alasta-sup-reg-sup-white,$10.99,10.99,,In stock,Powder-free nitrile exam gloves. Soft fit gloves with a textured finish for comfort and control. Textured fingertip finish Beaded cuff Non-chlorinated Ambidextrous White color Thickness: at palm 3.1 mils; at fingertip 3.9 mils 100 gloves per box Order 10 boxes to purchase a case,,"https://www.safcodental.com/media/catalog/product/d/r/drcbh.jpg?width=265&height=265&canvas=265,265&optimize=medium&fit=bounds","[""https://www.safcodental.com/media/catalog/product/d/r/drcbh.jpg?width=265&height=265&canvas=265,265&optimize=medium&fit=bounds"", ""https://www.safcodental.com/media/catalog/product/d/r/drcbh.jpg?width=75&height=75&canvas=75,75&optimize=medium&fit=bounds""]","[{""name"": ""CaviWipes regular 6\"" x 6-3/4\"" 160/can"", ""url"": ""https://www.safcodental.com/catalog/product/view/id/7330/s/caviwipes-regular-6-x-6-3-4-160-can/""}, {""name"": ""saliva ejectors clear body with blue tip 100/bag"", ""url"": ""https://www.safcodental.com/catalog/product/view/id/25393/s/saliva-ejectors-clear-body-with-blue-tip-100-bag/""}, {""name"": ""Safco lidocaine 2% and epinephrine 1:100,000 (red) 50/box"", ""url"": ""https://www.safcodental.com/catalog/product/view/id/61/s/safco-lidocaine-2-and-epinephrine-1-100-000-red-50-box/""}, {""name"": ""saliva ejectors white body with white tip 100/bag"", ""url"": ""https://www.safcodental.com/catalog/product/view/id/25396/s/saliva-ejectors-white-body-with-white-tip-100-bag/""}, {""name"": ""Safco DuraSoft latex gloves small 100/box"", ""url"": ""https://www.safcodental.com/catalog/product/view/id/50917/s/safco-durasoft-latex-gloves-small-100-box/""}, {""name"": ""Safco oral evacuators white 50/bag"", ""url"": ""https://www.safcodental.com/catalog/product/view/id/7198/s/safco-oral-evacuators-white-50-bag/""}, {""name"": ""Nitrilex Surpass nitrile gloves small 300/box"", ""url"": ""https://www.safcodental.com/catalog/product/view/id/56422/s/nitrilex-surpass-nitrile-gloves-small-300-box/""}, {""name"": ""Safco DuraSoft latex gloves medium 100/box"", ""url"": ""https://www.safcodental.com/catalog/product/view/id/50920/s/safco-durasoft-latex-gloves-medium-100-box/""}, {""name"": ""Pure 100% cotton non-woven sponges 2\"" x 2\"", sleeve of 200"", ""url"": ""https://www.safcodental.com/catalog/product/view/id/42178/s/pure-100-cotton-non-woven-sponges-2-x-2-sleeve-of-200/""}, {""name"": ""Nitrilex Surpass nitrile gloves medium 300/box"", ""url"": ""https://www.safcodental.com/catalog/product/view/id/56425/s/nitrilex-surpass-nitrile-gloves-medium-300-box/""}]","EXAM,FREE,GLOVES,LATEX,NON,PPE,PPE25,AW100XS,AW100S,AW100M,AW100L",95866,,2026-04-30T04:33:00.954930+00:00,selectors
140,Hu-Friedy nitrile utility gloves,Hu-Friedy,"3920131, 3920211, 3920213, 3920366",Dental Exam Gloves,Nitrile gloves,https://www.safcodental.com/product/hu-friedy-nitrile-utility-gloves,$22.99,22.99,,In stock,Nitrile flock-lined utility gloves.,,"https://www.safcodental.com/media/catalog/product/d/r/drcbg.jpg?width=265&height=265&canvas=265,265&optimize=medium&fit=bounds","[""https://www.safcodental.com/media/catalog/product/d/r/drcbg.jpg?width=265&height=265&canvas=265,265&optimize=medium&fit=bounds"", ""https://www.safcodental.com/media/catalog/product/d/r/drcbg.jpg?width=75&height=75&canvas=75,75&optimize=medium&fit=bounds""]","[{""name"": ""CaviWipes regular 6\"" x 6-3/4\"" 160/can"", ""url"": ""https://www.safcodental.com/catalog/product/view/id/7330/s/caviwipes-regular-6-x-6-3-4-160-can/""}, {""name"": ""saliva ejectors clear body with blue tip 100/bag"", ""url"": ""https://www.safcodental.com/catalog/product/view/id/25393/s/saliva-ejectors-clear-body-with-blue-tip-100-bag/""}, {""name"": ""Safco lidocaine 2% and epinephrine 1:100,000 (red) 50/box"", ""url"": ""https://www.safcodental.com/catalog/product/view/id/61/s/safco-lidocaine-2-and-epinephrine-1-100-000-red-50-box/""}, {""name"": ""saliva ejectors white body with white tip 100/bag"", ""url"": ""https://www.safcodental.com/catalog/product/view/id/25396/s/saliva-ejectors-white-body-with-white-tip-100-bag/""}, {""name"": ""Safco DuraSoft latex gloves small 100/box"", ""url"": ""https://www.safcodental.com/catalog/product/view/id/50917/s/safco-durasoft-latex-gloves-small-100-box/""}, {""name"": ""Safco oral evacuators white 50/bag"", ""url"": ""https://www.safcodental.com/catalog/product/view/id/7198/s/safco-oral-evacuators-white-50-bag/""}, {""name"": ""Nitrilex Surpass nitrile gloves small 300/box"", ""url"": ""https://www.safcodental.com/catalog/product/view/id/56422/s/nitrilex-surpass-nitrile-gloves-small-300-box/""}, {""name"": ""Safco DuraSoft latex gloves medium 100/box"", ""url"": ""https://www.safcodental.com/catalog/product/view/id/50920/s/safco-durasoft-latex-gloves-medium-100-box/""}, {""name"": ""Pure 100% cotton non-woven sponges 2\"" x 2\"", sleeve of 200"", ""url"": ""https://www.safcodental.com/catalog/product/view/id/42178/s/pure-100-cotton-non-woven-sponges-2-x-2-sleeve-of-200/""}, {""name"": ""Nitrilex Surpass nitrile gloves medium 300/box"", ""url"": ""https://www.safcodental.com/catalog/product/view/id/56425/s/nitrilex-surpass-nitrile-gloves-medium-300-box/""}]","EXAM,FREE,GLOVES,LATEX,NON,PPE,PPE25,40-062,40-060,40-064,40-066",95863,,2026-04-30T04:33:05.471014+00:00,selectors
141,BeeSure Slim Nitrile,EcoBee,"4711502, 4711510, 4711517, 4711525",Dental Exam Gloves,Nitrile gloves,https://www.safcodental.com/product/beesure-reg-slim-trade-nitrile,$15.29,15.29,,In stock,"Powder-free nitrile exam gloves. Ultrathin, ultrasoft formulation for latex-like comfort and tactile sensitivity. Textured fingertip finish Beaded cuff Non-chlorinated Ambidextrous White color Thickness: at palm 2.5 mils; at fingertip 3 mils 200 gloves per box Order 10 boxes to purchase a case",,"https://www.safcodental.com/media/catalog/product/d/r/drcbd.jpg?width=265&height=265&canvas=265,265&optimize=medium&fit=bounds","[""https://www.safcodental.com/media/catalog/product/d/r/drcbd.jpg?width=265&height=265&canvas=265,265&optimize=medium&fit=bounds"", ""https://www.safcodental.com/media/catalog/product/d/r/drcbd.jpg?width=75&height=75&canvas=75,75&optimize=medium&fit=bounds""]","[{""name"": ""CaviWipes regular 6\"" x 6-3/4\"" 160/can"", ""url"": ""https://www.safcodental.com/catalog/product/view/id/7330/s/caviwipes-regular-6-x-6-3-4-160-can/""}, {""name"": ""saliva ejectors clear body with blue tip 100/bag"", ""url"": ""https://www.safcodental.com/catalog/product/view/id/25393/s/saliva-ejectors-clear-body-with-blue-tip-100-bag/""}, {""name"": ""Safco lidocaine 2% and epinephrine 1:100,000 (red) 50/box"", ""url"": ""https://www.safcodental.com/catalog/product/view/id/61/s/safco-lidocaine-2-and-epinephrine-1-100-000-red-50-box/""}, {""name"": ""saliva ejectors white body with white tip 100/bag"", ""url"": ""https://www.safcodental.com/catalog/product/view/id/25396/s/saliva-ejectors-white-body-with-white-tip-100-bag/""}, {""name"": ""Safco DuraSoft latex gloves small 100/box"", ""url"": ""https://www.safcodental.com/catalog/product/view/id/50917/s/safco-durasoft-latex-gloves-small-100-box/""}, {""name"": ""Safco oral evacuators white 50/bag"", ""url"": ""https://www.safcodental.com/catalog/product/view/id/7198/s/safco-oral-evacuators-white-50-bag/""}, {""name"": ""Nitrilex Surpass nitrile gloves small 300/box"", ""url"": ""https://www.safcodental.com/catalog/product/view/id/56422/s/nitrilex-surpass-nitrile-gloves-small-300-box/""}, {""name"": ""Safco DuraSoft latex gloves medium 100/box"", ""url"": ""https://www.safcodental.com/catalog/product/view/id/50920/s/safco-durasoft-latex-gloves-medium-100-box/""}, {""name"": ""Pure 100% cotton non-woven sponges 2\"" x 2\"", sleeve of 200"", ""url"": ""https://www.safcodental.com/catalog/product/view/id/42178/s/pure-100-cotton-non-woven-sponges-2-x-2-sleeve-of-200/""}, {""name"": ""Nitrilex Surpass nitrile gloves medium 300/box"", ""url"": ""https://www.safcodental.com/catalog/product/view/id/56425/s/nitrilex-surpass-nitrile-gloves-medium-300-box/""}]","BEE,ECOFRIENDLY,EXAM,FREE,GLOVES,LATEX,NON,PPE,PPE25,BE1125,BE1126,BE1127,BE1128",95857,,2026-04-30T04:33:09.757765+00:00,selectors
142,Micro-Touch Nitrile,Ansell,"3890635, 3890642, 3890650, 3890654",Dental Exam Gloves,Nitrile gloves,https://www.safcodental.com/product/micro-touch-reg-nitrile,$19.49,19.49,,In stock,Powder-free nitrile exam gloves. Advanced stretch formulation for ultimate comfort and fit. Textured fingertips finish Beaded cuff Chlorinated Ambidextrous Blue color Thickness: at palm 2.4 mils; at fingertip 3.1 mils 200 gloves per box Order 10 boxes to purchase a case,,"https://www.safcodental.com/media/catalog/product/d/r/drcap.jpg?width=265&height=265&canvas=265,265&optimize=medium&fit=bounds","[""https://www.safcodental.com/media/catalog/product/d/r/drcap.jpg?width=265&height=265&canvas=265,265&optimize=medium&fit=bounds"", ""https://www.safcodental.com/media/catalog/product/d/r/drcap.jpg?width=75&height=75&canvas=75,75&optimize=medium&fit=bounds""]","[{""name"": ""CaviWipes regular 6\"" x 6-3/4\"" 160/can"", ""url"": ""https://www.safcodental.com/catalog/product/view/id/7330/s/caviwipes-regular-6-x-6-3-4-160-can/""}, {""name"": ""saliva ejectors clear body with blue tip 100/bag"", ""url"": ""https://www.safcodental.com/catalog/product/view/id/25393/s/saliva-ejectors-clear-body-with-blue-tip-100-bag/""}, {""name"": ""Safco lidocaine 2% and epinephrine 1:100,000 (red) 50/box"", ""url"": ""https://www.safcodental.com/catalog/product/view/id/61/s/safco-lidocaine-2-and-epinephrine-1-100-000-red-50-box/""}, {""name"": ""saliva ejectors white body with white tip 100/bag"", ""url"": ""https://www.safcodental.com/catalog/product/view/id/25396/s/saliva-ejectors-white-body-with-white-tip-100-bag/""}, {""name"": ""Safco DuraSoft latex gloves small 100/box"", ""url"": ""https://www.safcodental.com/catalog/product/view/id/50917/s/safco-durasoft-latex-gloves-small-100-box/""}, {""name"": ""Safco oral evacuators white 50/bag"", ""url"": ""https://www.safcodental.com/catalog/product/view/id/7198/s/safco-oral-evacuators-white-50-bag/""}, {""name"": ""Nitrilex Surpass nitrile gloves small 300/box"", ""url"": ""https://www.safcodental.com/catalog/product/view/id/56422/s/nitrilex-surpass-nitrile-gloves-small-300-box/""}, {""name"": ""Safco DuraSoft latex gloves medium 100/box"", ""url"": ""https://www.safcodental.com/catalog/product/view/id/50920/s/safco-durasoft-latex-gloves-medium-100-box/""}, {""name"": ""Pure 100% cotton non-woven sponges 2\"" x 2\"", sleeve of 200"", ""url"": ""https://www.safcodental.com/catalog/product/view/id/42178/s/pure-100-cotton-non-woven-sponges-2-x-2-sleeve-of-200/""}, {""name"": ""Nitrilex Surpass nitrile gloves medium 300/box"", ""url"": ""https://www.safcodental.com/catalog/product/view/id/56425/s/nitrilex-surpass-nitrile-gloves-medium-300-box/""}]","EXAM,FREE,GLOVES,LATEX,NON,PPE,PPE25,6034300,6034301,6034302,6034303",95830,,2026-04-30T04:33:14.021636+00:00,selectors
143,Microflex TQ-601 Soft White Nitrile,Ansell,"4751016, 4751024, 4751032, 4751034",Dental Exam Gloves,Nitrile gloves,https://www.safcodental.com/product/microflex-reg-tq-601-soft-white-nitrile,$11.49,11.49,,In stock,Powder-free nitrile exam gloves. Patented Hydrasoft™ technology allows skin to retain more moisture. Textured fingertip finish Beaded cuff Chlorinated Ambidextrous White color Thickness: at palm 2.6 mils; at fingertip 3.7 mils 100 gloves per box Order 10 boxes to purchase a case,,"https://www.safcodental.com/media/catalog/product/d/r/drcao.jpg?width=265&height=265&canvas=265,265&optimize=medium&fit=bounds","[""https://www.safcodental.com/media/catalog/product/d/r/drcao.jpg?width=265&height=265&canvas=265,265&optimize=medium&fit=bounds"", ""https://www.safcodental.com/media/catalog/product/d/r/drcao.jpg?width=75&height=75&canvas=75,75&optimize=medium&fit=bounds""]","[{""name"": ""CaviWipes regular 6\"" x 6-3/4\"" 160/can"", ""url"": ""https://www.safcodental.com/catalog/product/view/id/7330/s/caviwipes-regular-6-x-6-3-4-160-can/""}, {""name"": ""saliva ejectors clear body with blue tip 100/bag"", ""url"": ""https://www.safcodental.com/catalog/product/view/id/25393/s/saliva-ejectors-clear-body-with-blue-tip-100-bag/""}, {""name"": ""Safco lidocaine 2% and epinephrine 1:100,000 (red) 50/box"", ""url"": ""https://www.safcodental.com/catalog/product/view/id/61/s/safco-lidocaine-2-and-epinephrine-1-100-000-red-50-box/""}, {""name"": ""saliva ejectors white body with white tip 100/bag"", ""url"": ""https://www.safcodental.com/catalog/product/view/id/25396/s/saliva-ejectors-white-body-with-white-tip-100-bag/""}, {""name"": ""Safco DuraSoft latex gloves small 100/box"", ""url"": ""https://www.safcodental.com/catalog/product/view/id/50917/s/safco-durasoft-latex-gloves-small-100-box/""}, {""name"": ""Safco oral evacuators white 50/bag"", ""url"": ""https://www.safcodental.com/catalog/product/view/id/7198/s/safco-oral-evacuators-white-50-bag/""}, {""name"": ""Nitrilex Surpass nitrile gloves small 300/box"", ""url"": ""https://www.safcodental.com/catalog/product/view/id/56422/s/nitrilex-surpass-nitrile-gloves-small-300-box/""}, {""name"": ""Safco DuraSoft latex gloves medium 100/box"", ""url"": ""https://www.safcodental.com/catalog/product/view/id/50920/s/safco-durasoft-latex-gloves-medium-100-box/""}, {""name"": ""Pure 100% cotton non-woven sponges 2\"" x 2\"", sleeve of 200"", ""url"": ""https://www.safcodental.com/catalog/product/view/id/42178/s/pure-100-cotton-non-woven-sponges-2-x-2-sleeve-of-200/""}, {""name"": ""Nitrilex Surpass nitrile gloves medium 300/box"", ""url"": ""https://www.safcodental.com/catalog/product/view/id/56425/s/nitrilex-surpass-nitrile-gloves-medium-300-box/""}]","EXAM,FREE,GLOVES,LATEX,NON,PPE,PPE25,TQ-601-S,TQ-601-M,TQ-601-L,EXAM,GLOVES,PPE,PPE25,TQ-601-XL",95827,,2026-04-30T04:33:18.289793+00:00,selectors
144,NitriDerm Ultra White,Innovative Healthcare,"5380110, 5380126, 5380133, 5380145",Dental Exam Gloves,Nitrile gloves,https://www.safcodental.com/product/nitriderm-reg-ultra-white,$7.99,7.99,,In stock,Powder-free nitrile exam gloves.,,"https://www.safcodental.com/media/catalog/product/d/r/drcah.jpg?width=265&height=265&canvas=265,265&optimize=medium&fit=bounds","[""https://www.safcodental.com/media/catalog/product/d/r/drcah.jpg?width=265&height=265&canvas=265,265&optimize=medium&fit=bounds"", ""https://www.safcodental.com/media/catalog/product/d/r/drcah.jpg?width=75&height=75&canvas=75,75&optimize=medium&fit=bounds""]","[{""name"": ""CaviWipes regular 6\"" x 6-3/4\"" 160/can"", ""url"": ""https://www.safcodental.com/catalog/product/view/id/7330/s/caviwipes-regular-6-x-6-3-4-160-can/""}, {""name"": ""saliva ejectors clear body with blue tip 100/bag"", ""url"": ""https://www.safcodental.com/catalog/product/view/id/25393/s/saliva-ejectors-clear-body-with-blue-tip-100-bag/""}, {""name"": ""Safco lidocaine 2% and epinephrine 1:100,000 (red) 50/box"", ""url"": ""https://www.safcodental.com/catalog/product/view/id/61/s/safco-lidocaine-2-and-epinephrine-1-100-000-red-50-box/""}, {""name"": ""saliva ejectors white body with white tip 100/bag"", ""url"": ""https://www.safcodental.com/catalog/product/view/id/25396/s/saliva-ejectors-white-body-with-white-tip-100-bag/""}, {""name"": ""Safco DuraSoft latex gloves small 100/box"", ""url"": ""https://www.safcodental.com/catalog/product/view/id/50917/s/safco-durasoft-latex-gloves-small-100-box/""}, {""name"": ""Safco oral evacuators white 50/bag"", ""url"": ""https://www.safcodental.com/catalog/product/view/id/7198/s/safco-oral-evacuators-white-50-bag/""}, {""name"": ""Nitrilex Surpass nitrile gloves small 300/box"", ""url"": ""https://www.safcodental.com/catalog/product/view/id/56422/s/nitrilex-surpass-nitrile-gloves-small-300-box/""}, {""name"": ""Safco DuraSoft latex gloves medium 100/box"", ""url"": ""https://www.safcodental.com/catalog/product/view/id/50920/s/safco-durasoft-latex-gloves-medium-100-box/""}, {""name"": ""Pure 100% cotton non-woven sponges 2\"" x 2\"", sleeve of 200"", ""url"": ""https://www.safcodental.com/catalog/product/view/id/42178/s/pure-100-cotton-non-woven-sponges-2-x-2-sleeve-of-200/""}, {""name"": ""Nitrilex Surpass nitrile gloves medium 300/box"", ""url"": ""https://www.safcodental.com/catalog/product/view/id/56425/s/nitrilex-surpass-nitrile-gloves-medium-300-box/""}]","EXAM,FREE,GLOVES,LATEX,NON,PPE,PPE25,167100,167200,167300,167350",95812,,2026-04-30T04:33:22.625271+00:00,selectors
145,Purple Nitrile,Halyard,"3020151, 3020164, 3020176, 3020180",Dental Exam Gloves,Nitrile gloves,https://www.safcodental.com/product/purple-nitrile,$22.95,22.95,,In stock,Powder-free nitrile exam gloves.,,"https://www.safcodental.com/media/catalog/product/d/r/drcab.jpg?width=265&height=265&canvas=265,265&optimize=medium&fit=bounds","[""https://www.safcodental.com/media/catalog/product/d/r/drcab.jpg?width=265&height=265&canvas=265,265&optimize=medium&fit=bounds"", ""https://www.safcodental.com/media/catalog/product/d/r/drcab.jpg?width=75&height=75&canvas=75,75&optimize=medium&fit=bounds""]","[{""name"": ""CaviWipes regular 6\"" x 6-3/4\"" 160/can"", ""url"": ""https://www.safcodental.com/catalog/product/view/id/7330/s/caviwipes-regular-6-x-6-3-4-160-can/""}, {""name"": ""saliva ejectors clear body with blue tip 100/bag"", ""url"": ""https://www.safcodental.com/catalog/product/view/id/25393/s/saliva-ejectors-clear-body-with-blue-tip-100-bag/""}, {""name"": ""Safco lidocaine 2% and epinephrine 1:100,000 (red) 50/box"", ""url"": ""https://www.safcodental.com/catalog/product/view/id/61/s/safco-lidocaine-2-and-epinephrine-1-100-000-red-50-box/""}, {""name"": ""saliva ejectors white body with white tip 100/bag"", ""url"": ""https://www.safcodental.com/catalog/product/view/id/25396/s/saliva-ejectors-white-body-with-white-tip-100-bag/""}, {""name"": ""Safco DuraSoft latex gloves small 100/box"", ""url"": ""https://www.safcodental.com/catalog/product/view/id/50917/s/safco-durasoft-latex-gloves-small-100-box/""}, {""name"": ""Safco oral evacuators white 50/bag"", ""url"": ""https://www.safcodental.com/catalog/product/view/id/7198/s/safco-oral-evacuators-white-50-bag/""}, {""name"": ""Nitrilex Surpass nitrile gloves small 300/box"", ""url"": ""https://www.safcodental.com/catalog/product/view/id/56422/s/nitrilex-surpass-nitrile-gloves-small-300-box/""}, {""name"": ""Safco DuraSoft latex gloves medium 100/box"", ""url"": ""https://www.safcodental.com/catalog/product/view/id/50920/s/safco-durasoft-latex-gloves-medium-100-box/""}, {""name"": ""Pure 100% cotton non-woven sponges 2\"" x 2\"", sleeve of 200"", ""url"": ""https://www.safcodental.com/catalog/product/view/id/42178/s/pure-100-cotton-non-woven-sponges-2-x-2-sleeve-of-200/""}, {""name"": ""Nitrilex Surpass nitrile gloves medium 300/box"", ""url"": ""https://www.safcodental.com/catalog/product/view/id/56425/s/nitrilex-surpass-nitrile-gloves-medium-300-box/""}]","EXAM,FREE,GLOVES,LATEX,NON,PPE,PPE25,53430,53431,53432,53433",95806,,2026-04-30T04:33:26.981550+00:00,selectors
146,Microflex FreeForm SE,Ansell,"4750527, 4750560, 4750582, 4750593",Dental Exam Gloves,Nitrile gloves,https://www.safcodental.com/product/microflex-reg-freeform-reg-se,$13.99,13.99,,In stock,Powder-free nitrile exam gloves. Textured fingertip finish Beaded cuff Chlorinated Ambidextrous Blue color Polymer coated for easy donning Thickness: at palm 3.9 mils; at fingertip 5.5 mils 100 gloves per box Order 10 boxes to purchase a case,,"https://www.safcodental.com/media/catalog/product/d/r/drcaa.jpg?width=265&height=265&canvas=265,265&optimize=medium&fit=bounds","[""https://www.safcodental.com/media/catalog/product/d/r/drcaa.jpg?width=265&height=265&canvas=265,265&optimize=medium&fit=bounds"", ""https://www.safcodental.com/media/catalog/product/d/r/drcaa.jpg?width=75&height=75&canvas=75,75&optimize=medium&fit=bounds""]","[{""name"": ""CaviWipes regular 6\"" x 6-3/4\"" 160/can"", ""url"": ""https://www.safcodental.com/catalog/product/view/id/7330/s/caviwipes-regular-6-x-6-3-4-160-can/""}, {""name"": ""saliva ejectors clear body with blue tip 100/bag"", ""url"": ""https://www.safcodental.com/catalog/product/view/id/25393/s/saliva-ejectors-clear-body-with-blue-tip-100-bag/""}, {""name"": ""Safco lidocaine 2% and epinephrine 1:100,000 (red) 50/box"", ""url"": ""https://www.safcodental.com/catalog/product/view/id/61/s/safco-lidocaine-2-and-epinephrine-1-100-000-red-50-box/""}, {""name"": ""saliva ejectors white body with white tip 100/bag"", ""url"": ""https://www.safcodental.com/catalog/product/view/id/25396/s/saliva-ejectors-white-body-with-white-tip-100-bag/""}, {""name"": ""Safco DuraSoft latex gloves small 100/box"", ""url"": ""https://www.safcodental.com/catalog/product/view/id/50917/s/safco-durasoft-latex-gloves-small-100-box/""}, {""name"": ""Safco oral evacuators white 50/bag"", ""url"": ""https://www.safcodental.com/catalog/product/view/id/7198/s/safco-oral-evacuators-white-50-bag/""}, {""name"": ""Nitrilex Surpass nitrile gloves small 300/box"", ""url"": ""https://www.safcodental.com/catalog/product/view/id/56422/s/nitrilex-surpass-nitrile-gloves-small-300-box/""}, {""name"": ""Safco DuraSoft latex gloves medium 100/box"", ""url"": ""https://www.safcodental.com/catalog/product/view/id/50920/s/safco-durasoft-latex-gloves-medium-100-box/""}, {""name"": ""Pure 100% cotton non-woven sponges 2\"" x 2\"", sleeve of 200"", ""url"": ""https://www.safcodental.com/catalog/product/view/id/42178/s/pure-100-cotton-non-woven-sponges-2-x-2-sleeve-of-200/""}, {""name"": ""Nitrilex Surpass nitrile gloves medium 300/box"", ""url"": ""https://www.safcodental.com/catalog/product/view/id/56425/s/nitrilex-surpass-nitrile-gloves-medium-300-box/""}]","EXAM,FREE,GLOVES,LATEX,NON,PPE,PPE25,FFS-700-XS,FFS-700-S,FFS-700-M,FFS-700-L,FFS-700-XL",95803,,2026-04-30T04:33:31.355223+00:00,selectors
147,ProDerm,Innovative Healthcare,"DRBBM, 5380003, 538-0003, 5380005, 538-0005, 5380007, 538-0007",Dental Exam Gloves,Latex gloves,https://www.safcodental.com/product/proderm-trade,$9.99,9.99,,In stock,Powder-free latex exam gloves.,,"https://www.safcodental.com/media/catalog/product/d/r/drbbm.jpg?width=265&height=265&canvas=265,265&optimize=medium&fit=bounds","[""https://www.safcodental.com/media/catalog/product/d/r/drbbm.jpg?width=265&height=265&canvas=265,265&optimize=medium&fit=bounds"", ""https://www.safcodental.com/media/catalog/product/d/r/drbbm.jpg?width=75&height=75&canvas=75,75&optimize=medium&fit=bounds""]","[{""name"": ""CaviWipes regular 6\"" x 6-3/4\"" 160/can"", ""url"": ""https://www.safcodental.com/catalog/product/view/id/7330/s/caviwipes-regular-6-x-6-3-4-160-can/""}, {""name"": ""saliva ejectors clear body with blue tip 100/bag"", ""url"": ""https://www.safcodental.com/catalog/product/view/id/25393/s/saliva-ejectors-clear-body-with-blue-tip-100-bag/""}, {""name"": ""Safco lidocaine 2% and epinephrine 1:100,000 (red) 50/box"", ""url"": ""https://www.safcodental.com/catalog/product/view/id/61/s/safco-lidocaine-2-and-epinephrine-1-100-000-red-50-box/""}, {""name"": ""saliva ejectors white body with white tip 100/bag"", ""url"": ""https://www.safcodental.com/catalog/product/view/id/25396/s/saliva-ejectors-white-body-with-white-tip-100-bag/""}, {""name"": ""Safco DuraSoft latex gloves small 100/box"", ""url"": ""https://www.safcodental.com/catalog/product/view/id/50917/s/safco-durasoft-latex-gloves-small-100-box/""}, {""name"": ""Safco oral evacuators white 50/bag"", ""url"": ""https://www.safcodental.com/catalog/product/view/id/7198/s/safco-oral-evacuators-white-50-bag/""}, {""name"": ""Nitrilex Surpass nitrile gloves small 300/box"", ""url"": ""https://www.safcodental.com/catalog/product/view/id/56422/s/nitrilex-surpass-nitrile-gloves-small-300-box/""}, {""name"": ""Safco DuraSoft latex gloves medium 100/box"", ""url"": ""https://www.safcodental.com/catalog/product/view/id/50920/s/safco-durasoft-latex-gloves-medium-100-box/""}, {""name"": ""Pure 100% cotton non-woven sponges 2\"" x 2\"", sleeve of 200"", ""url"": ""https://www.safcodental.com/catalog/product/view/id/42178/s/pure-100-cotton-non-woven-sponges-2-x-2-sleeve-of-200/""}, {""name"": ""Nitrilex Surpass nitrile gloves medium 300/box"", ""url"": ""https://www.safcodental.com/catalog/product/view/id/56425/s/nitrilex-surpass-nitrile-gloves-medium-300-box/""}]","EXAM,GLOVES,PPE25,155050,155100,155200",95788,,2026-04-30T04:33:35.606447+00:00,selectors
148,Polymed,Ventyv,"DRBBL, 5100160, 510-0160, 5100166, 510-0166, 5100169, 510-0169",Dental Exam Gloves,Latex gloves,https://www.safcodental.com/product/polymed-reg,$6.99,6.99,,In stock,Latex powder-free exam gloves.,,"https://www.safcodental.com/media/catalog/product/d/r/drbbl.jpg?width=265&height=265&canvas=265,265&optimize=medium&fit=bounds","[""https://www.safcodental.com/media/catalog/product/d/r/drbbl.jpg?width=265&height=265&canvas=265,265&optimize=medium&fit=bounds"", ""https://www.safcodental.com/media/catalog/product/d/r/drbbl.jpg?width=75&height=75&canvas=75,75&optimize=medium&fit=bounds""]","[{""name"": ""CaviWipes regular 6\"" x 6-3/4\"" 160/can"", ""url"": ""https://www.safcodental.com/catalog/product/view/id/7330/s/caviwipes-regular-6-x-6-3-4-160-can/""}, {""name"": ""saliva ejectors clear body with blue tip 100/bag"", ""url"": ""https://www.safcodental.com/catalog/product/view/id/25393/s/saliva-ejectors-clear-body-with-blue-tip-100-bag/""}, {""name"": ""Safco lidocaine 2% and epinephrine 1:100,000 (red) 50/box"", ""url"": ""https://www.safcodental.com/catalog/product/view/id/61/s/safco-lidocaine-2-and-epinephrine-1-100-000-red-50-box/""}, {""name"": ""saliva ejectors white body with white tip 100/bag"", ""url"": ""https://www.safcodental.com/catalog/product/view/id/25396/s/saliva-ejectors-white-body-with-white-tip-100-bag/""}, {""name"": ""Safco DuraSoft latex gloves small 100/box"", ""url"": ""https://www.safcodental.com/catalog/product/view/id/50917/s/safco-durasoft-latex-gloves-small-100-box/""}, {""name"": ""Safco oral evacuators white 50/bag"", ""url"": ""https://www.safcodental.com/catalog/product/view/id/7198/s/safco-oral-evacuators-white-50-bag/""}, {""name"": ""Nitrilex Surpass nitrile gloves small 300/box"", ""url"": ""https://www.safcodental.com/catalog/product/view/id/56422/s/nitrilex-surpass-nitrile-gloves-small-300-box/""}, {""name"": ""Safco DuraSoft latex gloves medium 100/box"", ""url"": ""https://www.safcodental.com/catalog/product/view/id/50920/s/safco-durasoft-latex-gloves-medium-100-box/""}, {""name"": ""Pure 100% cotton non-woven sponges 2\"" x 2\"", sleeve of 200"", ""url"": ""https://www.safcodental.com/catalog/product/view/id/42178/s/pure-100-cotton-non-woven-sponges-2-x-2-sleeve-of-200/""}, {""name"": ""Nitrilex Surpass nitrile gloves medium 300/box"", ""url"": ""https://www.safcodental.com/catalog/product/view/id/56425/s/nitrilex-surpass-nitrile-gloves-medium-300-box/""}]","EXAM,GLOVES,PPE25,PM101,PM102,PM103,PM104",95785,,2026-04-30T04:33:39.880524+00:00,selectors
149,BeeSure Latex,EcoBee,"DRBBH, 4711402, 471-1402, 4711409, 471-1409, 4711414, 471-1414, 4711420, 471-1420, 4711425, 471-1425",Dental Exam Gloves,Latex gloves,https://www.safcodental.com/product/beesure-reg-latex,$10.99,10.99,,In stock,Powder-free latex exam gloves. Smooth polymer interior coating aids in both moist and dry donning. Micro-textured whole hand finish Beaded cuff Non-chlorinated Ambidextrous 50μg or less of latex protein Natural color Polymer coating for easy donning 100 gloves per box Order 10 boxes to purchase a case,,"https://www.safcodental.com/media/catalog/product/d/r/drbbh.jpg?width=265&height=265&canvas=265,265&optimize=medium&fit=bounds","[""https://www.safcodental.com/media/catalog/product/d/r/drbbh.jpg?width=265&height=265&canvas=265,265&optimize=medium&fit=bounds"", ""https://www.safcodental.com/media/catalog/product/d/r/drbbh.jpg?width=75&height=75&canvas=75,75&optimize=medium&fit=bounds""]","[{""name"": ""CaviWipes regular 6\"" x 6-3/4\"" 160/can"", ""url"": ""https://www.safcodental.com/catalog/product/view/id/7330/s/caviwipes-regular-6-x-6-3-4-160-can/""}, {""name"": ""saliva ejectors clear body with blue tip 100/bag"", ""url"": ""https://www.safcodental.com/catalog/product/view/id/25393/s/saliva-ejectors-clear-body-with-blue-tip-100-bag/""}, {""name"": ""Safco lidocaine 2% and epinephrine 1:100,000 (red) 50/box"", ""url"": ""https://www.safcodental.com/catalog/product/view/id/61/s/safco-lidocaine-2-and-epinephrine-1-100-000-red-50-box/""}, {""name"": ""saliva ejectors white body with white tip 100/bag"", ""url"": ""https://www.safcodental.com/catalog/product/view/id/25396/s/saliva-ejectors-white-body-with-white-tip-100-bag/""}, {""name"": ""Safco DuraSoft latex gloves small 100/box"", ""url"": ""https://www.safcodental.com/catalog/product/view/id/50917/s/safco-durasoft-latex-gloves-small-100-box/""}, {""name"": ""Safco oral evacuators white 50/bag"", ""url"": ""https://www.safcodental.com/catalog/product/view/id/7198/s/safco-oral-evacuators-white-50-bag/""}, {""name"": ""Nitrilex Surpass nitrile gloves small 300/box"", ""url"": ""https://www.safcodental.com/catalog/product/view/id/56422/s/nitrilex-surpass-nitrile-gloves-small-300-box/""}, {""name"": ""Safco DuraSoft latex gloves medium 100/box"", ""url"": ""https://www.safcodental.com/catalog/product/view/id/50920/s/safco-durasoft-latex-gloves-medium-100-box/""}, {""name"": ""Pure 100% cotton non-woven sponges 2\"" x 2\"", sleeve of 200"", ""url"": ""https://www.safcodental.com/catalog/product/view/id/42178/s/pure-100-cotton-non-woven-sponges-2-x-2-sleeve-of-200/""}, {""name"": ""Nitrilex Surpass nitrile gloves medium 300/box"", ""url"": ""https://www.safcodental.com/catalog/product/view/id/56425/s/nitrilex-surpass-nitrile-gloves-medium-300-box/""}]","BEE,ECOFRIENDLY,EXAM,GLOVES,PPE25,SURE,BE2815,BE2816,BE2817,BE2818,BE2819",95779,,2026-04-30T04:33:44.329698+00:00,selectors
150,Blossom,Mexpo,"DRBBE, 5640000, 564-0000, 5640016, 564-0016, 5640024, 564-0024, 5640030, 564-0030, 5640038, 564-0038",Dental Exam Gloves,Latex gloves,https://www.safcodental.com/product/blossom-reg,$8.59,8.59,,In stock,Powder-free latex exam gloves. Textured whole hand finish Beaded cuff Non-chlorinated Ambidextrous No protein claim Natural color Polymer coating for easy donning 100 gloves per box Order 10 boxes to purchase a case,,"https://www.safcodental.com/media/catalog/product/d/r/drbbe.jpg?width=265&height=265&canvas=265,265&optimize=medium&fit=bounds","[""https://www.safcodental.com/media/catalog/product/d/r/drbbe.jpg?width=265&height=265&canvas=265,265&optimize=medium&fit=bounds"", ""https://www.safcodental.com/media/catalog/product/d/r/drbbe.jpg?width=75&height=75&canvas=75,75&optimize=medium&fit=bounds""]","[{""name"": ""CaviWipes regular 6\"" x 6-3/4\"" 160/can"", ""url"": ""https://www.safcodental.com/catalog/product/view/id/7330/s/caviwipes-regular-6-x-6-3-4-160-can/""}, {""name"": ""saliva ejectors clear body with blue tip 100/bag"", ""url"": ""https://www.safcodental.com/catalog/product/view/id/25393/s/saliva-ejectors-clear-body-with-blue-tip-100-bag/""}, {""name"": ""Safco lidocaine 2% and epinephrine 1:100,000 (red) 50/box"", ""url"": ""https://www.safcodental.com/catalog/product/view/id/61/s/safco-lidocaine-2-and-epinephrine-1-100-000-red-50-box/""}, {""name"": ""saliva ejectors white body with white tip 100/bag"", ""url"": ""https://www.safcodental.com/catalog/product/view/id/25396/s/saliva-ejectors-white-body-with-white-tip-100-bag/""}, {""name"": ""Safco DuraSoft latex gloves small 100/box"", ""url"": ""https://www.safcodental.com/catalog/product/view/id/50917/s/safco-durasoft-latex-gloves-small-100-box/""}, {""name"": ""Safco oral evacuators white 50/bag"", ""url"": ""https://www.safcodental.com/catalog/product/view/id/7198/s/safco-oral-evacuators-white-50-bag/""}, {""name"": ""Nitrilex Surpass nitrile gloves small 300/box"", ""url"": ""https://www.safcodental.com/catalog/product/view/id/56422/s/nitrilex-surpass-nitrile-gloves-small-300-box/""}, {""name"": ""Safco DuraSoft latex gloves medium 100/box"", ""url"": ""https://www.safcodental.com/catalog/product/view/id/50920/s/safco-durasoft-latex-gloves-medium-100-box/""}, {""name"": ""Pure 100% cotton non-woven sponges 2\"" x 2\"", sleeve of 200"", ""url"": ""https://www.safcodental.com/catalog/product/view/id/42178/s/pure-100-cotton-non-woven-sponges-2-x-2-sleeve-of-200/""}, {""name"": ""Nitrilex Surpass nitrile gloves medium 300/box"", ""url"": ""https://www.safcodental.com/catalog/product/view/id/56425/s/nitrilex-surpass-nitrile-gloves-medium-300-box/""}]","EXAM,GLOVES,PPE25,BM6225-LTX-PF,BM6226-LTX-PF,BM6227-LTX-PF,BM6228-LTX-PF,BM6229-LTX-PF",95776,,2026-04-30T04:33:48.652605+00:00,selectors
151,VitalGard,Dash,"DRBAZ, 4680631, 468-0631, 4680644, 468-0644, 4680656, 468-0656, 4680663, 468-0663",Dental Exam Gloves,Latex gloves,https://www.safcodental.com/product/vitalgard-reg,$12.49,12.49,,In stock,Powder-free latex exam gloves. Textured whole hand finish Beaded cuff Non-chlorinated Ambidextrous 50μg or less of latex protein Natural color 100 gloves per box Order 10 boxes to purchase a case,,"https://www.safcodental.com/media/catalog/product/d/r/drbaz.jpg?width=265&height=265&canvas=265,265&optimize=medium&fit=bounds","[""https://www.safcodental.com/media/catalog/product/d/r/drbaz.jpg?width=265&height=265&canvas=265,265&optimize=medium&fit=bounds"", ""https://www.safcodental.com/media/catalog/product/d/r/drbaz.jpg?width=75&height=75&canvas=75,75&optimize=medium&fit=bounds""]","[{""name"": ""CaviWipes regular 6\"" x 6-3/4\"" 160/can"", ""url"": ""https://www.safcodental.com/catalog/product/view/id/7330/s/caviwipes-regular-6-x-6-3-4-160-can/""}, {""name"": ""saliva ejectors clear body with blue tip 100/bag"", ""url"": ""https://www.safcodental.com/catalog/product/view/id/25393/s/saliva-ejectors-clear-body-with-blue-tip-100-bag/""}, {""name"": ""Safco lidocaine 2% and epinephrine 1:100,000 (red) 50/box"", ""url"": ""https://www.safcodental.com/catalog/product/view/id/61/s/safco-lidocaine-2-and-epinephrine-1-100-000-red-50-box/""}, {""name"": ""saliva ejectors white body with white tip 100/bag"", ""url"": ""https://www.safcodental.com/catalog/product/view/id/25396/s/saliva-ejectors-white-body-with-white-tip-100-bag/""}, {""name"": ""Safco DuraSoft latex gloves small 100/box"", ""url"": ""https://www.safcodental.com/catalog/product/view/id/50917/s/safco-durasoft-latex-gloves-small-100-box/""}, {""name"": ""Safco oral evacuators white 50/bag"", ""url"": ""https://www.safcodental.com/catalog/product/view/id/7198/s/safco-oral-evacuators-white-50-bag/""}, {""name"": ""Nitrilex Surpass nitrile gloves small 300/box"", ""url"": ""https://www.safcodental.com/catalog/product/view/id/56422/s/nitrilex-surpass-nitrile-gloves-small-300-box/""}, {""name"": ""Safco DuraSoft latex gloves medium 100/box"", ""url"": ""https://www.safcodental.com/catalog/product/view/id/50920/s/safco-durasoft-latex-gloves-medium-100-box/""}, {""name"": ""Pure 100% cotton non-woven sponges 2\"" x 2\"", sleeve of 200"", ""url"": ""https://www.safcodental.com/catalog/product/view/id/42178/s/pure-100-cotton-non-woven-sponges-2-x-2-sleeve-of-200/""}, {""name"": ""Nitrilex Surpass nitrile gloves medium 300/box"", ""url"": ""https://www.safcodental.com/catalog/product/view/id/56425/s/nitrilex-surpass-nitrile-gloves-medium-300-box/""}]","EXAM,GLOVES,PPE25,VPF100XS,VPF100S,VPF100M,VPF100L",95767,,2026-04-30T04:33:53.138856+00:00,selectors
152,Microflex ComfortGrip,Ansell,"DRBAW, 4750952, 475-0952, 4750964, 475-0964, 4750976, 475-0976, 4750980, 475-0980",Dental Exam Gloves,Latex gloves,https://www.safcodental.com/product/microflex-reg-comfortgrip-trade,$12.99,12.99,,In stock,Powder-free latex exam gloves. Medical grade exam glove. Textured whole hand finish Beaded cuff Chlorinated Ambidextrous 50μg or less of latex protein Natural color Polymer coated for easy donning 100 gloves per box Order 10 boxes to purchase a case,,"https://www.safcodental.com/media/catalog/product/d/r/drbaw.jpg?width=265&height=265&canvas=265,265&optimize=medium&fit=bounds","[""https://www.safcodental.com/media/catalog/product/d/r/drbaw.jpg?width=265&height=265&canvas=265,265&optimize=medium&fit=bounds"", ""https://www.safcodental.com/media/catalog/product/d/r/drbaw.jpg?width=75&height=75&canvas=75,75&optimize=medium&fit=bounds""]","[{""name"": ""CaviWipes regular 6\"" x 6-3/4\"" 160/can"", ""url"": ""https://www.safcodental.com/catalog/product/view/id/7330/s/caviwipes-regular-6-x-6-3-4-160-can/""}, {""name"": ""saliva ejectors clear body with blue tip 100/bag"", ""url"": ""https://www.safcodental.com/catalog/product/view/id/25393/s/saliva-ejectors-clear-body-with-blue-tip-100-bag/""}, {""name"": ""Safco lidocaine 2% and epinephrine 1:100,000 (red) 50/box"", ""url"": ""https://www.safcodental.com/catalog/product/view/id/61/s/safco-lidocaine-2-and-epinephrine-1-100-000-red-50-box/""}, {""name"": ""saliva ejectors white body with white tip 100/bag"", ""url"": ""https://www.safcodental.com/catalog/product/view/id/25396/s/saliva-ejectors-white-body-with-white-tip-100-bag/""}, {""name"": ""Safco DuraSoft latex gloves small 100/box"", ""url"": ""https://www.safcodental.com/catalog/product/view/id/50917/s/safco-durasoft-latex-gloves-small-100-box/""}, {""name"": ""Safco oral evacuators white 50/bag"", ""url"": ""https://www.safcodental.com/catalog/product/view/id/7198/s/safco-oral-evacuators-white-50-bag/""}, {""name"": ""Nitrilex Surpass nitrile gloves small 300/box"", ""url"": ""https://www.safcodental.com/catalog/product/view/id/56422/s/nitrilex-surpass-nitrile-gloves-small-300-box/""}, {""name"": ""Safco DuraSoft latex gloves medium 100/box"", ""url"": ""https://www.safcodental.com/catalog/product/view/id/50920/s/safco-durasoft-latex-gloves-medium-100-box/""}, {""name"": ""Pure 100% cotton non-woven sponges 2\"" x 2\"", sleeve of 200"", ""url"": ""https://www.safcodental.com/catalog/product/view/id/42178/s/pure-100-cotton-non-woven-sponges-2-x-2-sleeve-of-200/""}, {""name"": ""Nitrilex Surpass nitrile gloves medium 300/box"", ""url"": ""https://www.safcodental.com/catalog/product/view/id/56425/s/nitrilex-surpass-nitrile-gloves-medium-300-box/""}]","EXAM,GLOVES,PPE25,CFG-900-S,CFG-900-M,CFG-900-L,CFG-900-XL",95761,,2026-04-30T04:33:57.503442+00:00,selectors
153,Pulse Latex,Innovative Healthcare,"DRBAV, 5380034, 538-0034, 5380035, 538-0035, 5380047, 538-0047, 5380054, 538-0054, 5380063, 538-0063",Dental Exam Gloves,Latex gloves,https://www.safcodental.com/product/pulse-trade-latex,$9.99,9.99,,In stock,Powder-free latex exam gloves. Finish provides superior gripping ability. Excellent donning properties and comfort. Textured whole hand finish Beaded cuff Chlorinated Ambidextrous 50μg or less of latex protein Natural color 100 gloves per box Order 10 boxes to purchase a case,,"https://www.safcodental.com/media/catalog/product/d/r/drbav.jpg?width=265&height=265&canvas=265,265&optimize=medium&fit=bounds","[""https://www.safcodental.com/media/catalog/product/d/r/drbav.jpg?width=265&height=265&canvas=265,265&optimize=medium&fit=bounds"", ""https://www.safcodental.com/media/catalog/product/d/r/drbav.jpg?width=75&height=75&canvas=75,75&optimize=medium&fit=bounds""]","[{""name"": ""CaviWipes regular 6\"" x 6-3/4\"" 160/can"", ""url"": ""https://www.safcodental.com/catalog/product/view/id/7330/s/caviwipes-regular-6-x-6-3-4-160-can/""}, {""name"": ""saliva ejectors clear body with blue tip 100/bag"", ""url"": ""https://www.safcodental.com/catalog/product/view/id/25393/s/saliva-ejectors-clear-body-with-blue-tip-100-bag/""}, {""name"": ""Safco lidocaine 2% and epinephrine 1:100,000 (red) 50/box"", ""url"": ""https://www.safcodental.com/catalog/product/view/id/61/s/safco-lidocaine-2-and-epinephrine-1-100-000-red-50-box/""}, {""name"": ""saliva ejectors white body with white tip 100/bag"", ""url"": ""https://www.safcodental.com/catalog/product/view/id/25396/s/saliva-ejectors-white-body-with-white-tip-100-bag/""}, {""name"": ""Safco DuraSoft latex gloves small 100/box"", ""url"": ""https://www.safcodental.com/catalog/product/view/id/50917/s/safco-durasoft-latex-gloves-small-100-box/""}, {""name"": ""Safco oral evacuators white 50/bag"", ""url"": ""https://www.safcodental.com/catalog/product/view/id/7198/s/safco-oral-evacuators-white-50-bag/""}, {""name"": ""Nitrilex Surpass nitrile gloves small 300/box"", ""url"": ""https://www.safcodental.com/catalog/product/view/id/56422/s/nitrilex-surpass-nitrile-gloves-small-300-box/""}, {""name"": ""Safco DuraSoft latex gloves medium 100/box"", ""url"": ""https://www.safcodental.com/catalog/product/view/id/50920/s/safco-durasoft-latex-gloves-medium-100-box/""}, {""name"": ""Pure 100% cotton non-woven sponges 2\"" x 2\"", sleeve of 200"", ""url"": ""https://www.safcodental.com/catalog/product/view/id/42178/s/pure-100-cotton-non-woven-sponges-2-x-2-sleeve-of-200/""}, {""name"": ""Nitrilex Surpass nitrile gloves medium 300/box"", ""url"": ""https://www.safcodental.com/catalog/product/view/id/56425/s/nitrilex-surpass-nitrile-gloves-medium-300-box/""}]","EXAM,GLOVES,PPE25,151050,151100,151200,151300,151350",95758,,2026-04-30T04:34:01.778680+00:00,selectors
154,MicroPro Textured,Dash,"DRBAT, 4680510, 468-0510, 4680526, 468-0526, 4680534, 468-0534",Dental Exam Gloves,Latex gloves,https://www.safcodental.com/product/micropro-textured,$12.49,12.49,,In stock,"Powder-free, form-fitting, latex exam gloves. Textured whole hand finish Beaded cuff Chlorinated Ambidextrous 50μg or less of latex protein Natural color 100 gloves per box Order 10 boxes to purchase a case",,"https://www.safcodental.com/media/catalog/product/d/r/drbat.jpg?width=265&height=265&canvas=265,265&optimize=medium&fit=bounds","[""https://www.safcodental.com/media/catalog/product/d/r/drbat.jpg?width=265&height=265&canvas=265,265&optimize=medium&fit=bounds"", ""https://www.safcodental.com/media/catalog/product/d/r/drbat.jpg?width=75&height=75&canvas=75,75&optimize=medium&fit=bounds""]","[{""name"": ""CaviWipes regular 6\"" x 6-3/4\"" 160/can"", ""url"": ""https://www.safcodental.com/catalog/product/view/id/7330/s/caviwipes-regular-6-x-6-3-4-160-can/""}, {""name"": ""saliva ejectors clear body with blue tip 100/bag"", ""url"": ""https://www.safcodental.com/catalog/product/view/id/25393/s/saliva-ejectors-clear-body-with-blue-tip-100-bag/""}, {""name"": ""Safco lidocaine 2% and epinephrine 1:100,000 (red) 50/box"", ""url"": ""https://www.safcodental.com/catalog/product/view/id/61/s/safco-lidocaine-2-and-epinephrine-1-100-000-red-50-box/""}, {""name"": ""saliva ejectors white body with white tip 100/bag"", ""url"": ""https://www.safcodental.com/catalog/product/view/id/25396/s/saliva-ejectors-white-body-with-white-tip-100-bag/""}, {""name"": ""Safco DuraSoft latex gloves small 100/box"", ""url"": ""https://www.safcodental.com/catalog/product/view/id/50917/s/safco-durasoft-latex-gloves-small-100-box/""}, {""name"": ""Safco oral evacuators white 50/bag"", ""url"": ""https://www.safcodental.com/catalog/product/view/id/7198/s/safco-oral-evacuators-white-50-bag/""}, {""name"": ""Nitrilex Surpass nitrile gloves small 300/box"", ""url"": ""https://www.safcodental.com/catalog/product/view/id/56422/s/nitrilex-surpass-nitrile-gloves-small-300-box/""}, {""name"": ""Safco DuraSoft latex gloves medium 100/box"", ""url"": ""https://www.safcodental.com/catalog/product/view/id/50920/s/safco-durasoft-latex-gloves-medium-100-box/""}, {""name"": ""Pure 100% cotton non-woven sponges 2\"" x 2\"", sleeve of 200"", ""url"": ""https://www.safcodental.com/catalog/product/view/id/42178/s/pure-100-cotton-non-woven-sponges-2-x-2-sleeve-of-200/""}, {""name"": ""Nitrilex Surpass nitrile gloves medium 300/box"", ""url"": ""https://www.safcodental.com/catalog/product/view/id/56425/s/nitrilex-surpass-nitrile-gloves-medium-300-box/""}]","EXAM,GLOVES,PPE25,TPF100S,TPF100M,TPF100L",95755,,2026-04-30T04:34:06.234860+00:00,selectors
155,AloePro,Dash,"DRBAD, 4680147, 468-0147, 4680158, 468-0158, 4680169, 468-0169, 4680173, 468-0173",Dental Exam Gloves,Latex gloves,https://www.safcodental.com/product/aloepro-trade,$15.49,15.49,,In stock,Powder-free latex exam gloves.,,"https://www.safcodental.com/media/catalog/product/d/r/drbad.jpg?width=265&height=265&canvas=265,265&optimize=medium&fit=bounds","[""https://www.safcodental.com/media/catalog/product/d/r/drbad.jpg?width=265&height=265&canvas=265,265&optimize=medium&fit=bounds"", ""https://www.safcodental.com/media/catalog/product/d/r/drbad.jpg?width=75&height=75&canvas=75,75&optimize=medium&fit=bounds""]","[{""name"": ""CaviWipes regular 6\"" x 6-3/4\"" 160/can"", ""url"": ""https://www.safcodental.com/catalog/product/view/id/7330/s/caviwipes-regular-6-x-6-3-4-160-can/""}, {""name"": ""saliva ejectors clear body with blue tip 100/bag"", ""url"": ""https://www.safcodental.com/catalog/product/view/id/25393/s/saliva-ejectors-clear-body-with-blue-tip-100-bag/""}, {""name"": ""Safco lidocaine 2% and epinephrine 1:100,000 (red) 50/box"", ""url"": ""https://www.safcodental.com/catalog/product/view/id/61/s/safco-lidocaine-2-and-epinephrine-1-100-000-red-50-box/""}, {""name"": ""saliva ejectors white body with white tip 100/bag"", ""url"": ""https://www.safcodental.com/catalog/product/view/id/25396/s/saliva-ejectors-white-body-with-white-tip-100-bag/""}, {""name"": ""Safco DuraSoft latex gloves small 100/box"", ""url"": ""https://www.safcodental.com/catalog/product/view/id/50917/s/safco-durasoft-latex-gloves-small-100-box/""}, {""name"": ""Safco oral evacuators white 50/bag"", ""url"": ""https://www.safcodental.com/catalog/product/view/id/7198/s/safco-oral-evacuators-white-50-bag/""}, {""name"": ""Nitrilex Surpass nitrile gloves small 300/box"", ""url"": ""https://www.safcodental.com/catalog/product/view/id/56422/s/nitrilex-surpass-nitrile-gloves-small-300-box/""}, {""name"": ""Safco DuraSoft latex gloves medium 100/box"", ""url"": ""https://www.safcodental.com/catalog/product/view/id/50920/s/safco-durasoft-latex-gloves-medium-100-box/""}, {""name"": ""Pure 100% cotton non-woven sponges 2\"" x 2\"", sleeve of 200"", ""url"": ""https://www.safcodental.com/catalog/product/view/id/42178/s/pure-100-cotton-non-woven-sponges-2-x-2-sleeve-of-200/""}, {""name"": ""Nitrilex Surpass nitrile gloves medium 300/box"", ""url"": ""https://www.safcodental.com/catalog/product/view/id/56425/s/nitrilex-surpass-nitrile-gloves-medium-300-box/""}]","EXAM,GLOVES,PPE25,AP100S,AP100M,AP100L,AP100XL",95737,,2026-04-30T04:34:10.601528+00:00,selectors
156,Wire glove box holder,Unimed,"6220102, 6220104, 6220106",Dental Exam Gloves,Glove Holder,https://www.safcodental.com/product/wire-glove-box-holder,$21.49,21.49,,In stock,"Three size options to hold 2, 3 or 4 glove boxes. 4"" depth can accommodate virtually any size glove box on the market. Steel construction with baked-on white finish. Includes wall mounting hardware.",,"https://www.safcodental.com/media/catalog/product/d/r/drvcd_lc.jpg?width=265&height=265&canvas=265,265&optimize=medium&fit=bounds","[""https://www.safcodental.com/media/catalog/product/d/r/drvcd_lc.jpg?width=265&height=265&canvas=265,265&optimize=medium&fit=bounds"", ""https://www.safcodental.com/media/catalog/product/d/r/drvcd_lc.jpg?width=75&height=75&canvas=75,75&optimize=medium&fit=bounds""]","[{""name"": ""CaviWipes regular 6\"" x 6-3/4\"" 160/can"", ""url"": ""https://www.safcodental.com/catalog/product/view/id/7330/s/caviwipes-regular-6-x-6-3-4-160-can/""}, {""name"": ""saliva ejectors clear body with blue tip 100/bag"", ""url"": ""https://www.safcodental.com/catalog/product/view/id/25393/s/saliva-ejectors-clear-body-with-blue-tip-100-bag/""}, {""name"": ""Safco lidocaine 2% and epinephrine 1:100,000 (red) 50/box"", ""url"": ""https://www.safcodental.com/catalog/product/view/id/61/s/safco-lidocaine-2-and-epinephrine-1-100-000-red-50-box/""}, {""name"": ""saliva ejectors white body with white tip 100/bag"", ""url"": ""https://www.safcodental.com/catalog/product/view/id/25396/s/saliva-ejectors-white-body-with-white-tip-100-bag/""}, {""name"": ""Safco DuraSoft latex gloves small 100/box"", ""url"": ""https://www.safcodental.com/catalog/product/view/id/50917/s/safco-durasoft-latex-gloves-small-100-box/""}, {""name"": ""Safco oral evacuators white 50/bag"", ""url"": ""https://www.safcodental.com/catalog/product/view/id/7198/s/safco-oral-evacuators-white-50-bag/""}, {""name"": ""Nitrilex Surpass nitrile gloves small 300/box"", ""url"": ""https://www.safcodental.com/catalog/product/view/id/56422/s/nitrilex-surpass-nitrile-gloves-small-300-box/""}, {""name"": ""Safco DuraSoft latex gloves medium 100/box"", ""url"": ""https://www.safcodental.com/catalog/product/view/id/50920/s/safco-durasoft-latex-gloves-medium-100-box/""}, {""name"": ""Pure 100% cotton non-woven sponges 2\"" x 2\"", sleeve of 200"", ""url"": ""https://www.safcodental.com/catalog/product/view/id/42178/s/pure-100-cotton-non-woven-sponges-2-x-2-sleeve-of-200/""}, {""name"": ""Nitrilex Surpass nitrile gloves medium 300/box"", ""url"": ""https://www.safcodental.com/catalog/product/view/id/56425/s/nitrilex-surpass-nitrile-gloves-medium-300-box/""}]","BHDH004040,BHTH004050,BHQH004060",95716,,2026-04-30T04:34:14.908652+00:00,selectors
157,Nuvo™,,"DRDAE, 4680227, 468-0227, 4680235, 468-0235, 4680243, 468-0243, 4680251, 468-0251",Dental Exam Gloves,Chloroprene gloves,https://www.safcodental.com/product/nuvo-trade-drdae,$7.49,7.49,,In stock,Powder-free vinyl exam gloves.,,"https://www.safcodental.com/media/catalog/product/d/r/drdae.jpg?width=265&height=265&canvas=265,265&optimize=medium&fit=bounds","[""https://www.safcodental.com/media/catalog/product/d/r/drdae.jpg?width=265&height=265&canvas=265,265&optimize=medium&fit=bounds"", ""https://www.safcodental.com/media/catalog/product/d/r/drdae.jpg?width=75&height=75&canvas=75,75&optimize=medium&fit=bounds""]","[{""name"": ""CaviWipes regular 6\"" x 6-3/4\"" 160/can"", ""url"": ""https://www.safcodental.com/catalog/product/view/id/7330/s/caviwipes-regular-6-x-6-3-4-160-can/""}, {""name"": ""saliva ejectors clear body with blue tip 100/bag"", ""url"": ""https://www.safcodental.com/catalog/product/view/id/25393/s/saliva-ejectors-clear-body-with-blue-tip-100-bag/""}, {""name"": ""Safco lidocaine 2% and epinephrine 1:100,000 (red) 50/box"", ""url"": ""https://www.safcodental.com/catalog/product/view/id/61/s/safco-lidocaine-2-and-epinephrine-1-100-000-red-50-box/""}, {""name"": ""saliva ejectors white body with white tip 100/bag"", ""url"": ""https://www.safcodental.com/catalog/product/view/id/25396/s/saliva-ejectors-white-body-with-white-tip-100-bag/""}, {""name"": ""Safco DuraSoft latex gloves small 100/box"", ""url"": ""https://www.safcodental.com/catalog/product/view/id/50917/s/safco-durasoft-latex-gloves-small-100-box/""}, {""name"": ""Safco oral evacuators white 50/bag"", ""url"": ""https://www.safcodental.com/catalog/product/view/id/7198/s/safco-oral-evacuators-white-50-bag/""}, {""name"": ""Nitrilex Surpass nitrile gloves small 300/box"", ""url"": ""https://www.safcodental.com/catalog/product/view/id/56422/s/nitrilex-surpass-nitrile-gloves-small-300-box/""}, {""name"": ""Safco DuraSoft latex gloves medium 100/box"", ""url"": ""https://www.safcodental.com/catalog/product/view/id/50920/s/safco-durasoft-latex-gloves-medium-100-box/""}, {""name"": ""Pure 100% cotton non-woven sponges 2\"" x 2\"", sleeve of 200"", ""url"": ""https://www.safcodental.com/catalog/product/view/id/42178/s/pure-100-cotton-non-woven-sponges-2-x-2-sleeve-of-200/""}, {""name"": ""Nitrilex Surpass nitrile gloves medium 300/box"", ""url"": ""https://www.safcodental.com/catalog/product/view/id/56425/s/nitrilex-surpass-nitrile-gloves-medium-300-box/""}]","PPE,PPE25,NV100S,NV100M,NV100L,NV100XL",96019,,2026-04-30T04:34:19.249575+00:00,selectors
